dataset,context_set,feature_set,model,test_round,accuracy,precision,recall,f1_score
dstc2,next,9-[2+1.3.4] w/ similarity,LR.pen=l1.C=1.000000,0,0.877408056042,0.803635464777,0.758906235374,0.777390035348
dstc2,next,9-[2+1.3.4] w/ similarity,LR.pen=l1.C=1.000000,1,0.84238178634,0.803923306095,0.682957668105,0.705888888889
dstc3,next,9-[2+1.3.4] w/ similarity,LR.pen=l1.C=1.000000,0,0.826013513514,0.763165211466,0.709624131248,0.730786641929
dstc3,next,9-[2+1.3.4] w/ similarity,LR.pen=l1.C=1.000000,1,0.810810810811,0.726222527473,0.671399929889,0.691794125806
family,next,9-[2+1.3.4] w/ similarity,LR.pen=l1.C=1.000000,0,0.886363636364,0.761933198381,0.716178372352,0.737110536522
family,next,9-[2+1.3.4] w/ similarity,LR.pen=l1.C=1.000000,1,0.889204545455,0.802918471368,0.726611792394,0.747559961485
ghome,next,9-[2+1.3.4] w/ similarity,LR.pen=l1.C=1.000000,0,0.88122605364,0.654646599299,0.576290446841,0.608628667153
ghome,next,9-[2+1.3.4] w/ similarity,LR.pen=l1.C=1.000000,1,0.890804597701,0.705535062862,0.620668549906,0.65623453927
