dataset,context_set,feature_set,model,test_round,accuracy,precision,recall,f1_score
family,next,9-[2+1.3.4] w/ similarity,LR.pen=l1.C=1.000000,0,0.886363636364,0.761933198381,0.716178372352,0.737110536522
family,next,9-[2+1.3.4] w/ similarity,LR.pen=l1.C=1.000000,1,0.889204545455,0.802918471368,0.726611792394,0.747559961485
