dataset,context_set,feature_set,model,test_round,accuracy,precision,recall,f1_score
ghome,next,9-[2+1.3.4] w/ similarity,LR.pen=l1.C=1.000000,0,0.88122605364,0.654646599299,0.576290446841,0.608628667153
ghome,next,9-[2+1.3.4] w/ similarity,LR.pen=l1.C=1.000000,1,0.890804597701,0.705535062862,0.620668549906,0.65623453927
