dataset,A-precision,A-recall,A-f1-score,A-support,C-precision,C-recall,C-f1-score,C-support,F-precision,F-recall,F-f1-score,F-support,R-precision,R-recall,R-f1-score,R-support
dstc2,0.590810,0.155179,0.235099,14.200000,0.713002,0.753581,0.732384,164.500000,0.852325,0.907048,0.878724,268.300000,0.594259,0.518012,0.552895,125.500000
dstc3,0.633563,0.180286,0.277146,20.800000,0.689877,0.768132,0.726656,169.300000,0.841020,0.945154,0.889957,281.200000,0.541475,0.366911,0.436897,122.100000
family,0.480846,0.245461,0.319420,23.200000,0.672006,0.627407,0.646031,27.000000,0.900468,0.962648,0.930414,250.100000,0.600972,0.546799,0.569212,52.700000
ghome,0.562013,0.450344,0.498344,59.500000,0.275859,0.108810,0.150526,12.200000,0.915703,0.983753,0.948460,396.600000,0.552843,0.446488,0.492028,55.800000
all,0.566808,0.257817,0.332502,29.425000,0.587686,0.564482,0.563899,93.250000,0.877379,0.949651,0.911889,299.050000,0.572387,0.469552,0.512758,89.025000
