dataset,context_set,feature_set,model,accuracy,precision,recall,f1_score
dstc2,next,5-lda,LR.pen=l1.C=1.000000,0.759018128784,0.687598904499,0.583454794372,0.599775393857
dstc3,next,5-lda,LR.pen=l1.C=1.000000,0.74881745607,0.676483963104,0.565120494731,0.582664049155
family,next,5-lda,LR.pen=l1.C=1.000000,0.827708751883,0.663573167808,0.595578865708,0.616269185796
ghome,next,5-lda,LR.pen=l1.C=1.000000,0.845657797252,0.576604591137,0.497348685409,0.522339230578
