dataset,context_set,feature_set,model,test_round,accuracy,precision,recall,f1_score
dstc2,next,11-[6+1.3.4] w/ similarity,LR.pen=l1.C=1.000000,0,0.854640980736,0.786167825602,0.720494305476,0.743944366517
dstc2,next,11-[6+1.3.4] w/ similarity,LR.pen=l1.C=1.000000,1,0.802101576182,0.749816241552,0.696407509491,0.716593122627
dstc3,next,11-[6+1.3.4] w/ similarity,LR.pen=l1.C=1.000000,0,0.797297297297,0.750960734296,0.697914512731,0.719300873307
dstc3,next,11-[6+1.3.4] w/ similarity,LR.pen=l1.C=1.000000,1,0.773648648649,0.701324264097,0.666282342693,0.680857739164
family,next,11-[6+1.3.4] w/ similarity,LR.pen=l1.C=1.000000,0,0.857954545455,0.659201835778,0.628188281927,0.63724749531
family,next,11-[6+1.3.4] w/ similarity,LR.pen=l1.C=1.000000,1,0.880681818182,0.787489177489,0.70167527561,0.724787240683
ghome,next,11-[6+1.3.4] w/ similarity,LR.pen=l1.C=1.000000,0,0.892720306513,0.706355832028,0.59593605547,0.613677720788
ghome,next,11-[6+1.3.4] w/ similarity,LR.pen=l1.C=1.000000,1,0.883141762452,0.813606894371,0.58824901558,0.603593154667
