dataset,context_set,feature_set,model,test_round,accuracy,precision,recall,f1_score
dstc3,next,11-[6+1.3.4] w/ similarity,LR.pen=l1.C=1.000000,0,0.797297297297,0.750960734296,0.697914512731,0.719300873307
dstc3,next,11-[6+1.3.4] w/ similarity,LR.pen=l1.C=1.000000,1,0.773648648649,0.701324264097,0.666282342693,0.680857739164
