dataset,context_set,feature_set,model,test_round,accuracy,precision,recall,f1_score
family,next,11-[6+1.3.4] w/ similarity,LR.pen=l1.C=1.000000,0,0.857954545455,0.659201835778,0.628188281927,0.63724749531
family,next,11-[6+1.3.4] w/ similarity,LR.pen=l1.C=1.000000,1,0.880681818182,0.787489177489,0.70167527561,0.724787240683
