dataset,context_set,feature_set,model,test_round,accuracy,precision,recall,f1_score
ghome,next,11-[6+1.3.4] w/ similarity,LR.pen=l1.C=1.000000,0,0.892720306513,0.706355832028,0.59593605547,0.613677720788
ghome,next,11-[6+1.3.4] w/ similarity,LR.pen=l1.C=1.000000,1,0.883141762452,0.813606894371,0.58824901558,0.603593154667
