dataset,context_set,feature_set,model,accuracy,precision,recall,f1_score
dstc2,last,14-[1.3.4],LR.pen=l1.C=1.000000,0.629398815323,0.480366840467,0.463793131836,0.465239405734
dstc3,last,14-[1.3.4],LR.pen=l1.C=1.000000,0.596796784408,0.472939259211,0.448065847646,0.453499972046
family,last,14-[1.3.4],LR.pen=l1.C=1.000000,0.727882031642,0.478151653496,0.348045355563,0.364472877152
ghome,last,14-[1.3.4],LR.pen=l1.C=1.000000,0.753564488474,0.431602921362,0.327752482184,0.344099482537
