dataset,context_set,feature_set,model,accuracy,precision,recall,f1_score
dstc2,next,11-[6+1.3.4],LR.pen=l1.C=2.000000,0.82143613683,0.722421398926,0.694506198362,0.703940620427
dstc3,next,11-[6+1.3.4],LR.pen=l1.C=2.000000,0.799084492909,0.715177681027,0.681800321701,0.694605524187
family,next,11-[6+1.3.4],LR.pen=l1.C=2.000000,0.826245605224,0.645601700349,0.618184533169,0.628656235939
ghome,next,11-[6+1.3.4],LR.pen=l1.C=2.000000,0.861554793506,0.615707063084,0.599899953763,0.604849855642
