dataset,context_set,feature_set,model,accuracy,precision,recall,f1_score
dstc2,next,12-[7+1.3.4],LR.pen=l1.C=1.000000,0.828890456238,0.797182646835,0.692910340752,0.719782137143
dstc3,next,12-[7+1.3.4],LR.pen=l1.C=1.000000,0.815701654625,0.766347517591,0.686541308951,0.712117169913
family,next,12-[7+1.3.4],LR.pen=l1.C=1.000000,0.881562029131,0.773560677629,0.703216140802,0.728740698514
ghome,next,12-[7+1.3.4],LR.pen=l1.C=1.000000,0.888083867827,0.715424244808,0.608175915566,0.639774536083
