dataset,context_set,feature_set,model,accuracy,precision,recall,f1_score
dstc2,all,14-[1.3.4],LR.pen=l1.C=1.000000,0.771545041033,0.703369973988,0.618909058158,0.638461693622
dstc3,all,14-[1.3.4],LR.pen=l1.C=1.000000,0.746094237802,0.686091026695,0.601174810008,0.623894662434
family,all,14-[1.3.4],LR.pen=l1.C=1.000000,0.857644399799,0.705136809453,0.628448222312,0.636786877459
ghome,all,14-[1.3.4],LR.pen=l1.C=1.000000,0.860060752313,0.621713837042,0.523131723801,0.53931531766
