dataset,context_set,feature_set,model,accuracy,precision,recall,f1_score
dstc2,all,10-[5+1.3.4],LR.pen=l1.C=1.000000,0.819935386694,0.75805735851,0.672409140967,0.694449521021
dstc3,all,10-[5+1.3.4],LR.pen=l1.C=1.000000,0.793455088752,0.732511390494,0.650074462852,0.670994989562
family,all,10-[5+1.3.4],LR.pen=l1.C=1.000000,0.866085195881,0.735633562202,0.647696792085,0.65966095706
ghome,all,10-[5+1.3.4],LR.pen=l1.C=1.000000,0.88797781588,0.661181358415,0.57238567447,0.596452668062
