dataset,context_set,feature_set,model,accuracy,precision,recall,f1_score
dstc2,all,4-syntactic,LR.pen=l1.C=1.000000,0.757277574222,0.654003471171,0.612848196294,0.625382607414
dstc3,all,4-syntactic,LR.pen=l1.C=1.000000,0.74795234591,0.638255904055,0.60231833197,0.613767425618
family,all,4-syntactic,LR.pen=l1.C=1.000000,0.850450464591,0.687345167693,0.624013363044,0.644859863662
ghome,all,4-syntactic,LR.pen=l1.C=1.000000,0.851677356534,0.570940998949,0.520288313156,0.535778256857
