dataset,model,accuracy,precision,recall,f1_score,training_time,test_time
dstc2,LR.pen=l1.C=1,0.898070393104,0.898252852085,0.89809317657,0.898060421444,17.4876836061,0.0559231996536
dstc3,LR.pen=l1.C=1,0.885515398363,0.885906182247,0.885510764117,0.8854827898,19.6715669632,0.121874332428
ghome,LR.pen=l1.C=1,0.898648431215,0.818957488372,0.707863130623,0.745271108854,95.423523736,0.355948257446
family,LR.pen=l1.C=1,0.935674705909,0.928257554309,0.90020112846,0.912551083471,57.1093432665,0.324810600281
