dataset,model,accuracy,precision,recall,f1_score,training_time,test_time
dstc3,LR.pen=l1.C=1,0.885515398363,0.885906182247,0.885510764117,0.8854827898,19.6715669632,0.121874332428
