dataset,A-precision,A-recall,A-f1-score,A-support,C-precision,C-recall,C-f1-score,C-support,F-precision,F-recall,F-f1-score,F-support,R-precision,R-recall,R-f1-score,R-support
dstc2,0.642675,0.279464,0.380766,14.200000,0.721986,0.759900,0.740167,164.500000,0.858653,0.909665,0.883330,268.300000,0.633359,0.547797,0.586994,125.500000
dstc3,0.533665,0.318571,0.392152,20.800000,0.726436,0.773455,0.748934,169.300000,0.860476,0.937841,0.897447,281.200000,0.602225,0.463051,0.522861,122.100000
family,0.503533,0.372661,0.423767,23.200000,0.670520,0.544444,0.597581,27.000000,0.923709,0.981767,0.951814,250.100000,0.701053,0.635202,0.665198,52.700000
ghome,0.569537,0.553099,0.559998,59.500000,0.312614,0.150000,0.194307,12.200000,0.939123,0.974726,0.956559,396.600000,0.589447,0.511469,0.545862,55.800000
all,0.562353,0.380949,0.439171,29.425000,0.607889,0.556950,0.570247,93.250000,0.895490,0.951000,0.922287,299.050000,0.631521,0.539380,0.580229,89.025000
