dataset,context_set,feature_set,model,accuracy,precision,recall,f1_score
dstc2,next,4-syntactic,LR.pen=l1.C=1.000000,0.771671637687,0.714168332528,0.624206761404,0.64781421771
dstc3,next,4-syntactic,LR.pen=l1.C=1.000000,0.771513357417,0.680700495441,0.623229607642,0.640348535268
family,next,4-syntactic,LR.pen=l1.C=1.000000,0.856515883978,0.699703735248,0.633518682684,0.659589882365
ghome,next,4-syntactic,LR.pen=l1.C=1.000000,0.858392498042,0.602680407151,0.547323276693,0.564181663907
