dataset,context_set,feature_set,model,accuracy,precision,recall,f1_score
dstc2,next,13-[8+1.3.4],LR.pen=l1.C=1.000000,0.811887413854,0.752579575613,0.675926668571,0.697463940216
dstc3,next,13-[8+1.3.4],LR.pen=l1.C=1.000000,0.78911180983,0.721451698126,0.669908848444,0.687670205435
family,next,13-[8+1.3.4],LR.pen=l1.C=1.000000,0.873013874937,0.755231413298,0.662555717415,0.683998345349
ghome,next,13-[8+1.3.4],LR.pen=l1.C=1.000000,0.893266442285,0.694639873499,0.594434619022,0.61314599637
