dataset,A-precision,A-recall,A-f1-score,A-support,C-precision,C-recall,C-f1-score,C-support,F-precision,F-recall,F-f1-score,F-support,R-precision,R-recall,R-f1-score,R-support
dstc2,0.686540,0.316607,0.424921,14.200000,0.763923,0.790395,0.776701,164.500000,0.910023,0.929340,0.919512,268.300000,0.762255,0.737600,0.749409,125.500000
dstc3,0.770997,0.389286,0.509879,20.800000,0.759408,0.781737,0.770161,169.300000,0.886892,0.935915,0.910664,281.200000,0.671885,0.613760,0.641147,122.100000
family,0.640549,0.266470,0.370990,23.200000,0.688360,0.754074,0.717603,27.000000,0.930757,0.993682,0.961138,250.100000,0.725767,0.640156,0.679189,52.700000
ghome,0.745856,0.697325,0.719810,59.500000,0.436857,0.079048,0.129169,12.200000,0.941733,0.991826,0.966106,396.600000,0.733387,0.637177,0.679954,55.800000
all,0.710985,0.417422,0.506400,29.425000,0.662137,0.601313,0.598409,93.250000,0.917351,0.962691,0.939355,299.050000,0.723323,0.657173,0.687425,89.025000
