dataset,context_set,feature_set,model,test_round,accuracy,precision,recall,f1_score
dstc2,next,13-[8+1.3.4] w/ similarity,LR.pen=l1.C=1.000000,0,0.861646234676,0.840373474565,0.726823755786,0.759305623076
dstc2,next,13-[8+1.3.4] w/ similarity,LR.pen=l1.C=1.000000,1,0.809106830123,0.744715992137,0.681323937802,0.703554901073
dstc3,next,13-[8+1.3.4] w/ similarity,LR.pen=l1.C=1.000000,0,0.788851351351,0.754464460574,0.700988602537,0.72236097595
dstc3,next,13-[8+1.3.4] w/ similarity,LR.pen=l1.C=1.000000,1,0.782094594595,0.698900279999,0.686409173617,0.692269824739
family,next,13-[8+1.3.4] w/ similarity,LR.pen=l1.C=1.000000,0,0.869318181818,0.697529644269,0.647797163384,0.661993435506
family,next,13-[8+1.3.4] w/ similarity,LR.pen=l1.C=1.000000,1,0.880681818182,0.801974538266,0.69915533259,0.720935207256
ghome,next,13-[8+1.3.4] w/ similarity,LR.pen=l1.C=1.000000,0,0.877394636015,0.724473269907,0.59398219483,0.620840273419
ghome,next,13-[8+1.3.4] w/ similarity,LR.pen=l1.C=1.000000,1,0.88122605364,0.567317393059,0.556905923643,0.561667195649
