dataset,context_set,feature_set,model,test_round,accuracy,precision,recall,f1_score
ghome,next,13-[8+1.3.4] w/ similarity,LR.pen=l1.C=1.000000,0,0.877394636015,0.724473269907,0.59398219483,0.620840273419
ghome,next,13-[8+1.3.4] w/ similarity,LR.pen=l1.C=1.000000,1,0.88122605364,0.567317393059,0.556905923643,0.561667195649
