dataset,context_set,feature_set,model,accuracy,precision,recall,f1_score
dstc2,next,13-[8+1.3.4],LR.pen=l1.C=1.000000,0.835376532399,0.792544733351,0.704073846794,0.731430262074
dstc3,next,13-[8+1.3.4],LR.pen=l1.C=1.000000,0.785472972973,0.726682370286,0.693698888077,0.707315400345
family,next,13-[8+1.3.4],LR.pen=l1.C=1.000000,0.875,0.749752091268,0.673476247987,0.691464321381
ghome,next,13-[8+1.3.4],LR.pen=l1.C=1.000000,0.879310344828,0.645895331483,0.575444059236,0.591253734534
