dataset,A-precision,A-recall,A-f1-score,A-support,C-precision,C-recall,C-f1-score,C-support,F-precision,F-recall,F-f1-score,F-support,R-precision,R-recall,R-f1-score,R-support
dstc2,0.726159,0.288036,0.399614,14.200000,0.750167,0.782504,0.765774,164.500000,0.900675,0.928889,0.914483,268.300000,0.765365,0.721095,0.742259,125.500000
dstc3,0.689655,0.364714,0.467941,20.800000,0.754679,0.767308,0.760659,169.300000,0.889121,0.924255,0.906233,281.200000,0.644559,0.620788,0.632024,122.100000
family,0.722055,0.308452,0.425909,23.200000,0.713647,0.678519,0.693287,27.000000,0.934069,0.987205,0.959844,250.100000,0.699050,0.700306,0.698824,52.700000
ghome,0.678618,0.743528,0.708516,59.500000,0.250000,0.047381,0.078241,12.200000,0.944209,0.987437,0.965315,396.600000,0.731279,0.557004,0.630179,55.800000
all,0.704122,0.426182,0.500495,29.425000,0.617123,0.568928,0.574490,93.250000,0.917019,0.956946,0.936469,299.050000,0.710063,0.649798,0.675821,89.025000
