dataset,context_set,feature_set,model,accuracy,precision,recall,f1_score
dstc2,current,17-[7+1.2.3.4],LR.pen=l1.C=1.000000,0.64684375056,0.515430824649,0.473167698174,0.476951909778
dstc3,current,17-[7+1.2.3.4],LR.pen=l1.C=1.000000,0.623165752386,0.509997817549,0.465969013288,0.473645458843
family,current,17-[7+1.2.3.4],LR.pen=l1.C=1.000000,0.731220178302,0.481127570085,0.370039259115,0.390506041662
ghome,current,17-[7+1.2.3.4],LR.pen=l1.C=1.000000,0.765611015855,0.493263160497,0.356412698801,0.381942299157
