dataset,context_set,feature_set,model,accuracy,precision,recall,f1_score
dstc2,current,16-[6+1.2.3.4],LR.pen=l1.C=1.000000,0.648230456119,0.515006647899,0.475244183814,0.47972285722
dstc3,current,16-[6+1.2.3.4],LR.pen=l1.C=1.000000,0.624206025332,0.516175380982,0.467492516376,0.475709495183
family,current,16-[6+1.2.3.4],LR.pen=l1.C=1.000000,0.738126883476,0.497393003779,0.374999304433,0.397534914346
ghome,current,16-[6+1.2.3.4],LR.pen=l1.C=1.000000,0.77272708029,0.527244635875,0.373784095272,0.40353204771
