dataset,context_set,feature_set,model,accuracy,precision,recall,f1_score
dstc2,current,2-lexical,LR.pen=l1.C=1.000000,0.585896845843,0.414091576459,0.404206710171,0.399823177911
dstc3,current,2-lexical,LR.pen=l1.C=1.000000,0.584492239765,0.438234936862,0.420204135822,0.414904057642
family,current,2-lexical,LR.pen=l1.C=1.000000,0.701233990457,0.417869577948,0.340763681549,0.355099168548
ghome,current,2-lexical,LR.pen=l1.C=1.000000,0.758167904998,0.425440908184,0.348824640925,0.365699571291
