dataset,context_set,feature_set,model,accuracy,precision,recall,f1_score
dstc2,all,5-lda,LR.pen=l1.C=1.000000,0.824028080788,0.74555458845,0.669453626686,0.688606717662
dstc3,all,5-lda,LR.pen=l1.C=1.000000,0.79132358844,0.710243494793,0.631678514526,0.651334586156
family,all,5-lda,LR.pen=l1.C=1.000000,0.82323581115,0.646379540915,0.594751778501,0.61238252774
ghome,all,5-lda,LR.pen=l1.C=1.000000,0.861466311043,0.622363347352,0.557323744445,0.580736616765
