dataset,A-precision,A-recall,A-f1-score,A-support,C-precision,C-recall,C-f1-score,C-support,F-precision,F-recall,F-f1-score,F-support,R-precision,R-recall,R-f1-score,R-support
dstc2,0.667473,0.204464,0.298667,14.200000,0.763486,0.801535,0.781707,164.500000,0.889015,0.926589,0.907300,268.300000,0.761687,0.700683,0.729323,125.500000
dstc3,0.613770,0.186714,0.281786,20.800000,0.756727,0.807231,0.780866,169.300000,0.855767,0.931360,0.891851,281.200000,0.677311,0.555119,0.609791,122.100000
family,0.504923,0.271339,0.346897,23.200000,0.689911,0.632593,0.657104,27.000000,0.903103,0.961689,0.931375,250.100000,0.634903,0.588879,0.608014,52.700000
ghome,0.691615,0.548088,0.610214,59.500000,0.271238,0.097381,0.137709,12.200000,0.919478,0.977902,0.947752,396.600000,0.668546,0.604179,0.633337,55.800000
all,0.619445,0.302651,0.384391,29.425000,0.620341,0.584685,0.589347,93.250000,0.891841,0.949385,0.919570,299.050000,0.685612,0.612215,0.645116,89.025000
