dataset,context_set,feature_set,model,accuracy,precision,recall,f1_score
dstc2,next,9-[2+1.3.4],LR.pen=l1.C=1.000000,0.766993359354,0.690104190552,0.563173333617,0.577270059356
dstc3,next,9-[2+1.3.4],LR.pen=l1.C=1.000000,0.780356903934,0.793479079827,0.600036629942,0.625753560068
family,next,9-[2+1.3.4],LR.pen=l1.C=1.000000,0.809040369161,0.717376529192,0.553934024272,0.58718473654
ghome,next,9-[2+1.3.4],LR.pen=l1.C=1.000000,0.880658538134,0.685536364924,0.552375024361,0.587318885429
