dataset,context_set,feature_set,model,accuracy,precision,recall,f1_score
dstc2,current,10-[5+1.3.4],LR.pen=l1.C=1.000000,0.652394995906,0.511455303366,0.4728443384,0.475190042749
dstc3,current,10-[5+1.3.4],LR.pen=l1.C=1.000000,0.630947952903,0.529272060945,0.470485564301,0.479136429922
family,current,10-[5+1.3.4],LR.pen=l1.C=1.000000,0.732426230537,0.488500491063,0.389465810206,0.410311856729
ghome,current,10-[5+1.3.4],LR.pen=l1.C=1.000000,0.75951038293,0.468166863694,0.362600784803,0.38615153359
