dataset,context_set,feature_set,model,test_round,accuracy,precision,recall,f1_score
dstc2,next,12-[7+1.3.4] w/ similarity,LR.pen=l1.C=1.000000,0,0.844133099825,0.787527849167,0.694295881221,0.721017216364
dstc2,next,12-[7+1.3.4] w/ similarity,LR.pen=l1.C=1.000000,1,0.802101576182,0.663880273955,0.612377528733,0.616788756849
dstc3,next,12-[7+1.3.4] w/ similarity,LR.pen=l1.C=1.000000,0,0.817567567568,0.754136118754,0.701697230834,0.722493937355
dstc3,next,12-[7+1.3.4] w/ similarity,LR.pen=l1.C=1.000000,1,0.804054054054,0.677836026755,0.642321289072,0.655394044716
family,next,12-[7+1.3.4] w/ similarity,LR.pen=l1.C=1.000000,0,0.826704545455,0.641098214287,0.620465688096,0.628333448932
family,next,12-[7+1.3.4] w/ similarity,LR.pen=l1.C=1.000000,1,0.852272727273,0.704688853636,0.667541372476,0.681703143612
ghome,next,12-[7+1.3.4] w/ similarity,LR.pen=l1.C=1.000000,0,0.862068965517,0.629286203674,0.576264766307,0.595421773942
ghome,next,12-[7+1.3.4] w/ similarity,LR.pen=l1.C=1.000000,1,0.867816091954,0.660314927858,0.622168721109,0.639759766775
