dataset,context_set,feature_set,model,test_round,accuracy,precision,recall,f1_score
family,next,12-[7+1.3.4] w/ similarity,LR.pen=l1.C=1.000000,0,0.826704545455,0.641098214287,0.620465688096,0.628333448932
family,next,12-[7+1.3.4] w/ similarity,LR.pen=l1.C=1.000000,1,0.852272727273,0.704688853636,0.667541372476,0.681703143612
