dataset,context_set,feature_set,model,accuracy,precision,recall,f1_score
dstc2,next,12-[7+1.3.4],LR.pen=l1.C=1.000000,0.823117338004,0.725704061561,0.653336704977,0.668902986607
dstc3,next,12-[7+1.3.4],LR.pen=l1.C=1.000000,0.810810810811,0.715986072755,0.672009259953,0.688943991036
family,next,12-[7+1.3.4],LR.pen=l1.C=1.000000,0.839488636364,0.672893533961,0.644003530286,0.655018296272
ghome,next,12-[7+1.3.4],LR.pen=l1.C=1.000000,0.864942528736,0.644800565766,0.599216743708,0.617590770359
