dataset,A-precision,A-recall,A-f1-score,A-support,C-precision,C-recall,C-f1-score,C-support,F-precision,F-recall,F-f1-score,F-support,R-precision,R-recall,R-f1-score,R-support
dstc2,0.577656,0.359286,0.432740,14.200000,0.757268,0.763448,0.759988,164.500000,0.903415,0.921361,0.912207,268.300000,0.746202,0.736782,0.741042,125.500000
dstc3,0.625594,0.453286,0.519851,20.800000,0.746622,0.742854,0.744483,169.300000,0.891378,0.920200,0.905473,281.200000,0.619004,0.604751,0.611424,122.100000
family,0.581403,0.461043,0.508273,23.200000,0.675323,0.635556,0.651719,27.000000,0.936778,0.966971,0.951585,250.100000,0.680896,0.652823,0.665123,52.700000
ghome,0.691343,0.669687,0.678630,59.500000,0.338516,0.163571,0.210295,12.200000,0.952033,0.976491,0.964063,396.600000,0.666004,0.639440,0.650835,55.800000
all,0.618999,0.485826,0.534874,29.425000,0.629432,0.576357,0.591621,93.250000,0.920901,0.946256,0.933332,299.050000,0.678026,0.658449,0.667106,89.025000
