dataset,context_set,feature_set,model,accuracy,precision,recall,f1_score
dstc2,current,4-syntactic,LR.pen=l1.C=1.000000,0.583353376807,0.414060258193,0.413472016019,0.397671080537
dstc3,current,4-syntactic,LR.pen=l1.C=1.000000,0.5627641379,0.453143956927,0.393073109115,0.379164630014
family,current,4-syntactic,LR.pen=l1.C=1.000000,0.719690796082,0.409587617374,0.30692686022,0.305713687711
ghome,current,4-syntactic,LR.pen=l1.C=1.000000,0.75921572363,0.431481587322,0.303161166136,0.311417936043
