dataset,context_set,feature_set,model,accuracy,precision,recall,f1_score
dstc2,current,16-[6+1.2.3.4],LR.pen=l1.C=1.000000,0.79183523308,0.672531866637,0.620084690382,0.632702897187
dstc3,current,16-[6+1.2.3.4],LR.pen=l1.C=1.000000,0.77865990991,0.67770476024,0.610687094174,0.62729080451
family,current,16-[6+1.2.3.4],LR.pen=l1.C=1.000000,0.87784687343,0.758250494605,0.675590040167,0.696782209514
ghome,current,16-[6+1.2.3.4],LR.pen=l1.C=1.000000,0.890291484092,0.681794344402,0.592049552303,0.616724719146
