dataset,context_set,feature_set,model,accuracy,precision,recall,f1_score
dstc2,last,11-[6+1.3.4],LR.pen=l1.C=1.000000,0.62989187283,0.475759582027,0.463280141877,0.464383488707
dstc3,last,11-[6+1.3.4],LR.pen=l1.C=1.000000,0.597589421104,0.478340780413,0.450024080638,0.455723574241
family,last,11-[6+1.3.4],LR.pen=l1.C=1.000000,0.731221747865,0.485320235354,0.356234372975,0.37490362285
ghome,last,11-[6+1.3.4],LR.pen=l1.C=1.000000,0.761384814039,0.46594974629,0.35002520487,0.371264997108
