dataset,context_set,feature_set,model,accuracy,precision,recall,f1_score
dstc2,next,12-[7+1.3.4],LR.pen=l1.C=1.000000,0.821771097948,0.736580623407,0.691408535351,0.706577519817
dstc3,next,12-[7+1.3.4],LR.pen=l1.C=1.000000,0.803843323522,0.717145828699,0.681162193166,0.694422226338
family,next,12-[7+1.3.4],LR.pen=l1.C=1.000000,0.855845052737,0.700221311758,0.672973198848,0.682278681763
ghome,next,12-[7+1.3.4],LR.pen=l1.C=1.000000,0.87712177981,0.666464254213,0.593352107958,0.610516506962
