dataset,context_set,feature_set,model,test_round,accuracy,precision,recall,f1_score
dstc2,next,7-d2v w/ similarity,LR.pen=l1.C=1.000000,0,0.754816112084,0.536609719229,0.543819439388,0.539133046752
dstc3,next,7-d2v w/ similarity,LR.pen=l1.C=1.000000,0,0.760135135135,0.784776297184,0.553641749306,0.565058709857
family,next,7-d2v w/ similarity,LR.pen=l1.C=1.000000,0,0.792613636364,0.515900383142,0.479042735043,0.486766034327
ghome,next,7-d2v w/ similarity,LR.pen=l1.C=1.000000,0,0.846743295019,0.543274853801,0.467351480911,0.495166720973
