dataset,context_set,feature_set,model,accuracy,precision,recall,f1_score
dstc2,next,12-[7+1.3.4],LR.pen=l1.C=1.000000,0.812099304854,0.742754084366,0.665690172845,0.686010864729
dstc3,next,12-[7+1.3.4],LR.pen=l1.C=1.000000,0.802471456605,0.731595865814,0.666925730209,0.687828551564
family,next,12-[7+1.3.4],LR.pen=l1.C=1.000000,0.826813787042,0.657512010375,0.621779941188,0.634605225914
ghome,next,12-[7+1.3.4],LR.pen=l1.C=1.000000,0.873760504646,0.64919272312,0.598812650585,0.616942494994
