dataset,context_set,feature_set,model,test_round,accuracy,precision,recall,f1_score
dstc2,next,13-[8+1.3.4] w/ similarity,LR.pen=l1.C=1.000000,0,0.837127845884,0.772234487606,0.741813068802,0.754961694548
dstc2,next,13-[8+1.3.4] w/ similarity,LR.pen=l1.C=1.000000,1,0.807355516637,0.793724601687,0.681574210827,0.713694912123
dstc3,next,13-[8+1.3.4] w/ similarity,LR.pen=l1.C=1.000000,0,0.788851351351,0.706414994443,0.709159860661,0.706854574912
dstc3,next,13-[8+1.3.4] w/ similarity,LR.pen=l1.C=1.000000,1,0.793918918919,0.674178125494,0.669436010893,0.671408060906
family,next,13-[8+1.3.4] w/ similarity,LR.pen=l1.C=1.000000,0,0.846590909091,0.661729484095,0.627143131426,0.639254313412
family,next,13-[8+1.3.4] w/ similarity,LR.pen=l1.C=1.000000,1,0.889204545455,0.803372045485,0.723126656757,0.75416440436
ghome,next,13-[8+1.3.4] w/ similarity,LR.pen=l1.C=1.000000,0,0.86398467433,0.622161921461,0.563396678651,0.583221414287
ghome,next,13-[8+1.3.4] w/ similarity,LR.pen=l1.C=1.000000,1,0.867816091954,0.645277777778,0.616390600924,0.627678878937
