dataset,context_set,feature_set,model,test_round,accuracy,precision,recall,f1_score
dstc3,next,13-[8+1.3.4] w/ similarity,LR.pen=l1.C=1.000000,0,0.788851351351,0.706414994443,0.709159860661,0.706854574912
dstc3,next,13-[8+1.3.4] w/ similarity,LR.pen=l1.C=1.000000,1,0.793918918919,0.674178125494,0.669436010893,0.671408060906
