dataset,context_set,feature_set,model,test_round,accuracy,precision,recall,f1_score
family,next,13-[8+1.3.4] w/ similarity,LR.pen=l1.C=1.000000,0,0.846590909091,0.661729484095,0.627143131426,0.639254313412
family,next,13-[8+1.3.4] w/ similarity,LR.pen=l1.C=1.000000,1,0.889204545455,0.803372045485,0.723126656757,0.75416440436
