dataset,context_set,feature_set,model,accuracy,precision,recall,f1_score
dstc2,next,13-[8+1.3.4],LR.pen=l1.C=1.000000,0.822241681261,0.782979544646,0.711693639815,0.734328303336
dstc3,next,13-[8+1.3.4],LR.pen=l1.C=1.000000,0.791385135135,0.690296559968,0.689297935777,0.689131317909
family,next,13-[8+1.3.4],LR.pen=l1.C=1.000000,0.867897727273,0.73255076479,0.675134894091,0.696709358886
ghome,next,13-[8+1.3.4],LR.pen=l1.C=1.000000,0.865900383142,0.633719849619,0.589893639788,0.605450146612
