dataset,context_set,feature_set,model,accuracy,precision,recall,f1_score
dstc2,last,6-w2v,LR.pen=l1.C=1.000000,0.615578620826,0.464913555864,0.448844236618,0.448359910568
dstc3,last,6-w2v,LR.pen=l1.C=1.000000,0.587990924092,0.426635557403,0.421581572298,0.418258226202
family,last,6-w2v,LR.pen=l1.C=1.000000,0.640109241587,0.335104290006,0.315061456814,0.31951277471
ghome,last,6-w2v,LR.pen=l1.C=1.000000,0.714078237125,0.36897368363,0.339635673997,0.348325507359
