dataset,A-precision,A-recall,A-f1-score,A-support,C-precision,C-recall,C-f1-score,C-support,F-precision,F-recall,F-f1-score,F-support,R-precision,R-recall,R-f1-score,R-support
dstc2,0.110000,0.008571,0.015833,14.200000,0.629524,0.784362,0.698209,164.500000,0.795321,0.888341,0.839157,268.300000,0.510023,0.273089,0.354736,125.500000
dstc3,0.568333,0.044429,0.080783,20.800000,0.596183,0.756655,0.666750,169.300000,0.771657,0.868707,0.817233,281.200000,0.473909,0.235211,0.313640,122.100000
family,0.306667,0.021461,0.039618,23.200000,0.525222,0.137037,0.212823,27.000000,0.733498,0.979847,0.838930,250.100000,0.435613,0.085104,0.141151,52.700000
ghome,0.425609,0.062574,0.107765,59.500000,0.110000,0.009524,0.017421,12.200000,0.773308,0.981337,0.864966,396.600000,0.410785,0.077253,0.128478,55.800000
all,0.352652,0.034259,0.061000,29.425000,0.465232,0.421894,0.398801,93.250000,0.768446,0.929558,0.840071,299.050000,0.457583,0.167664,0.234501,89.025000
