dataset,context_set,feature_set,model,accuracy,precision,recall,f1_score
dstc2,current,6-w2v,LR.pen=l1.C=1.000000,0.600655517235,0.430231488532,0.424449339008,0.415153316996
dstc3,current,6-w2v,LR.pen=l1.C=1.000000,0.593123717777,0.444983713402,0.41763807057,0.410372472731
family,current,6-w2v,LR.pen=l1.C=1.000000,0.685975012557,0.363172953412,0.307651623159,0.311982119472
ghome,current,6-w2v,LR.pen=l1.C=1.000000,0.751276010245,0.412557950464,0.328445735082,0.34395845374
