dataset,A-precision,A-recall,A-f1-score,A-support,C-precision,C-recall,C-f1-score,C-support,F-precision,F-recall,F-f1-score,F-support,R-precision,R-recall,R-f1-score,R-support
dstc2,0.719303,0.648104,0.680601,59.500000,0.476503,0.246905,0.315005,12.200000,0.940575,0.980480,0.960075,396.600000,0.708894,0.638586,0.669663,55.800000
dstc3,0.719303,0.648104,0.680601,59.500000,0.476503,0.246905,0.315005,12.200000,0.940575,0.980480,0.960075,396.600000,0.708894,0.638586,0.669663,55.800000
family,0.719303,0.648104,0.680601,59.500000,0.476503,0.246905,0.315005,12.200000,0.940575,0.980480,0.960075,396.600000,0.708894,0.638586,0.669663,55.800000
ghome,0.719303,0.648104,0.680601,59.500000,0.476503,0.246905,0.315005,12.200000,0.940575,0.980480,0.960075,396.600000,0.708894,0.638586,0.669663,55.800000
all,0.719303,0.648104,0.680601,59.500000,0.476503,0.246905,0.315005,12.200000,0.940575,0.980480,0.960075,396.600000,0.708894,0.638586,0.669663,55.800000
