dataset,context_set,feature_set,model,accuracy,precision,recall,f1_score
dstc2,next,11-[6+1.3.4],LR.pen=l1.C=2.000000,0.823249433662,0.728128323597,0.702278568423,0.710942689492
dstc3,next,11-[6+1.3.4],LR.pen=l1.C=2.000000,0.796113080903,0.707600397514,0.678080117786,0.689399104022
family,next,11-[6+1.3.4],LR.pen=l1.C=2.000000,0.837967729784,0.668074459945,0.644488061564,0.652880333612
ghome,next,11-[6+1.3.4],LR.pen=l1.C=2.000000,0.86416015749,0.621294391141,0.599267657358,0.60600835647
