dataset,context_set,feature_set,model,accuracy,precision,recall,f1_score
dstc3,next,4-syntactic,LinearSVC.pen=l1.C=0.062500,0.382596445455,0.253915575445,0.257009189325,0.25275183853
family,next,4-syntactic,LinearSVC.pen=l1.C=2.000000,0.662632157207,0.28195709265,0.258556034702,0.245094060622
ghome,next,4-syntactic,LinearSVC.pen=l1.C=2.000000,0.645408649267,0.253617295252,0.253078849617,0.250343659465
dstc2,next,4-syntactic,LinearSVC.pen=l1.C=0.062500,0.374789035463,0.250061178794,0.254693425761,0.251384243452
