dataset,A-precision,A-recall,A-f1-score,A-support,C-precision,C-recall,C-f1-score,C-support,F-precision,F-recall,F-f1-score,F-support,R-precision,R-recall,R-f1-score,R-support
dstc2,0.574525,0.303214,0.390301,14.200000,0.700155,0.719029,0.709105,164.500000,0.896619,0.916447,0.906320,268.300000,0.626228,0.606566,0.615884,125.500000
dstc3,0.628759,0.408429,0.489651,20.800000,0.690267,0.694987,0.692276,169.300000,0.879145,0.910533,0.894460,281.200000,0.501956,0.484382,0.492622,122.100000
family,0.613879,0.249078,0.347693,23.200000,0.664554,0.742963,0.699103,27.000000,0.926975,0.992404,0.958528,250.100000,0.707631,0.607060,0.652566,52.700000
ghome,0.628689,0.592934,0.609076,59.500000,0.369333,0.086429,0.136804,12.200000,0.937075,0.987540,0.961607,396.600000,0.593956,0.504162,0.542618,55.800000
all,0.611463,0.388414,0.459180,29.425000,0.606077,0.560852,0.559322,93.250000,0.909954,0.951731,0.930229,299.050000,0.607442,0.550542,0.575923,89.025000
