dataset,context_set,feature_set,model,accuracy,precision,recall,f1_score
dstc2,next,11-[6+1.3.4],LR.pen=l1.C=1.000000,0.776584340986,0.699381442329,0.636314314177,0.65540267715
dstc3,next,11-[6+1.3.4],LR.pen=l1.C=1.000000,0.743722125591,0.675031741027,0.624582574017,0.642251923721
family,next,11-[6+1.3.4],LR.pen=l1.C=1.000000,0.866934329483,0.728259814388,0.647876175933,0.664472680786
ghome,next,11-[6+1.3.4],LR.pen=l1.C=1.000000,0.870321331047,0.632263371158,0.542766021119,0.562526245305
