dataset,A-precision,A-recall,A-f1-score,A-support,C-precision,C-recall,C-f1-score,C-support,F-precision,F-recall,F-f1-score,F-support,R-precision,R-recall,R-f1-score,R-support
dstc2,0.682425,0.307857,0.416074,14.200000,0.755830,0.785269,0.769978,164.500000,0.910169,0.927781,0.918805,268.300000,0.753354,0.728382,0.740371,125.500000
dstc3,0.715167,0.329143,0.443896,20.800000,0.755461,0.777361,0.766017,169.300000,0.880941,0.931583,0.905463,281.200000,0.662500,0.607202,0.633264,122.100000
family,0.625526,0.270400,0.371805,23.200000,0.686828,0.757037,0.717900,27.000000,0.930040,0.993283,0.960570,250.100000,0.722253,0.628012,0.670668,52.700000
ghome,0.720691,0.655191,0.685105,59.500000,0.388333,0.079762,0.128667,12.200000,0.932101,0.990868,0.960552,396.600000,0.737702,0.605732,0.663227,55.800000
all,0.685952,0.390648,0.479220,29.425000,0.646613,0.599857,0.595640,93.250000,0.913313,0.960879,0.936348,299.050000,0.718952,0.642332,0.676883,89.025000
