dataset,context_set,feature_set,model,accuracy,precision,recall,f1_score
dstc2,next,15-[5+1.2.3.4],LR.pen=l1.C=1.000000,0.827736382492,0.775444604862,0.687322146411,0.711307162379
dstc3,next,15-[5+1.2.3.4],LR.pen=l1.C=1.000000,0.799667402551,0.753517199142,0.661322135511,0.68715976623
family,next,15-[5+1.2.3.4],LR.pen=l1.C=1.000000,0.873113385234,0.741161941473,0.662182830217,0.680235508143
ghome,next,15-[5+1.2.3.4],LR.pen=l1.C=1.000000,0.890569843991,0.694706600586,0.582888142451,0.609387908922
