dataset,context_set,feature_set,model,accuracy,precision,recall,f1_score
dstc2,current,11-[6+1.3.4],LR.pen=l1.C=1.000000,0.65528514133,0.539535903429,0.482029843854,0.487926168391
dstc3,current,11-[6+1.3.4],LR.pen=l1.C=1.000000,0.631585161895,0.527749520726,0.473514451706,0.48281760177
family,current,11-[6+1.3.4],LR.pen=l1.C=1.000000,0.738016386238,0.493298274522,0.381028733248,0.402114926869
ghome,current,11-[6+1.3.4],LR.pen=l1.C=1.000000,0.766993289727,0.514319892121,0.384428405159,0.412651244285
