dataset,A-precision,A-recall,A-f1-score,A-support,C-precision,C-recall,C-f1-score,C-support,F-precision,F-recall,F-f1-score,F-support,R-precision,R-recall,R-f1-score,R-support
dstc2,0.735138,0.321786,0.431635,14.200000,0.758408,0.772547,0.765160,164.500000,0.903566,0.930309,0.916663,268.300000,0.753419,0.732480,0.742395,125.500000
dstc3,0.693481,0.414143,0.511249,20.800000,0.740929,0.748281,0.744247,169.300000,0.892776,0.922686,0.907395,281.200000,0.625638,0.609648,0.616927,122.100000
family,0.712666,0.312522,0.426422,23.200000,0.716170,0.638519,0.672044,27.000000,0.933009,0.981688,0.956674,250.100000,0.672957,0.706076,0.688258,52.700000
ghome,0.714486,0.692087,0.701798,59.500000,0.285000,0.045952,0.076505,12.200000,0.946676,0.983050,0.964495,396.600000,0.684155,0.650355,0.665416,55.800000
all,0.713943,0.435134,0.517776,29.425000,0.625127,0.551325,0.564489,93.250000,0.919007,0.954433,0.936307,299.050000,0.684042,0.674640,0.678249,89.025000
