dataset,context_set,feature_set,model,accuracy,precision,recall,f1_score
dstc2,next,18-[8+1.2.3.4],LR.pen=l1.C=1.000000,0.84706197737,0.821692171404,0.713378929011,0.740584539059
dstc3,next,18-[8+1.2.3.4],LR.pen=l1.C=1.000000,0.81747736598,0.771026909538,0.690078203784,0.716296418573
family,next,18-[8+1.2.3.4],LR.pen=l1.C=1.000000,0.877706240583,0.761844455407,0.694896825093,0.719132422807
ghome,next,18-[8+1.2.3.4],LR.pen=l1.C=1.000000,0.893994411634,0.715221050008,0.625566552384,0.657106597241
