dataset,context_set,feature_set,model,accuracy,precision,recall,f1_score
dstc2,next,10-[5+1.3.4],LR.pen=l1.C=2.000000,0.833465448916,0.745958181683,0.705007111962,0.718391381562
dstc3,next,10-[5+1.3.4],LR.pen=l1.C=2.000000,0.798081906164,0.709228903359,0.681077500421,0.6914217389
family,next,10-[5+1.3.4],LR.pen=l1.C=2.000000,0.855248618785,0.70773859621,0.674252648051,0.686939740509
ghome,next,10-[5+1.3.4],LR.pen=l1.C=2.000000,0.883629262717,0.686381962533,0.587058238037,0.606401863628
