dataset,context_set,feature_set,model,test_round,accuracy,precision,recall,f1_score
dstc2,next,7-d2v w/ similarity,LR.pen=l1.C=1.000000,0,0.702276707531,0.481048881078,0.481569166363,0.470668079325
dstc3,next,7-d2v w/ similarity,LR.pen=l1.C=1.000000,0,0.739864864865,0.522726548814,0.50917140777,0.502439888552
family,next,7-d2v w/ similarity,LR.pen=l1.C=1.000000,0,0.752840909091,0.494888178914,0.39838034188,0.411520023555
ghome,next,7-d2v w/ similarity,LR.pen=l1.C=1.000000,0,0.808429118774,0.605664488017,0.411468498545,0.450751792381
