dataset,context_set,feature_set,model,accuracy,precision,recall,f1_score
dstc2,current,18-[8+1.2.3.4],LR.pen=l1.C=1.000000,0.793789531568,0.69049179581,0.623730127905,0.638091699474
dstc3,current,18-[8+1.2.3.4],LR.pen=l1.C=1.000000,0.778703059495,0.674528474339,0.60771456404,0.623455436883
family,current,18-[8+1.2.3.4],LR.pen=l1.C=1.000000,0.875828101457,0.761180067085,0.671132820639,0.694039516365
ghome,current,18-[8+1.2.3.4],LR.pen=l1.C=1.000000,0.890432886687,0.680330349905,0.587103183552,0.611625170007
