dataset,context_set,feature_set,model,accuracy,precision,recall,f1_score
dstc2,current,3-phrasal,LR.pen=l1.C=1.000000,0.781376663897,0.637166276008,0.592477411353,0.602442983851
dstc3,current,3-phrasal,LR.pen=l1.C=1.000000,0.775651592186,0.643382889422,0.602892473725,0.613957909114
family,current,3-phrasal,LR.pen=l1.C=1.000000,0.85196415118,0.694364516197,0.623846511808,0.646766721922
ghome,current,3-phrasal,LR.pen=l1.C=1.000000,0.849966554476,0.602858490907,0.568111050035,0.569553684769
