dataset,context_set,feature_set,model,accuracy,precision,recall,f1_score
dstc2,all,16-[6+1.2.3.4],LR.pen=l1.C=1.000000,0.787255757518,0.7244417024,0.628462650093,0.649160671113
dstc3,all,16-[6+1.2.3.4],LR.pen=l1.C=1.000000,0.773702279012,0.726500973211,0.605095642921,0.629410148706
family,all,16-[6+1.2.3.4],LR.pen=l1.C=1.000000,0.86410283777,0.708863594869,0.637728916343,0.646720449276
ghome,all,16-[6+1.2.3.4],LR.pen=l1.C=1.000000,0.869751063695,0.650682865625,0.533766086872,0.556947541655
