dataset,context_set,feature_set,model,accuracy,precision,recall,f1_score
dstc2,next,16-[6+1.2.3.4],LR.pen=l1.C=1.000000,0.808747601657,0.793929286037,0.668180466814,0.697484388596
dstc3,next,16-[6+1.2.3.4],LR.pen=l1.C=1.000000,0.770318437249,0.72456817045,0.627611960189,0.653900305832
family,next,16-[6+1.2.3.4],LR.pen=l1.C=1.000000,0.868859869412,0.735389697134,0.659859163577,0.685939782716
ghome,next,16-[6+1.2.3.4],LR.pen=l1.C=1.000000,0.867035202472,0.645762032999,0.55964428759,0.588838373487
