dataset,context_set,feature_set,model,test_round,accuracy,precision,recall,f1_score
dstc2,next,13-[8+1.3.4] w/ similarity,LR.pen=l1.C=1.000000,0,0.833625218914,0.800780785799,0.739355842738,0.76241719954
dstc2,next,13-[8+1.3.4] w/ similarity,LR.pen=l1.C=1.000000,1,0.809106830123,0.801084894748,0.698248244839,0.731593357795
dstc3,next,13-[8+1.3.4] w/ similarity,LR.pen=l1.C=1.000000,0,0.775337837838,0.700129168566,0.684595159915,0.691273540238
dstc3,next,13-[8+1.3.4] w/ similarity,LR.pen=l1.C=1.000000,1,0.788851351351,0.671667173857,0.666786691586,0.668666796862
family,next,13-[8+1.3.4] w/ similarity,LR.pen=l1.C=1.000000,0,0.84375,0.67255684567,0.647435773566,0.658247820049
family,next,13-[8+1.3.4] w/ similarity,LR.pen=l1.C=1.000000,1,0.855113636364,0.722735994208,0.685382447665,0.698363113495
ghome,next,13-[8+1.3.4] w/ similarity,LR.pen=l1.C=1.000000,0,0.852490421456,0.600298496548,0.568068395823,0.581788463465
ghome,next,13-[8+1.3.4] w/ similarity,LR.pen=l1.C=1.000000,1,0.875478927203,0.657949004998,0.626744136278,0.639198673419
