dataset,context_set,feature_set,model,test_round,accuracy,precision,recall,f1_score
dstc3,next,13-[8+1.3.4] w/ similarity,LR.pen=l1.C=1.000000,0,0.775337837838,0.700129168566,0.684595159915,0.691273540238
dstc3,next,13-[8+1.3.4] w/ similarity,LR.pen=l1.C=1.000000,1,0.788851351351,0.671667173857,0.666786691586,0.668666796862
