dataset,context_set,feature_set,model,test_round,accuracy,precision,recall,f1_score
family,next,13-[8+1.3.4] w/ similarity,LR.pen=l1.C=1.000000,0,0.84375,0.67255684567,0.647435773566,0.658247820049
family,next,13-[8+1.3.4] w/ similarity,LR.pen=l1.C=1.000000,1,0.855113636364,0.722735994208,0.685382447665,0.698363113495
