dataset,context_set,feature_set,model,accuracy,precision,recall,f1_score
dstc2,next,13-[8+1.3.4],LR.pen=l1.C=1.000000,0.821366024518,0.800932840273,0.718802043788,0.747005278667
dstc3,next,13-[8+1.3.4],LR.pen=l1.C=1.000000,0.782094594595,0.685898171212,0.67569092575,0.67997016855
family,next,13-[8+1.3.4],LR.pen=l1.C=1.000000,0.849431818182,0.697646419939,0.666409110616,0.678305466772
ghome,next,13-[8+1.3.4],LR.pen=l1.C=1.000000,0.86398467433,0.629123750773,0.59740626605,0.610493568442
