dataset,A-precision,A-recall,A-f1-score,A-support,C-precision,C-recall,C-f1-score,C-support,F-precision,F-recall,F-f1-score,F-support,R-precision,R-recall,R-f1-score,R-support
dstc2,0.514059,0.254286,0.331526,14.200000,0.703424,0.719226,0.710911,164.500000,0.889192,0.916509,0.902533,268.300000,0.620260,0.593803,0.606014,125.500000
dstc3,0.537718,0.284429,0.363281,20.800000,0.686958,0.710729,0.698409,169.300000,0.867021,0.927026,0.895931,281.200000,0.518963,0.451425,0.482495,122.100000
family,0.449146,0.305183,0.359446,23.200000,0.704045,0.677037,0.687479,27.000000,0.925730,0.988084,0.955837,250.100000,0.659778,0.552542,0.600121,52.700000
ghome,0.568576,0.621928,0.592639,59.500000,0.321397,0.104524,0.151786,12.200000,0.931244,0.986832,0.958193,396.600000,0.634418,0.395192,0.483925,55.800000
all,0.517375,0.366456,0.411723,29.425000,0.603956,0.552879,0.562146,93.250000,0.903297,0.954613,0.928123,299.050000,0.608355,0.498241,0.543139,89.025000
