dataset,context_set,feature_set,model,accuracy,precision,recall,f1_score
dstc2,next,16-[6+1.2.3.4],LR.pen=l1.C=1.000000,0.834690471779,0.752349326773,0.712429965766,0.726565083088
dstc3,next,16-[6+1.2.3.4],LR.pen=l1.C=1.000000,0.805448554991,0.728939750923,0.688000315173,0.703089939724
family,next,16-[6+1.2.3.4],LR.pen=l1.C=1.000000,0.857565607735,0.705107791667,0.671490610742,0.684889352826
ghome,next,16-[6+1.2.3.4],LR.pen=l1.C=1.000000,0.875869266104,0.649946631861,0.611854945153,0.624930746476
