dataset,context_set,feature_set,model,test_round,accuracy,precision,recall,f1_score
dstc2,next,11-[6+1.3.4] w/ similarity,LR.pen=l1.C=1.000000,0,0.875656742557,0.813404069049,0.757857454886,0.779135423172
dstc2,next,11-[6+1.3.4] w/ similarity,LR.pen=l1.C=1.000000,1,0.810858143608,0.717244906594,0.640960554371,0.654182044329
dstc3,next,11-[6+1.3.4] w/ similarity,LR.pen=l1.C=1.000000,0,0.810810810811,0.748010759866,0.716131539867,0.729422732762
dstc3,next,11-[6+1.3.4] w/ similarity,LR.pen=l1.C=1.000000,1,0.797297297297,0.684729236563,0.672984201,0.677888987699
family,next,11-[6+1.3.4] w/ similarity,LR.pen=l1.C=1.000000,0,0.846590909091,0.646511904762,0.640119720055,0.642687904688
family,next,11-[6+1.3.4] w/ similarity,LR.pen=l1.C=1.000000,1,0.880681818182,0.810943228719,0.712511272142,0.748911343198
ghome,next,11-[6+1.3.4] w/ similarity,LR.pen=l1.C=1.000000,0,0.869731800766,0.628214555053,0.59569423044,0.610632327695
ghome,next,11-[6+1.3.4] w/ similarity,LR.pen=l1.C=1.000000,1,0.879310344828,0.701471420487,0.648516949153,0.667048207471
