dataset,context_set,feature_set,model,test_round,accuracy,precision,recall,f1_score
family,next,11-[6+1.3.4] w/ similarity,LR.pen=l1.C=1.000000,0,0.846590909091,0.646511904762,0.640119720055,0.642687904688
family,next,11-[6+1.3.4] w/ similarity,LR.pen=l1.C=1.000000,1,0.880681818182,0.810943228719,0.712511272142,0.748911343198
