dataset,context_set,feature_set,model,test_round,accuracy,precision,recall,f1_score
ghome,next,11-[6+1.3.4] w/ similarity,LR.pen=l1.C=1.000000,0,0.869731800766,0.628214555053,0.59569423044,0.610632327695
ghome,next,11-[6+1.3.4] w/ similarity,LR.pen=l1.C=1.000000,1,0.879310344828,0.701471420487,0.648516949153,0.667048207471
