dataset,context_set,feature_set,model,accuracy,precision,recall,f1_score
dstc2,next,11-[6+1.3.4],LR.pen=l1.C=1.000000,0.843257443082,0.765324487822,0.699409004628,0.716658733751
dstc3,next,11-[6+1.3.4],LR.pen=l1.C=1.000000,0.804054054054,0.716369998214,0.694557870433,0.70365586023
family,next,11-[6+1.3.4],LR.pen=l1.C=1.000000,0.863636363636,0.72872756674,0.676315496098,0.695799623943
ghome,next,11-[6+1.3.4],LR.pen=l1.C=1.000000,0.874521072797,0.66484298777,0.622105589796,0.638840267583
