dataset,context_set,feature_set,model,accuracy,precision,recall,f1_score
dstc2,current,9-[2+1.3.4],LR.pen=l1.C=1.000000,0.650856529769,0.518847051874,0.473865139749,0.477463962648
dstc3,current,9-[2+1.3.4],LR.pen=l1.C=1.000000,0.628055035233,0.520959309309,0.4653924163,0.472579179832
family,current,9-[2+1.3.4],LR.pen=l1.C=1.000000,0.737901180311,0.503045977243,0.370579356258,0.393491917483
ghome,current,9-[2+1.3.4],LR.pen=l1.C=1.000000,0.766663279778,0.488542654567,0.356858192916,0.382273185577
