dataset,context_set,feature_set,model,accuracy,precision,recall,f1_score
dstc2,next,4-syntactic,LR.pen=l1.C=2.000000,0.755003556422,0.676007655264,0.60696277434,0.626243465217
dstc3,next,4-syntactic,LR.pen=l1.C=2.000000,0.750424248506,0.643219465955,0.600617294475,0.612795910995
family,next,4-syntactic,LR.pen=l1.C=2.000000,0.840668006027,0.654328119156,0.6015394829,0.622335474727
ghome,next,4-syntactic,LR.pen=l1.C=2.000000,0.849944539701,0.583277665185,0.540412523536,0.553823162818
