dataset,context_set,feature_set,model,test_round,accuracy,precision,recall,f1_score
dstc2,next,12-[7+1.3.4] w/ similarity,LR.pen=l1.C=1.000000,0,0.85288966725,0.815719417173,0.736010166935,0.764151010848
dstc2,next,12-[7+1.3.4] w/ similarity,LR.pen=l1.C=1.000000,1,0.819614711033,0.745084206376,0.66053065682,0.67983220345
dstc3,next,12-[7+1.3.4] w/ similarity,LR.pen=l1.C=1.000000,0,0.83277027027,0.778154994321,0.755595458862,0.763736515501
dstc3,next,12-[7+1.3.4] w/ similarity,LR.pen=l1.C=1.000000,1,0.814189189189,0.698419840295,0.685968830055,0.690348935327
family,next,12-[7+1.3.4] w/ similarity,LR.pen=l1.C=1.000000,0,0.855113636364,0.690694963951,0.65240220488,0.669417860111
family,next,12-[7+1.3.4] w/ similarity,LR.pen=l1.C=1.000000,1,0.883522727273,0.772351081191,0.710290660225,0.729610772454
ghome,next,12-[7+1.3.4] w/ similarity,LR.pen=l1.C=1.000000,0,0.862068965517,0.633150534336,0.565446841294,0.586805932847
ghome,next,12-[7+1.3.4] w/ similarity,LR.pen=l1.C=1.000000,1,0.867816091954,0.677164036346,0.631244649889,0.652172811972
