dataset,context_set,feature_set,model,test_round,accuracy,precision,recall,f1_score
dstc2,next,12-[7+1.3.4] w/ similarity,LR.pen=l1.C=1.000000,0,0.85288966725,0.815719417173,0.736010166935,0.764151010848
dstc2,next,12-[7+1.3.4] w/ similarity,LR.pen=l1.C=1.000000,1,0.819614711033,0.745084206376,0.66053065682,0.67983220345
