dataset,context_set,feature_set,model,test_round,accuracy,precision,recall,f1_score
family,next,12-[7+1.3.4] w/ similarity,LR.pen=l1.C=1.000000,0,0.855113636364,0.690694963951,0.65240220488,0.669417860111
family,next,12-[7+1.3.4] w/ similarity,LR.pen=l1.C=1.000000,1,0.883522727273,0.772351081191,0.710290660225,0.729610772454
