dataset,context_set,feature_set,model,accuracy,precision,recall,f1_score
dstc2,next,12-[7+1.3.4],LR.pen=l1.C=1.000000,0.836252189142,0.780401811775,0.698270411878,0.721991607149
dstc3,next,12-[7+1.3.4],LR.pen=l1.C=1.000000,0.82347972973,0.738287417308,0.720782144459,0.727042725414
family,next,12-[7+1.3.4],LR.pen=l1.C=1.000000,0.869318181818,0.731523022571,0.681346432553,0.699514316282
ghome,next,12-[7+1.3.4],LR.pen=l1.C=1.000000,0.864942528736,0.655157285341,0.598345745592,0.61948937241
