dataset,context_set,feature_set,model,accuracy,precision,recall,f1_score
dstc2,last,6-w2v,LR.pen=l1.C=1.000000,0.615613647095,0.464313689242,0.448790005738,0.448190147339
dstc3,last,6-w2v,LR.pen=l1.C=1.000000,0.586782512711,0.42147964238,0.418355535832,0.41430705639
family,last,6-w2v,LR.pen=l1.C=1.000000,0.639945065294,0.336023041032,0.315562181313,0.320247522025
ghome,last,6-w2v,LR.pen=l1.C=1.000000,0.714075273597,0.36856709523,0.339474977136,0.348246804331
