dataset,context_set,feature_set,model,accuracy,precision,recall,f1_score
dstc2,all,17-[7+1.2.3.4],LR.pen=l1.C=1.000000,0.787400345481,0.735879454933,0.62580039092,0.647744654745
dstc3,all,17-[7+1.2.3.4],LR.pen=l1.C=1.000000,0.768790139149,0.710616773257,0.592997862221,0.614499044481
family,all,17-[7+1.2.3.4],LR.pen=l1.C=1.000000,0.863596182823,0.709938299141,0.638773586209,0.648374416458
ghome,all,17-[7+1.2.3.4],LR.pen=l1.C=1.000000,0.865994792659,0.647064186021,0.522998466891,0.544760069879
