dataset,A-precision,A-recall,A-f1-score,A-support,C-precision,C-recall,C-f1-score,C-support,F-precision,F-recall,F-f1-score,F-support,R-precision,R-recall,R-f1-score,R-support
dstc2,0.652593,0.322500,0.421261,14.200000,0.740970,0.754994,0.747609,164.500000,0.907245,0.923899,0.915422,268.300000,0.709510,0.702314,0.705564,125.500000
dstc3,0.627573,0.404286,0.485196,20.800000,0.742479,0.752662,0.747228,169.300000,0.892669,0.921056,0.906520,281.200000,0.623086,0.601631,0.611737,122.100000
family,0.685236,0.281983,0.393837,23.200000,0.673835,0.740000,0.703058,27.000000,0.925693,0.992243,0.957755,250.100000,0.736161,0.635997,0.681343,52.700000
ghome,0.712613,0.689190,0.699454,59.500000,0.420238,0.080238,0.131153,12.200000,0.943047,0.987133,0.964564,396.600000,0.702661,0.621177,0.657414,55.800000
all,0.669504,0.424489,0.499937,29.425000,0.644381,0.581973,0.582262,93.250000,0.917164,0.956083,0.936065,299.050000,0.692855,0.640280,0.664014,89.025000
