dataset,context_set,feature_set,model,test_round,accuracy,precision,recall,f1_score
dstc2,next,9-[2+1.3.4] w/ similarity,LR.pen=l1.C=1.000000,0,0.854640980736,0.845059707973,0.73575989391,0.771854015972
dstc2,next,9-[2+1.3.4] w/ similarity,LR.pen=l1.C=1.000000,1,0.817863397548,0.727051086617,0.623730823236,0.634718837508
