dataset,context_set,feature_set,model,test_round,accuracy,precision,recall,f1_score
dstc2,next,11-[6+1.3.4] w/ similarity,LR.pen=l1.C=1.000000,0,0.873905429072,0.795458357822,0.75538184513,0.771814923428
dstc2,next,11-[6+1.3.4] w/ similarity,LR.pen=l1.C=1.000000,1,0.803852889667,0.752114683217,0.665034505174,0.68949460672
dstc3,next,11-[6+1.3.4] w/ similarity,LR.pen=l1.C=1.000000,0,0.807432432432,0.790858437999,0.714352180436,0.743130673847
dstc3,next,11-[6+1.3.4] w/ similarity,LR.pen=l1.C=1.000000,1,0.804054054054,0.720997841444,0.687622789436,0.700863120646
family,next,11-[6+1.3.4] w/ similarity,LR.pen=l1.C=1.000000,0,0.838068181818,0.621277225321,0.621832156571,0.616256906384
family,next,11-[6+1.3.4] w/ similarity,LR.pen=l1.C=1.000000,1,0.855113636364,0.726924300254,0.666343986127,0.690961211388
ghome,next,11-[6+1.3.4] w/ similarity,LR.pen=l1.C=1.000000,0,0.875478927203,0.661741685622,0.612628402671,0.63332913659
ghome,next,11-[6+1.3.4] w/ similarity,LR.pen=l1.C=1.000000,1,0.869731800766,0.673525412496,0.624542030474,0.637697203472
