dataset,context_set,feature_set,model,test_round,accuracy,precision,recall,f1_score
dstc3,next,11-[6+1.3.4] w/ similarity,LR.pen=l1.C=1.000000,0,0.807432432432,0.790858437999,0.714352180436,0.743130673847
dstc3,next,11-[6+1.3.4] w/ similarity,LR.pen=l1.C=1.000000,1,0.804054054054,0.720997841444,0.687622789436,0.700863120646
