dataset,context_set,feature_set,model,test_round,accuracy,precision,recall,f1_score
family,next,11-[6+1.3.4] w/ similarity,LR.pen=l1.C=1.000000,0,0.838068181818,0.621277225321,0.621832156571,0.616256906384
family,next,11-[6+1.3.4] w/ similarity,LR.pen=l1.C=1.000000,1,0.855113636364,0.726924300254,0.666343986127,0.690961211388
