dataset,context_set,feature_set,model,accuracy,precision,recall,f1_score
dstc2,next,11-[6+1.3.4],LR.pen=l1.C=1.000000,0.83887915937,0.773786520519,0.710208175152,0.730654765074
dstc3,next,11-[6+1.3.4],LR.pen=l1.C=1.000000,0.805743243243,0.755928139721,0.700987484936,0.721996897246
family,next,11-[6+1.3.4],LR.pen=l1.C=1.000000,0.846590909091,0.674100762788,0.644088071349,0.653609058886
ghome,next,11-[6+1.3.4],LR.pen=l1.C=1.000000,0.872605363985,0.667633549059,0.618585216573,0.635513170031
