dataset,context_set,feature_set,model,accuracy,precision,recall,f1_score
dstc2,next,16-[6+1.2.3.4],LR.pen=l1.C=1.000000,0.849325236248,0.822343720264,0.714954262888,0.742951060537
dstc3,next,16-[6+1.2.3.4],LR.pen=l1.C=1.000000,0.818695143163,0.77456488288,0.690774638583,0.717753272306
family,next,16-[6+1.2.3.4],LR.pen=l1.C=1.000000,0.877251695128,0.762598350303,0.695235893163,0.719548960832
ghome,next,16-[6+1.2.3.4],LR.pen=l1.C=1.000000,0.89479308228,0.725181293338,0.628133604895,0.662251500278
