dataset,context_set,feature_set,model,test_round,accuracy,precision,recall,f1_score
dstc2,next,6-w2v w/ similarity,LR.pen=l1.C=1.000000,0,0.861646234676,0.889239961586,0.689066150086,0.724101613472
dstc3,next,6-w2v w/ similarity,LR.pen=l1.C=1.000000,0,0.787162162162,0.709915199637,0.615427058346,0.637913852588
family,next,6-w2v w/ similarity,LR.pen=l1.C=1.000000,0,0.826704545455,0.714000759878,0.537758268302,0.568253287593
ghome,next,6-w2v w/ similarity,LR.pen=l1.C=1.000000,0,0.888888888889,0.606181249627,0.565810648861,0.578192845193
