dataset,A-precision,A-recall,A-f1-score,A-support,C-precision,C-recall,C-f1-score,C-support,F-precision,F-recall,F-f1-score,F-support,R-precision,R-recall,R-f1-score,R-support
dstc2,0.804376,0.355893,0.481065,14.200000,0.776941,0.826990,0.800937,164.500000,0.924766,0.934644,0.929576,268.300000,0.799711,0.761920,0.779918,125.500000
dstc3,0.706977,0.390714,0.497654,20.800000,0.782690,0.807574,0.794680,169.300000,0.881593,0.945235,0.912222,281.200000,0.709726,0.612770,0.657178,122.100000
family,0.677357,0.438783,0.527485,23.200000,0.715773,0.700741,0.706045,27.000000,0.934412,0.980647,0.956919,250.100000,0.729846,0.675541,0.700446,52.700000
ghome,0.738319,0.641923,0.685563,59.500000,0.472446,0.241190,0.308029,12.200000,0.936524,0.986984,0.961063,396.600000,0.749301,0.639128,0.688311,55.800000
all,0.731757,0.456828,0.547941,29.425000,0.686963,0.644124,0.652423,93.250000,0.919324,0.961878,0.939945,299.050000,0.747146,0.672340,0.706463,89.025000
