dataset,context_set,feature_set,model,accuracy,precision,recall,f1_score
dstc2,next,9-[2+1.3.4],LR.pen=l1.C=1.000000,0.842338810422,0.794516790403,0.711269379205,0.734728031128
dstc3,next,9-[2+1.3.4],LR.pen=l1.C=1.000000,0.812654870217,0.75394077834,0.688625959098,0.710779185385
family,next,9-[2+1.3.4],LR.pen=l1.C=1.000000,0.876446823204,0.754106998115,0.701065662308,0.720573329884
ghome,next,9-[2+1.3.4],LR.pen=l1.C=1.000000,0.894294997989,0.727070316239,0.597593863607,0.623379569603
