dataset,context_set,feature_set,model,accuracy,precision,recall,f1_score
dstc2,current,11-[6+1.3.4],LR.pen=l1.C=1.000000,0.76046681769,0.613193495877,0.582145395704,0.590350728508
dstc3,current,11-[6+1.3.4],LR.pen=l1.C=1.000000,0.731365065561,0.579215004317,0.55566672609,0.561939706622
family,current,11-[6+1.3.4],LR.pen=l1.C=1.000000,0.864664741336,0.719527407654,0.640736997909,0.657164052615
ghome,current,11-[6+1.3.4],LR.pen=l1.C=1.000000,0.863987849537,0.621799112081,0.548272118261,0.571365182703
