dataset,A-precision,A-recall,A-f1-score,A-support,C-precision,C-recall,C-f1-score,C-support,F-precision,F-recall,F-f1-score,F-support,R-precision,R-recall,R-f1-score,R-support
dstc2,0.527846,0.317857,0.389913,14.200000,0.729097,0.729847,0.729153,164.500000,0.884058,0.911078,0.897241,268.300000,0.655047,0.639465,0.646811,125.500000
dstc3,0.534739,0.392714,0.446993,20.800000,0.700122,0.705530,0.702598,169.300000,0.876287,0.910030,0.892740,281.200000,0.539140,0.508101,0.522753,122.100000
family,0.438198,0.311478,0.360124,23.200000,0.648426,0.606667,0.622822,27.000000,0.898233,0.935706,0.916475,250.100000,0.523938,0.495574,0.507744,52.700000
ghome,0.599935,0.577368,0.587020,59.500000,0.357079,0.178333,0.226798,12.200000,0.943888,0.968218,0.955866,396.600000,0.552799,0.531734,0.540728,55.800000
all,0.525180,0.399854,0.446012,29.425000,0.608681,0.555094,0.570343,93.250000,0.900616,0.931258,0.915581,299.050000,0.567731,0.543718,0.554509,89.025000
