dataset,context_set,feature_set,model,accuracy,precision,recall,f1_score
dstc2,next,8-skipthought,LR.pen=l1.C=1.000000,0.784772478676,0.699011738008,0.649561580966,0.665779226815
dstc3,next,8-skipthought,LR.pen=l1.C=1.000000,0.750817723664,0.662571930772,0.62909366008,0.641271183291
family,next,8-skipthought,LR.pen=l1.C=1.000000,0.803854218985,0.62719854159,0.587356101973,0.601790979517
ghome,next,8-skipthought,LR.pen=l1.C=1.000000,0.859055481467,0.613425404838,0.56391335168,0.577603097695
