dataset,context_set,feature_set,model,accuracy,precision,recall,f1_score
dstc2,next,16-[6+1.2.3.4],LR.pen=l1.C=1.000000,0.850626587688,0.810566499166,0.719112788912,0.743558552348
dstc3,next,16-[6+1.2.3.4],LR.pen=l1.C=1.000000,0.817647845866,0.766811794242,0.695194952624,0.719255196773
family,next,16-[6+1.2.3.4],LR.pen=l1.C=1.000000,0.87508789553,0.751617425972,0.696698768376,0.717989077939
ghome,next,16-[6+1.2.3.4],LR.pen=l1.C=1.000000,0.896229758049,0.71230936108,0.638056052893,0.66392656287
