dataset,context_set,feature_set,model,accuracy,precision,recall,f1_score
dstc2,next,17-[7+1.2.3.4],LR.pen=l1.C=1.000000,0.843606928746,0.807895326294,0.715069102133,0.740279761161
dstc3,next,17-[7+1.2.3.4],LR.pen=l1.C=1.000000,0.816236731781,0.763266096967,0.694173123012,0.717423068688
family,next,17-[7+1.2.3.4],LR.pen=l1.C=1.000000,0.878203478152,0.757472068354,0.700006766642,0.720263782878
ghome,next,17-[7+1.2.3.4],LR.pen=l1.C=1.000000,0.891509917233,0.708848818407,0.627531072283,0.656171245537
