dataset,A-precision,A-recall,A-f1-score,A-support,C-precision,C-recall,C-f1-score,C-support,F-precision,F-recall,F-f1-score,F-support,R-precision,R-recall,R-f1-score,R-support
dstc2,0.622934,0.300714,0.397785,14.200000,0.709387,0.721303,0.714997,164.500000,0.897693,0.919427,0.908327,268.300000,0.622029,0.610997,0.616060,125.500000
dstc3,0.703913,0.317571,0.430352,20.800000,0.696119,0.728329,0.711603,169.300000,0.867935,0.934143,0.899728,281.200000,0.541202,0.459779,0.496470,122.100000
family,0.554289,0.237635,0.327661,23.200000,0.682392,0.750370,0.712380,27.000000,0.927331,0.994322,0.959608,250.100000,0.697378,0.594596,0.640856,52.700000
ghome,0.595241,0.623385,0.607680,59.500000,0.444667,0.099524,0.157527,12.200000,0.930704,0.991474,0.960090,396.600000,0.618502,0.403867,0.485503,55.800000
all,0.619094,0.369826,0.440869,29.425000,0.633141,0.574882,0.574127,93.250000,0.905916,0.959841,0.931938,299.050000,0.619778,0.517310,0.559722,89.025000
