dataset,context_set,feature_set,model,accuracy,precision,recall,f1_score
dstc2,next,15-[5+1.2.3.4],LR.pen=l1.C=1.000000,0.779540056066,0.713010816031,0.638110480169,0.659292399815
dstc3,next,15-[5+1.2.3.4],LR.pen=l1.C=1.000000,0.756180759968,0.702292434564,0.609955439182,0.634537987893
family,next,15-[5+1.2.3.4],LR.pen=l1.C=1.000000,0.866243093923,0.715347517071,0.644230643626,0.6601261607
ghome,next,15-[5+1.2.3.4],LR.pen=l1.C=1.000000,0.866389788531,0.647278466532,0.529562319859,0.552700222811
