dataset,context_set,feature_set,model,test_round,accuracy,precision,recall,f1_score
dstc2,next,12-[7+1.3.4] w/ similarity,LR.pen=l1.C=1.000000,0,0.85288966725,0.806356069349,0.717659030631,0.746179961324
dstc2,next,12-[7+1.3.4] w/ similarity,LR.pen=l1.C=1.000000,1,0.812609457093,0.754538456945,0.66933901919,0.692815602625
dstc3,next,12-[7+1.3.4] w/ similarity,LR.pen=l1.C=1.000000,0,0.819256756757,0.772525094857,0.715376451285,0.737903121147
dstc3,next,12-[7+1.3.4] w/ similarity,LR.pen=l1.C=1.000000,1,0.810810810811,0.698747135804,0.67084975934,0.681684673465
family,next,12-[7+1.3.4] w/ similarity,LR.pen=l1.C=1.000000,0,0.835227272727,0.662765920707,0.62443211941,0.637918391994
family,next,12-[7+1.3.4] w/ similarity,LR.pen=l1.C=1.000000,1,0.855113636364,0.707722960461,0.676800631735,0.687930378214
ghome,next,12-[7+1.3.4] w/ similarity,LR.pen=l1.C=1.000000,0,0.869731800766,0.674316551693,0.591780089026,0.621466232963
ghome,next,12-[7+1.3.4] w/ similarity,LR.pen=l1.C=1.000000,1,0.865900383142,0.639752127266,0.593815271358,0.613117942036
