dataset,context_set,feature_set,model,test_round,accuracy,precision,recall,f1_score
family,next,12-[7+1.3.4] w/ similarity,LR.pen=l1.C=1.000000,0,0.835227272727,0.662765920707,0.62443211941,0.637918391994
family,next,12-[7+1.3.4] w/ similarity,LR.pen=l1.C=1.000000,1,0.855113636364,0.707722960461,0.676800631735,0.687930378214
