dataset,context_set,feature_set,model,accuracy,precision,recall,f1_score
dstc2,next,12-[7+1.3.4],LR.pen=l1.C=1.000000,0.832749562172,0.780447263147,0.69349902491,0.719497781974
dstc3,next,12-[7+1.3.4],LR.pen=l1.C=1.000000,0.815033783784,0.735636115331,0.693113105313,0.709793897306
family,next,12-[7+1.3.4],LR.pen=l1.C=1.000000,0.845170454545,0.685244440584,0.650616375573,0.662924385104
ghome,next,12-[7+1.3.4],LR.pen=l1.C=1.000000,0.867816091954,0.657034339479,0.592797680192,0.617292087499
