dataset,context_set,feature_set,model,accuracy,precision,recall,f1_score
dstc2,all,15-[5+1.2.3.4],LR.pen=l1.C=1.000000,0.836644770267,0.789405868464,0.67401621864,0.695455162027
dstc3,all,15-[5+1.2.3.4],LR.pen=l1.C=1.000000,0.812803273571,0.766257266201,0.642736716986,0.664369206495
family,all,15-[5+1.2.3.4],LR.pen=l1.C=1.000000,0.865873618785,0.727109990536,0.64544410324,0.657814411924
ghome,all,15-[5+1.2.3.4],LR.pen=l1.C=1.000000,0.891596917931,0.683742737468,0.578530777513,0.60448917699
