dataset,context_set,feature_set,model,accuracy,precision,recall,f1_score
dstc2,next,17-[7+1.2.3.4],LR.pen=l1.C=1.000000,0.844788856147,0.818750586213,0.710211733337,0.738223903125
dstc3,next,17-[7+1.2.3.4],LR.pen=l1.C=1.000000,0.815027539916,0.769870582173,0.686943652437,0.713844968449
family,next,17-[7+1.2.3.4],LR.pen=l1.C=1.000000,0.879058890005,0.76783928396,0.698496955288,0.723213479453
ghome,next,17-[7+1.2.3.4],LR.pen=l1.C=1.000000,0.893531677992,0.720661487509,0.626252984427,0.658712037043
