dataset,context_set,feature_set,model,accuracy,precision,recall,f1_score
dstc2,next,15-[5+1.2.3.4],LR.pen=l1.C=1.000000,0.809236176279,0.787752041799,0.668702410015,0.697659008577
dstc3,next,15-[5+1.2.3.4],LR.pen=l1.C=1.000000,0.771498528231,0.727166959267,0.629445878636,0.656199984435
family,next,15-[5+1.2.3.4],LR.pen=l1.C=1.000000,0.869522852838,0.738789207,0.664914314708,0.690131366526
ghome,next,15-[5+1.2.3.4],LR.pen=l1.C=1.000000,0.870593975572,0.66306298271,0.571241663386,0.601337112368
