dataset,context_set,feature_set,model,test_round,accuracy,precision,recall,f1_score
dstc2,next,0-all w/ similarity,LR.pen=l1.C=1.000000,0,0.859894921191,0.799120798379,0.709326278018,0.734912203191
dstc2,next,0-all w/ similarity,LR.pen=l1.C=1.000000,1,0.83887915937,0.740964961633,0.693051978782,0.709304110562
dstc3,next,0-all w/ similarity,LR.pen=l1.C=1.000000,0,0.804054054054,0.779964083536,0.689332460597,0.72003502782
dstc3,next,0-all w/ similarity,LR.pen=l1.C=1.000000,1,0.800675675676,0.755807531,0.678772512979,0.705197600104
family,next,0-all w/ similarity,LR.pen=l1.C=1.000000,0,0.875,0.700065671123,0.651994549734,0.660861427341
family,next,0-all w/ similarity,LR.pen=l1.C=1.000000,1,0.883522727273,0.789890936881,0.696934720674,0.703974765368
ghome,next,0-all w/ similarity,LR.pen=l1.C=1.000000,0,0.890804597701,0.837547951724,0.581805341551,0.610474566131
ghome,next,0-all w/ similarity,LR.pen=l1.C=1.000000,1,0.89846743295,0.850567545963,0.601744136278,0.628300797158
