dataset,context_set,feature_set,model,test_round,accuracy,precision,recall,f1_score
dstc3,next,0-all w/ similarity,LR.pen=l1.C=1.000000,0,0.804054054054,0.779964083536,0.689332460597,0.72003502782
dstc3,next,0-all w/ similarity,LR.pen=l1.C=1.000000,1,0.800675675676,0.755807531,0.678772512979,0.705197600104
