dataset,context_set,feature_set,model,test_round,accuracy,precision,recall,f1_score
ghome,next,0-all w/ similarity,LR.pen=l1.C=1.000000,0,0.890804597701,0.837547951724,0.581805341551,0.610474566131
ghome,next,0-all w/ similarity,LR.pen=l1.C=1.000000,1,0.89846743295,0.850567545963,0.601744136278,0.628300797158
