dataset,context_set,feature_set,model,accuracy,precision,recall,f1_score
dstc2,next,9-[2+1.3.4],LR.pen=l1.C=1.000000,0.827551388798,0.787527020214,0.691282597841,0.717983711827
dstc3,next,9-[2+1.3.4],LR.pen=l1.C=1.000000,0.793653889038,0.741065904274,0.672202818963,0.694844469439
family,next,9-[2+1.3.4],LR.pen=l1.C=1.000000,0.867093797087,0.765441303159,0.645843719594,0.675094564536
ghome,next,9-[2+1.3.4],LR.pen=l1.C=1.000000,0.891552888381,0.663301306531,0.590243059058,0.599209838226
