dataset,context_set,feature_set,model,accuracy,precision,recall,f1_score
dstc2,next,11-[6+1.3.4],LR.pen=l1.C=1.000000,0.829345797744,0.755442421047,0.707994641689,0.724150980646
dstc3,next,11-[6+1.3.4],LR.pen=l1.C=1.000000,0.80115801445,0.722309681363,0.683151583807,0.697698005956
family,next,11-[6+1.3.4],LR.pen=l1.C=1.000000,0.860130273732,0.71674180718,0.678782663754,0.693749520226
ghome,next,11-[6+1.3.4],LR.pen=l1.C=1.000000,0.873430494697,0.637895037731,0.592221330915,0.604148604255
