dataset,model,accuracy,precision,recall,f1_score,training_time,test_time
family.#percent=5.#feature=2415,LR.pen=l1.C=1,0.872679444672,0.739694310028,0.625820049617,0.643710592142,102.840514207,0.260342502594
