dataset,model,accuracy,precision,recall,f1_score,training_time,test_time
family.#percent=1.#feature=484,LR.pen=l1.C=1,0.872679444672,0.739795419093,0.626296486987,0.644804694852,128.126794863,0.274226927757
