dataset,context_set,feature_set,model,accuracy,precision,recall,f1_score
dstc2,current,1-basic,LR.pen=l1.C=1.000000,0.636366353263,0.439456568451,0.434239755314,0.418072459171
dstc3,current,1-basic,LR.pen=l1.C=1.000000,0.6229622692,0.560988055006,0.427710047296,0.42023959594
family,current,1-basic,LR.pen=l1.C=1.000000,0.714152435962,0.469827234568,0.281795486665,0.27060522079
ghome,current,1-basic,LR.pen=l1.C=1.000000,0.756390846934,0.410490816593,0.272250782422,0.261005941451
