dataset,context_set,feature_set,model,accuracy,precision,recall,f1_score
dstc2,last,0-all,LR.pen=l1.C=1.000000,0.624590294257,0.474466131465,0.458757510899,0.460214572394
dstc3,last,0-all,LR.pen=l1.C=1.000000,0.607703483186,0.484017110254,0.448323541258,0.452887144259
family,last,0-all,LR.pen=l1.C=1.000000,0.736416059769,0.493113526015,0.366890041866,0.388302703976
ghome,last,0-all,LR.pen=l1.C=1.000000,0.767761055016,0.512090134033,0.347294215898,0.372437478336
