dataset,context_set,feature_set,model,test_round,accuracy,precision,recall,f1_score
dstc2,next,14-[1.3.4] w/ similarity,LR.pen=l1.C=1.000000,0,0.84588441331,0.824719343972,0.711921134744,0.744440730838
dstc2,next,14-[1.3.4] w/ similarity,LR.pen=l1.C=1.000000,1,0.809106830123,0.772506500072,0.698480134172,0.724456832556
dstc3,next,14-[1.3.4] w/ similarity,LR.pen=l1.C=1.000000,0,0.800675675676,0.76298082905,0.703742264386,0.726175120642
dstc3,next,14-[1.3.4] w/ similarity,LR.pen=l1.C=1.000000,1,0.771959459459,0.691511553273,0.65315329279,0.668509623614
family,next,14-[1.3.4] w/ similarity,LR.pen=l1.C=1.000000,0,0.869318181818,0.696103689567,0.651604855692,0.663591889881
family,next,14-[1.3.4] w/ similarity,LR.pen=l1.C=1.000000,1,0.880681818182,0.794069762667,0.689285767373,0.707278742763
ghome,next,14-[1.3.4] w/ similarity,LR.pen=l1.C=1.000000,0,0.869731800766,0.675885240308,0.55982066427,0.579780497899
ghome,next,14-[1.3.4] w/ similarity,LR.pen=l1.C=1.000000,1,0.879310344828,0.565707079933,0.555966444102,0.560383941502
