dataset,context_set,feature_set,model,test_round,accuracy,precision,recall,f1_score
dstc2,next,14-[1.3.4] w/ similarity,LR.pen=l1.C=1.000000,0,0.84588441331,0.824719343972,0.711921134744,0.744440730838
dstc2,next,14-[1.3.4] w/ similarity,LR.pen=l1.C=1.000000,1,0.809106830123,0.772506500072,0.698480134172,0.724456832556
