dataset,context_set,feature_set,model,test_round,accuracy,precision,recall,f1_score
dstc3,next,14-[1.3.4] w/ similarity,LR.pen=l1.C=1.000000,0,0.800675675676,0.76298082905,0.703742264386,0.726175120642
dstc3,next,14-[1.3.4] w/ similarity,LR.pen=l1.C=1.000000,1,0.771959459459,0.691511553273,0.65315329279,0.668509623614
