dataset,context_set,feature_set,model,test_round,accuracy,precision,recall,f1_score
family,next,14-[1.3.4] w/ similarity,LR.pen=l1.C=1.000000,0,0.869318181818,0.696103689567,0.651604855692,0.663591889881
family,next,14-[1.3.4] w/ similarity,LR.pen=l1.C=1.000000,1,0.880681818182,0.794069762667,0.689285767373,0.707278742763
