dataset,context_set,feature_set,model,test_round,accuracy,precision,recall,f1_score
ghome,next,14-[1.3.4] w/ similarity,LR.pen=l1.C=1.000000,0,0.869731800766,0.675885240308,0.55982066427,0.579780497899
ghome,next,14-[1.3.4] w/ similarity,LR.pen=l1.C=1.000000,1,0.879310344828,0.565707079933,0.555966444102,0.560383941502
