dataset,context_set,feature_set,model,accuracy,precision,recall,f1_score
dstc2,all,0-all,LR.pen=l1.C=1.000000,0.839115497032,0.808713039401,0.68458869367,0.70887998028
dstc3,all,0-all,LR.pen=l1.C=1.000000,0.819843011328,0.77886966742,0.664924784195,0.69164690694
family,all,0-all,LR.pen=l1.C=1.000000,0.869148669011,0.730764929839,0.651851987204,0.663705284362
ghome,all,0-all,LR.pen=l1.C=1.000000,0.900024343261,0.693733220767,0.597776222989,0.617712499828
