dataset,context_set,feature_set,model,accuracy,precision,recall,f1_score
dstc2,next,4-syntactic,LR.pen=l1.C=2.000000,0.768607257491,0.690137881833,0.621107118818,0.64109010644
dstc3,next,4-syntactic,LR.pen=l1.C=2.000000,0.767533895281,0.664739788875,0.622816997411,0.635868088025
family,next,4-syntactic,LR.pen=l1.C=2.000000,0.852104470116,0.686388566753,0.631163414841,0.653392827311
ghome,next,4-syntactic,LR.pen=l1.C=2.000000,0.853114243983,0.588817804127,0.543092610523,0.557035597479
