dataset,context_set,feature_set,model,accuracy,precision,recall,f1_score
dstc2,all,2-lexical,LinearSVC.pen=l1.C=0.250000,0.808762843464,0.722644069491,0.650258085487,0.66575729522
dstc3,all,2-lexical,LinearSVC.pen=l1.C=0.250000,0.785131567211,0.692038894451,0.613610000572,0.629879925333
family,all,2-lexical,LinearSVC.pen=l1.C=0.250000,0.861457496233,0.704835129727,0.646618172219,0.660387368647
ghome,all,2-lexical,LinearSVC.pen=l1.C=0.250000,0.882530005715,0.662185336708,0.581896449725,0.609367495354
