dataset,context_set,feature_set,model,test_round,accuracy,precision,recall,f1_score
dstc2,next,9-[2+1.3.4] w/ similarity,LR.pen=l1.C=1.000000,0,0.873905429072,0.850169920761,0.73857348276,0.770481660929
dstc2,next,9-[2+1.3.4] w/ similarity,LR.pen=l1.C=1.000000,1,0.826619964974,0.731296513905,0.676789874668,0.695810013142
dstc3,next,9-[2+1.3.4] w/ similarity,LR.pen=l1.C=1.000000,0,0.788851351351,0.770125032346,0.687118440543,0.716735836627
dstc3,next,9-[2+1.3.4] w/ similarity,LR.pen=l1.C=1.000000,1,0.802364864865,0.745228319239,0.655911101415,0.682172654532
family,next,9-[2+1.3.4] w/ similarity,LR.pen=l1.C=1.000000,0,0.869318181818,0.68479447517,0.641735290474,0.651911478042
family,next,9-[2+1.3.4] w/ similarity,LR.pen=l1.C=1.000000,1,0.889204545455,0.827536116904,0.711001672241,0.716832967603
ghome,next,9-[2+1.3.4] w/ similarity,LR.pen=l1.C=1.000000,0,0.88122605364,0.665279731458,0.559386235234,0.590197559104
ghome,next,9-[2+1.3.4] w/ similarity,LR.pen=l1.C=1.000000,1,0.886973180077,0.709862183537,0.579310049649,0.605823540629
