dataset,context_set,feature_set,model,test_round,accuracy,precision,recall,f1_score
dstc3,next,9-[2+1.3.4] w/ similarity,LR.pen=l1.C=1.000000,0,0.788851351351,0.770125032346,0.687118440543,0.716735836627
dstc3,next,9-[2+1.3.4] w/ similarity,LR.pen=l1.C=1.000000,1,0.802364864865,0.745228319239,0.655911101415,0.682172654532
