dataset,context_set,feature_set,model,test_round,accuracy,precision,recall,f1_score
family,next,9-[2+1.3.4] w/ similarity,LR.pen=l1.C=1.000000,0,0.869318181818,0.68479447517,0.641735290474,0.651911478042
family,next,9-[2+1.3.4] w/ similarity,LR.pen=l1.C=1.000000,1,0.889204545455,0.827536116904,0.711001672241,0.716832967603
