dataset,context_set,feature_set,model,accuracy,precision,recall,f1_score
dstc2,current,6-w2v,LR.pen=l1.C=1.000000,0.600655517235,0.430259162792,0.424458851203,0.41518031434
dstc3,current,6-w2v,LR.pen=l1.C=1.000000,0.593021585942,0.444867597517,0.417537789616,0.410274155177
family,current,6-w2v,LR.pen=l1.C=1.000000,0.685975012557,0.363172953412,0.307651623159,0.311982119472
ghome,current,6-w2v,LR.pen=l1.C=1.000000,0.751276010245,0.412557950464,0.328445735082,0.34395845374
