dataset,context_set,feature_set,model,accuracy,precision,recall,f1_score
dstc2,last,10-[5+1.3.4],LR.pen=l1.C=1.000000,0.627036753674,0.47457512174,0.462473065158,0.463813273359
dstc3,last,10-[5+1.3.4],LR.pen=l1.C=1.000000,0.591949870663,0.46639319172,0.444306685754,0.449076824774
family,last,10-[5+1.3.4],LR.pen=l1.C=1.000000,0.727825213461,0.471217268043,0.35429952758,0.370900786834
ghome,last,10-[5+1.3.4],LR.pen=l1.C=1.000000,0.753987426176,0.425503194773,0.327758362007,0.342847102275
