dataset,context_set,feature_set,model,test_round,accuracy,precision,recall,f1_score
dstc2,next,0-all w/ similarity,LR.pen=l1.C=1.000000,0,0.84588441331,0.770716876241,0.750745904623,0.75981375017
dstc2,next,0-all w/ similarity,LR.pen=l1.C=1.000000,1,0.807355516637,0.741630905188,0.697431353685,0.715702097478
dstc3,next,0-all w/ similarity,LR.pen=l1.C=1.000000,0,0.787162162162,0.784055790879,0.700668813209,0.730778273421
dstc3,next,0-all w/ similarity,LR.pen=l1.C=1.000000,1,0.778716216216,0.694017414221,0.667221990839,0.678674220363
family,next,0-all w/ similarity,LR.pen=l1.C=1.000000,0,0.866477272727,0.70226029601,0.671746562616,0.684604146637
family,next,0-all w/ similarity,LR.pen=l1.C=1.000000,1,0.883522727273,0.857933445864,0.728476278955,0.765055700627
ghome,next,0-all w/ similarity,LR.pen=l1.C=1.000000,0,0.85632183908,0.61358077609,0.541300719055,0.564769836789
ghome,next,0-all w/ similarity,LR.pen=l1.C=1.000000,1,0.904214559387,0.841512345679,0.659698681733,0.693648714405
