dataset,context_set,feature_set,model,test_round,accuracy,precision,recall,f1_score
dstc3,next,0-all w/ similarity,LR.pen=l1.C=1.000000,0,0.787162162162,0.784055790879,0.700668813209,0.730778273421
dstc3,next,0-all w/ similarity,LR.pen=l1.C=1.000000,1,0.778716216216,0.694017414221,0.667221990839,0.678674220363
