dataset,context_set,feature_set,model,test_round,accuracy,precision,recall,f1_score
dstc2,next,0-all w/ similarity,LR.pen=l1.C=1.000000,0,0.84588441331,0.770716876241,0.750745904623,0.75981375017
dstc2,next,0-all w/ similarity,LR.pen=l1.C=1.000000,1,0.807355516637,0.741630905188,0.697431353685,0.715702097478
