dataset,context_set,feature_set,model,test_round,accuracy,precision,recall,f1_score
family,next,0-all w/ similarity,LR.pen=l1.C=1.000000,0,0.866477272727,0.70226029601,0.671746562616,0.684604146637
family,next,0-all w/ similarity,LR.pen=l1.C=1.000000,1,0.883522727273,0.857933445864,0.728476278955,0.765055700627
