dataset,context_set,feature_set,model,test_round,accuracy,precision,recall,f1_score
ghome,next,0-all w/ similarity,LR.pen=l1.C=1.000000,0,0.85632183908,0.61358077609,0.541300719055,0.564769836789
ghome,next,0-all w/ similarity,LR.pen=l1.C=1.000000,1,0.904214559387,0.841512345679,0.659698681733,0.693648714405
