dataset,A-precision,A-recall,A-f1-score,A-support,C-precision,C-recall,C-f1-score,C-support,F-precision,F-recall,F-f1-score,F-support,R-precision,R-recall,R-f1-score,R-support
dstc2,0.695342,0.300714,0.408035,14.200000,0.758368,0.788081,0.772692,164.500000,0.908690,0.926885,0.917620,268.300000,0.755030,0.729249,0.741576,125.500000
dstc3,0.733630,0.345857,0.462841,20.800000,0.754542,0.773945,0.763849,169.300000,0.882842,0.933999,0.907609,281.200000,0.655461,0.602294,0.627311,122.100000
family,0.610634,0.257704,0.356485,23.200000,0.690107,0.750370,0.716888,27.000000,0.926404,0.993843,0.958886,250.100000,0.725454,0.625183,0.670454,52.700000
ghome,0.747514,0.696621,0.719942,59.500000,0.410667,0.080000,0.130221,12.200000,0.938886,0.992284,0.964822,396.600000,0.741523,0.623994,0.675591,55.800000
all,0.696780,0.400224,0.486826,29.425000,0.653421,0.598099,0.595912,93.250000,0.914205,0.961753,0.937234,299.050000,0.719367,0.645180,0.678733,89.025000
