dataset,context_set,feature_set,model,accuracy,precision,recall,f1_score
dstc2,current,7-d2v,LR.pen=l1.C=1.000000,0.743271489453,0.570686473308,0.536163163984,0.53765889441
dstc3,current,7-d2v,LR.pen=l1.C=1.000000,0.733700829542,0.540262837044,0.517896103147,0.514617753145
family,current,7-d2v,LR.pen=l1.C=1.000000,0.803489766449,0.593151856964,0.549170286729,0.563645597048
ghome,current,7-d2v,LR.pen=l1.C=1.000000,0.842978980123,0.572180237099,0.516640317563,0.535665628706
