dataset,context_set,feature_set,model,accuracy,precision,recall,f1_score
dstc2,current,15-[5+1.2.3.4],LR.pen=l1.C=1.000000,0.646428814785,0.502643642861,0.469463738385,0.471911485526
dstc3,current,15-[5+1.2.3.4],LR.pen=l1.C=1.000000,0.624829743109,0.515177085016,0.462542683646,0.469441083673
family,current,15-[5+1.2.3.4],LR.pen=l1.C=1.000000,0.731072011552,0.479823822393,0.368014347995,0.388116421655
ghome,current,15-[5+1.2.3.4],LR.pen=l1.C=1.000000,0.766818018247,0.49131840197,0.35839401413,0.384413015969
