dataset,A-precision,A-recall,A-f1-score,A-support,C-precision,C-recall,C-f1-score,C-support,F-precision,F-recall,F-f1-score,F-support,R-precision,R-recall,R-f1-score,R-support
dstc2,0.593760,0.376429,0.451070,14.200000,0.760392,0.765037,0.762393,164.500000,0.905335,0.923227,0.914109,268.300000,0.745438,0.737778,0.741209,125.500000
dstc3,0.639940,0.451000,0.523245,20.800000,0.746063,0.744276,0.744975,169.300000,0.892087,0.920415,0.905954,281.200000,0.619834,0.605898,0.612441,122.100000
family,0.596266,0.474609,0.523092,23.200000,0.689030,0.654074,0.668038,27.000000,0.939959,0.969371,0.954391,250.100000,0.690882,0.661056,0.674456,52.700000
ghome,0.696794,0.677039,0.685613,59.500000,0.375310,0.165714,0.224370,12.200000,0.953945,0.978605,0.966084,396.600000,0.664761,0.639850,0.650525,55.800000
all,0.631690,0.494769,0.545755,29.425000,0.642699,0.582275,0.599944,93.250000,0.922832,0.947905,0.935134,299.050000,0.680229,0.661146,0.669658,89.025000
