dataset,context_set,feature_set,model,accuracy,precision,recall,f1_score
dstc2,last,12-[7+1.3.4],LR.pen=l1.C=1.000000,0.62503218711,0.482259510722,0.465079491375,0.467701595683
dstc3,last,12-[7+1.3.4],LR.pen=l1.C=1.000000,0.588564244938,0.467729708162,0.441635892828,0.447345506073
family,last,12-[7+1.3.4],LR.pen=l1.C=1.000000,0.727144964842,0.46903595982,0.351788954239,0.367908993289
ghome,last,12-[7+1.3.4],LR.pen=l1.C=1.000000,0.753436210072,0.439430359507,0.330784600504,0.347496930415
