dataset,context_set,feature_set,model,accuracy,precision,recall,f1_score
dstc2,all,2-lexical,LinearSVC.pen=l1.C=1.000000,0.790674823524,0.671711806772,0.633196340082,0.64292457572
dstc3,all,2-lexical,LinearSVC.pen=l1.C=1.000000,0.780212402997,0.674437616513,0.60915809493,0.62343733207
family,all,2-lexical,LinearSVC.pen=l1.C=1.000000,0.859134229031,0.697613262578,0.642197366754,0.654842950022
ghome,all,2-lexical,LinearSVC.pen=l1.C=1.000000,0.877229525201,0.642490224769,0.572318512516,0.597241991139
