dataset,context_set,feature_set,model,accuracy,precision,recall,f1_score
dstc2,next,11-[6+1.3.4],LR.pen=l1.C=1.000000,0.827617855029,0.749435751502,0.698352770692,0.714698844711
dstc3,next,11-[6+1.3.4],LR.pen=l1.C=1.000000,0.807443359201,0.731184688496,0.684510350163,0.701118296058
family,next,11-[6+1.3.4],LR.pen=l1.C=1.000000,0.839285534907,0.672764317539,0.635300777518,0.649774165124
ghome,next,11-[6+1.3.4],LR.pen=l1.C=1.000000,0.869692004826,0.637970326316,0.609734506865,0.620052323103
