dataset,context_set,feature_set,model,accuracy,precision,recall,f1_score
dstc2,next,10-[5+1.3.4],LR.pen=l1.C=16.000000,0.820766991626,0.687320390889,0.706919870437,0.693248254903
dstc3,next,10-[5+1.3.4],LR.pen=l1.C=16.000000,0.804075127107,0.733464727964,0.687834025289,0.704023938414
family,next,10-[5+1.3.4],LR.pen=l1.C=16.000000,0.843917943245,0.681202116905,0.670927243656,0.673314411188
ghome,next,10-[5+1.3.4],LR.pen=l1.C=16.000000,0.883891534896,0.696717712701,0.613313726567,0.635206900986
