dataset,context_set,feature_set,model,accuracy,precision,recall,f1_score
dstc2,current,6-w2v,LR.pen=l1.C=1.000000,0.758899601322,0.593153378624,0.552949743642,0.559119506293
dstc3,current,6-w2v,LR.pen=l1.C=1.000000,0.751579141022,0.59125909561,0.549834723328,0.555084546563
family,current,6-w2v,LR.pen=l1.C=1.000000,0.825631592165,0.634899806458,0.594658159731,0.609143234892
ghome,current,6-w2v,LR.pen=l1.C=1.000000,0.84304946974,0.579445524411,0.557564256439,0.566231962788
