dataset,context_set,feature_set,model,accuracy,precision,recall,f1_score
dstc2,current,15-[5+1.2.3.4],LR.pen=l1.C=1.000000,0.646215967436,0.501206565702,0.469616232868,0.472226220501
dstc3,current,15-[5+1.2.3.4],LR.pen=l1.C=1.000000,0.624899652127,0.515116560331,0.462590436174,0.469475611386
family,current,15-[5+1.2.3.4],LR.pen=l1.C=1.000000,0.731245605224,0.478829337665,0.367518560488,0.387506418655
ghome,current,15-[5+1.2.3.4],LR.pen=l1.C=1.000000,0.766742871658,0.490418444156,0.358622588132,0.384744060194
