dataset,context_set,feature_set,model,accuracy,precision,recall,f1_score
dstc2,next,12-[7+1.3.4],LR.pen=l1.C=1.000000,0.821769304794,0.736579355187,0.691458989119,0.706602783247
dstc3,next,12-[7+1.3.4],LR.pen=l1.C=1.000000,0.803911671573,0.717223856296,0.681256078334,0.694511571419
family,next,12-[7+1.3.4],LR.pen=l1.C=1.000000,0.855901870919,0.700469669722,0.673190590152,0.682546010096
ghome,next,12-[7+1.3.4],LR.pen=l1.C=1.000000,0.877158612222,0.668991744221,0.594041171719,0.611507430915
