dataset,context_set,feature_set,model,accuracy,precision,recall,f1_score
dstc2,last,2-lexical,LR.pen=l1.C=1.000000,0.586980030245,0.420793444195,0.420681871265,0.418459041141
dstc3,last,2-lexical,LR.pen=l1.C=1.000000,0.566257135849,0.414908864706,0.407307165097,0.406651545718
family,last,2-lexical,LR.pen=l1.C=1.000000,0.694390381718,0.398972179993,0.332645958326,0.344045375192
ghome,last,2-lexical,LR.pen=l1.C=1.000000,0.741948095934,0.392431444636,0.333111648774,0.346131020173
