dataset,context_set,feature_set,model,accuracy,precision,recall,f1_score
dstc2,next,11-[6+1.3.4],LR.pen=l1.C=1.000000,0.831969181664,0.745042179106,0.704574872061,0.718416403857
dstc3,next,11-[6+1.3.4],LR.pen=l1.C=1.000000,0.80803819909,0.725977936724,0.691998391567,0.704798413882
family,next,11-[6+1.3.4],LR.pen=l1.C=1.000000,0.856935899046,0.708409530817,0.670042855769,0.684694345642
ghome,next,11-[6+1.3.4],LR.pen=l1.C=1.000000,0.884455875193,0.671535567969,0.609944601166,0.628230418795
