dataset,context_set,feature_set,model,test_round,accuracy,precision,recall,f1_score
dstc2,next,5-lda w/ similarity,LR.pen=l1.C=1.000000,0,0.819614711033,0.614479534539,0.602391700036,0.603701033405
dstc3,next,5-lda w/ similarity,LR.pen=l1.C=1.000000,0,0.753378378378,0.546464710884,0.551762073288,0.545718034349
family,next,5-lda w/ similarity,LR.pen=l1.C=1.000000,0,0.806818181818,0.569937979386,0.509464387464,0.509669583889
ghome,next,5-lda w/ similarity,LR.pen=l1.C=1.000000,0,0.850574712644,0.587023726718,0.473760914227,0.510202687817
