dataset,context_set,feature_set,model,accuracy,precision,recall,f1_score
dstc2,next,1-basic,LR.pen=l1.C=1.000000,0.701774146309,0.511217143132,0.488590974076,0.47698381562
dstc3,next,1-basic,LR.pen=l1.C=1.000000,0.677474355544,0.602520754983,0.476250306088,0.469601278356
family,next,1-basic,LR.pen=l1.C=1.000000,0.718852649422,0.500249854239,0.305862305258,0.308130364138
ghome,next,1-basic,LR.pen=l1.C=1.000000,0.758224000339,0.429925318538,0.282671935112,0.279657442892
