dataset,context_set,feature_set,model,accuracy,precision,recall,f1_score
dstc2,next,17-[7+1.2.3.4],LR.pen=l1.C=1.000000,0.780449842501,0.708722312345,0.63576866095,0.656061842196
dstc3,next,17-[7+1.2.3.4],LR.pen=l1.C=1.000000,0.754297453394,0.698428664195,0.606018524377,0.62984807491
family,next,17-[7+1.2.3.4],LR.pen=l1.C=1.000000,0.866247802612,0.715451761476,0.644876290531,0.661630452305
ghome,next,17-[7+1.2.3.4],LR.pen=l1.C=1.000000,0.868471878241,0.665789562093,0.534300718753,0.558190815485
