dataset,A-precision,A-recall,A-f1-score,A-support,C-precision,C-recall,C-f1-score,C-support,F-precision,F-recall,F-f1-score,F-support,R-precision,R-recall,R-f1-score,R-support
dstc2,0.841488,0.302321,0.420704,14.200000,0.720509,0.801061,0.756718,164.500000,0.910091,0.921372,0.915414,268.300000,0.704576,0.623945,0.658990,125.500000
dstc3,0.767430,0.361286,0.479685,20.800000,0.726991,0.751119,0.735980,169.300000,0.876000,0.949008,0.910739,281.200000,0.579876,0.481533,0.518255,122.100000
