dataset,context_set,feature_set,model,accuracy,precision,recall,f1_score
dstc2,last,15-[5+1.2.3.4],LR.pen=l1.C=1.000000,0.619371380071,0.472296906675,0.453271618916,0.454994439968
dstc3,last,15-[5+1.2.3.4],LR.pen=l1.C=1.000000,0.603478726251,0.480847864525,0.444420438279,0.448599199846
family,last,15-[5+1.2.3.4],LR.pen=l1.C=1.000000,0.732577536414,0.488388118868,0.358144783302,0.377640421242
ghome,last,15-[5+1.2.3.4],LR.pen=l1.C=1.000000,0.764818272263,0.472200758748,0.332959530766,0.353070205268
