dataset,A-precision,A-recall,A-f1-score,A-support,C-precision,C-recall,C-f1-score,C-support,F-precision,F-recall,F-f1-score,F-support,R-precision,R-recall,R-f1-score,R-support
dstc2,0.600842,0.296250,0.385230,14.200000,0.704834,0.722031,0.713038,164.500000,0.898500,0.919423,0.908766,268.300000,0.626313,0.609588,0.617532,125.500000
dstc3,0.595288,0.371286,0.452671,20.800000,0.688600,0.702683,0.695377,169.300000,0.874679,0.912094,0.892881,281.200000,0.502675,0.469971,0.485328,122.100000
family,0.591222,0.246330,0.340366,23.200000,0.659004,0.747407,0.698010,27.000000,0.925316,0.991924,0.957406,250.100000,0.709473,0.594550,0.645709,52.700000
ghome,0.601291,0.578332,0.588078,59.500000,0.407000,0.078810,0.127641,12.200000,0.936453,0.982393,0.958834,396.600000,0.573386,0.499302,0.532068,55.800000
all,0.597161,0.373049,0.441586,29.425000,0.614860,0.562733,0.558516,93.250000,0.908737,0.951459,0.929472,299.050000,0.602962,0.543353,0.570159,89.025000
