dataset,context_set,feature_set,model,accuracy,precision,recall,f1_score
dstc2,next,14-[1.3.4],LR.pen=l1.C=1.000000,0.779328105294,0.707622266143,0.636823093212,0.656141398794
dstc3,next,14-[1.3.4],LR.pen=l1.C=1.000000,0.742410021408,0.665310632121,0.614008403867,0.631564025384
family,next,14-[1.3.4],LR.pen=l1.C=1.000000,0.864895153189,0.721253953336,0.645053124977,0.660372367566
ghome,next,14-[1.3.4],LR.pen=l1.C=1.000000,0.864058550835,0.629532500192,0.534709003814,0.551655302435
