dataset,context_set,feature_set,model,accuracy,precision,recall,f1_score
dstc2,current,12-[7+1.3.4],LR.pen=l1.C=2.000000,0.642422371386,0.509247309298,0.476349352713,0.481450442694
dstc3,current,12-[7+1.3.4],LR.pen=l1.C=2.000000,0.619947484613,0.501760829493,0.466193677579,0.473400281968
family,current,12-[7+1.3.4],LR.pen=l1.C=2.000000,0.721054432446,0.454202602312,0.382006136974,0.399119785577
ghome,current,12-[7+1.3.4],LR.pen=l1.C=2.000000,0.750497872611,0.451280686446,0.368649864186,0.389458957711
