dataset,context_set,feature_set,model,accuracy,precision,recall,f1_score
dstc2,last,7-d2v,LR.pen=l1.C=1.000000,0.606369341853,0.453884926389,0.436954070523,0.433237389937
dstc3,last,7-d2v,LR.pen=l1.C=1.000000,0.584404937115,0.422105339457,0.413537080846,0.410428944271
family,last,7-d2v,LR.pen=l1.C=1.000000,0.661474761426,0.350945517012,0.321343761896,0.327559699734
ghome,last,7-d2v,LR.pen=l1.C=1.000000,0.732284456299,0.366977499882,0.308732123755,0.317556300101
