dataset,context_set,feature_set,model,accuracy,precision,recall,f1_score
dstc2,next,10-[5+1.3.4],LR.pen=l1.C=1.000000,0.818035002361,0.757368012578,0.684190730698,0.704881060878
dstc3,next,10-[5+1.3.4],LR.pen=l1.C=1.000000,0.787373784676,0.722619372909,0.669183591966,0.687274291489
family,next,10-[5+1.3.4],LR.pen=l1.C=1.000000,0.874364954797,0.752071182574,0.668465792027,0.688454352528
ghome,next,10-[5+1.3.4],LR.pen=l1.C=1.000000,0.891212294405,0.680601369073,0.583772995828,0.607120685486
