dataset,context_set,feature_set,model,test_round,accuracy,precision,recall,f1_score
dstc2,next,6-w2v w/ similarity,LR.pen=l1.C=1.000000,0,0.819614711033,0.600083553964,0.602147979614,0.598815524779
dstc3,next,6-w2v w/ similarity,LR.pen=l1.C=1.000000,0,0.748310810811,0.54107911399,0.537478308178,0.533800739823
family,next,6-w2v w/ similarity,LR.pen=l1.C=1.000000,0,0.727272727273,0.589085820896,0.302336182336,0.300788264024
ghome,next,6-w2v w/ similarity,LR.pen=l1.C=1.000000,0,0.850574712644,0.568940093,0.486736004109,0.503739727423
