dataset,context_set,feature_set,model,accuracy,precision,recall,f1_score
dstc2,last,4-syntactic,LR.pen=l1.C=1.000000,0.601136979014,0.439659098476,0.431640214406,0.427924986699
dstc3,last,4-syntactic,LR.pen=l1.C=1.000000,0.572798925163,0.421424365176,0.408571703904,0.401267675754
family,last,4-syntactic,LR.pen=l1.C=1.000000,0.691817867906,0.371068043657,0.316345503937,0.321536579055
ghome,last,4-syntactic,LR.pen=l1.C=1.000000,0.734616964078,0.385801568537,0.310978494258,0.322313782944
