dataset,context_set,feature_set,model,accuracy,precision,recall,f1_score
dstc2,next,4-syntactic,LinearSVC.pen=l1.C=0.062500,0.363929935506,0.256260310751,0.24978837789,0.248243222568
family,next,4-syntactic,LinearSVC.pen=l1.C=2.000000,0.650197764942,0.258044289641,0.252942222478,0.239525669836
ghome,next,4-syntactic,LinearSVC.pen=l1.C=2.000000,0.649654114011,0.259584236059,0.256327912721,0.25472423497
dstc3,next,4-syntactic,LinearSVC.pen=l1.C=0.062500,0.382021898136,0.25626121842,0.257065223943,0.253329452281
