dataset,context_set,feature_set,model,accuracy,precision,recall,f1_score
dstc2,next,4-syntactic,LR.pen=l1.C=1.000000,0.771567455455,0.714043553462,0.624077105233,0.647685380424
dstc3,next,4-syntactic,LR.pen=l1.C=1.000000,0.771481915083,0.680516917218,0.623364235041,0.640420292956
family,next,4-syntactic,LR.pen=l1.C=1.000000,0.856178114013,0.698691856445,0.63323698504,0.659083015772
ghome,next,4-syntactic,LR.pen=l1.C=1.000000,0.858312906162,0.602103199869,0.546711849925,0.563593157853
