dataset,A-precision,A-recall,A-f1-score,A-support,C-precision,C-recall,C-f1-score,C-support,F-precision,F-recall,F-f1-score,F-support,R-precision,R-recall,R-f1-score,R-support
dstc2,0.803246,0.304286,0.421607,14.200000,0.723151,0.761804,0.738854,164.500000,0.899585,0.924123,0.911157,268.300000,0.682871,0.626277,0.647603,125.500000
dstc3,0.776055,0.387286,0.502709,20.800000,0.718049,0.755008,0.733454,169.300000,0.880509,0.946590,0.912019,281.200000,0.583275,0.477946,0.519579,122.100000
family,0.776055,0.387286,0.502709,20.800000,0.718049,0.755008,0.733454,169.300000,0.880509,0.946590,0.912019,281.200000,0.583275,0.477946,0.519579,122.100000
ghome,0.637449,0.628787,0.628697,59.500000,0.497288,0.250476,0.309432,12.200000,0.953272,0.985621,0.969115,396.600000,0.620267,0.527469,0.563224,55.800000
