dataset,context_set,feature_set,model,accuracy,precision,recall,f1_score
dstc2,next,11-[6+1.3.4],LR.pen=l1.C=1.000000,0.831969181664,0.744833938673,0.704565359866,0.718333548408
dstc3,next,11-[6+1.3.4],LR.pen=l1.C=1.000000,0.807936847739,0.72575755324,0.691910028567,0.704650150089
family,next,11-[6+1.3.4],LR.pen=l1.C=1.000000,0.8567654445,0.707842513814,0.669919579416,0.684413770445
ghome,next,11-[6+1.3.4],LR.pen=l1.C=1.000000,0.884569335958,0.67030777346,0.610132693831,0.628382290055
