dataset,context_set,feature_set,model,accuracy,precision,recall,f1_score
dstc2,all,11-[6+1.3.4],LR.pen=l1.C=1.000000,0.774090303222,0.699917269738,0.626002839586,0.645406563129
dstc3,all,11-[6+1.3.4],LR.pen=l1.C=1.000000,0.753642293283,0.696010302625,0.615214099598,0.637620115573
family,all,11-[6+1.3.4],LR.pen=l1.C=1.000000,0.86206523104,0.714926217674,0.635865351978,0.645490456398
ghome,all,11-[6+1.3.4],LR.pen=l1.C=1.000000,0.867683579941,0.63019448549,0.527528882097,0.545290982652
