dataset,A-precision,A-recall,A-f1-score,A-support,C-precision,C-recall,C-f1-score,C-support,F-precision,F-recall,F-f1-score,F-support,R-precision,R-recall,R-f1-score,R-support
dstc2,0.603770,0.300357,0.391958,14.200000,0.703323,0.715615,0.709090,164.500000,0.894682,0.920471,0.907320,268.300000,0.622546,0.603557,0.612414,125.500000
dstc3,0.608838,0.379429,0.462715,20.800000,0.686662,0.691586,0.688907,169.300000,0.872343,0.909823,0.890583,281.200000,0.492763,0.469968,0.480770,122.100000
family,0.584632,0.242261,0.338070,23.200000,0.662207,0.740741,0.696793,27.000000,0.925995,0.992244,0.957931,250.100000,0.700416,0.596134,0.642958,52.700000
ghome,0.627547,0.574550,0.598193,59.500000,0.336190,0.075000,0.119401,12.200000,0.931960,0.989355,0.959757,396.600000,0.607732,0.499169,0.545621,55.800000
all,0.606197,0.374149,0.447734,29.425000,0.597095,0.555735,0.553548,93.250000,0.906245,0.952973,0.928898,299.050000,0.605864,0.542207,0.570441,89.025000
