dataset,context_set,feature_set,model,accuracy,precision,recall,f1_score
dstc2,next,10-[5+1.3.4],LR.pen=l1.C=1.000000,0.776756782604,0.706080359621,0.634999872665,0.655195344683
dstc3,next,10-[5+1.3.4],LR.pen=l1.C=1.000000,0.738412385157,0.66515144263,0.612701460551,0.630743818381
family,next,10-[5+1.3.4],LR.pen=l1.C=1.000000,0.864558952788,0.718312324088,0.64284485143,0.658937784945
ghome,next,10-[5+1.3.4],LR.pen=l1.C=1.000000,0.868794691052,0.625857508949,0.534518340187,0.555743360933
