dataset,model,accuracy,precision,recall,f1_score,training_time,test_time
dstc2,LR.pen=l1.C=1,0.835376532399,0.779456828803,0.691058531385,0.716060800625,35.5203158855,0.0161204338074
dstc3,LR.pen=l1.C=1,0.836993243243,0.794517490169,0.677662022853,0.704146942644,38.8359134197,0.0160697698593
ghome,LR.pen=l1.C=1,0.901340996169,0.653015687536,0.589138204075,0.612255681226,76.987349391,0.219807505608
family,LR.pen=l1.C=1,0.873579545455,0.72929828833,0.648141675957,0.665459275572,65.5513314009,0.250694036484
