dataset,model,accuracy,precision,recall,f1_score,training_time,test_time
dstc2,LR.pen=l1.C=1,0.835376532399,0.779456828803,0.691058531385,0.716060800625,35.5203158855,0.0161204338074
