dataset,model,accuracy,precision,recall,f1_score,training_time,test_time
dstc3,LR.pen=l1.C=1,0.836993243243,0.794517490169,0.677662022853,0.704146942644,38.8359134197,0.0160697698593
