dataset,model,accuracy,precision,recall,f1_score,training_time,test_time
family,LR.pen=l1.C=1,0.873579545455,0.72929828833,0.648141675957,0.665459275572,65.5513314009,0.250694036484
