dataset,model,accuracy,precision,recall,f1_score,training_time,test_time
ghome,LR.pen=l1.C=1,0.901340996169,0.653015687536,0.589138204075,0.612255681226,76.987349391,0.219807505608
