dataset,A-precision,A-recall,A-f1-score,A-support,C-precision,C-recall,C-f1-score,C-support,F-precision,F-recall,F-f1-score,F-support,R-precision,R-recall,R-f1-score,R-support
dstc2,0.767824,0.344821,0.464050,14.200000,0.774444,0.825534,0.798877,164.500000,0.924103,0.934867,0.929348,268.300000,0.796421,0.755372,0.774986,125.500000
dstc3,0.731206,0.390857,0.502525,20.800000,0.782706,0.810188,0.795911,169.300000,0.881767,0.944169,0.911817,281.200000,0.710141,0.613423,0.657571,122.100000
family,0.694491,0.456904,0.547165,23.200000,0.721216,0.696296,0.706091,27.000000,0.936456,0.981525,0.958410,250.100000,0.736344,0.688618,0.710525,52.700000
ghome,0.737854,0.644529,0.686897,59.500000,0.480138,0.244762,0.313404,12.200000,0.937594,0.987032,0.961650,396.600000,0.748151,0.642447,0.689661,55.800000
all,0.732844,0.459278,0.550159,29.425000,0.689626,0.644195,0.653571,93.250000,0.919980,0.961898,0.940306,299.050000,0.747764,0.674965,0.708186,89.025000
