dataset,context_set,feature_set,model,accuracy,precision,recall,f1_score
dstc2,next,15-[5+1.2.3.4],LR.pen=l1.C=1.000000,0.849490505251,0.815697896308,0.715148679325,0.741815255505
dstc3,next,15-[5+1.2.3.4],LR.pen=l1.C=1.000000,0.818427994827,0.7764548337,0.689659116508,0.716955870107
family,next,15-[5+1.2.3.4],LR.pen=l1.C=1.000000,0.881390005023,0.77212664249,0.705836013657,0.730547655165
ghome,next,15-[5+1.2.3.4],LR.pen=l1.C=1.000000,0.894188946043,0.725934282083,0.629692336506,0.662903237649
