dataset,model,accuracy,precision,recall,f1_score,training_time,test_time
dstc3,LR.pen=l1.C=1,0.777034215066,0.705027671713,0.645511635832,0.663959445202,142.309416842,0.271058416367
