dataset,model,accuracy,precision,recall,f1_score,training_time,test_time
family,LR.pen=l1.C=1,0.872400115063,0.740649001296,0.623349612095,0.64054336072,85.2021941185,0.251911449432
