dataset,context_set,feature_set,model,accuracy,precision,recall,f1_score
dstc2,all,12-[7+1.3.4],LR.pen=l1.C=1.000000,0.808860749658,0.742687662693,0.659694427491,0.680334466455
dstc3,all,12-[7+1.3.4],LR.pen=l1.C=1.000000,0.79250992329,0.741913983643,0.651027870383,0.674573141291
family,all,12-[7+1.3.4],LR.pen=l1.C=1.000000,0.866192553993,0.73420215253,0.648036595672,0.660011193101
ghome,all,12-[7+1.3.4],LR.pen=l1.C=1.000000,0.886062107068,0.664113017868,0.576272640867,0.592227541655
