dataset,context_set,feature_set,model,accuracy,precision,recall,f1_score
dstc2,current,2-lexical,LR.pen=l1.C=1.000000,0.744893516554,0.565884030263,0.549352292782,0.551671486685
dstc3,current,2-lexical,LR.pen=l1.C=1.000000,0.722725782713,0.542353585887,0.528208473694,0.530276042617
family,current,2-lexical,LR.pen=l1.C=1.000000,0.853151054746,0.68669532135,0.623835046763,0.647568638491
ghome,current,2-lexical,LR.pen=l1.C=1.000000,0.856737791325,0.5943307797,0.529001997029,0.548194793597
