dataset,A-precision,A-recall,A-f1-score,A-support,C-precision,C-recall,C-f1-score,C-support,F-precision,F-recall,F-f1-score,F-support,R-precision,R-recall,R-f1-score,R-support
dstc2,0.647066,0.328393,0.426439,14.200000,0.736137,0.750729,0.743075,164.500000,0.903725,0.925166,0.914211,268.300000,0.704385,0.687717,0.695657,125.500000
dstc3,0.618767,0.387286,0.470743,20.800000,0.743972,0.750162,0.746871,169.300000,0.887471,0.916502,0.901625,281.200000,0.618077,0.602131,0.609633,122.100000
family,0.668027,0.293809,0.400977,23.200000,0.668441,0.749630,0.704605,27.000000,0.927004,0.991124,0.957934,250.100000,0.741969,0.630228,0.680310,52.700000
ghome,0.680027,0.663300,0.670148,59.500000,0.302000,0.057143,0.093885,12.200000,0.938102,0.981233,0.959141,396.600000,0.700990,0.624133,0.659022,55.800000
all,0.653472,0.418197,0.492077,29.425000,0.612637,0.576916,0.572109,93.250000,0.914075,0.953506,0.933228,299.050000,0.691355,0.636052,0.661156,89.025000
