dataset,context_set,feature_set,model,accuracy,precision,recall,f1_score
dstc2,next,12-[7+1.3.4],LR.pen=l1.C=2.000000,0.768832716688,0.68146925997,0.62656139435,0.642457023962
dstc3,next,12-[7+1.3.4],LR.pen=l1.C=2.000000,0.723435019178,0.6432323463,0.601157336584,0.616213595532
family,next,12-[7+1.3.4],LR.pen=l1.C=2.000000,0.864678867403,0.714062651062,0.64495478873,0.660285470655
ghome,next,12-[7+1.3.4],LR.pen=l1.C=2.000000,0.866308714887,0.653661405193,0.544948024724,0.566640140499
