dataset,context_set,feature_set,model,accuracy,precision,recall,f1_score
dstc2,all,15-[5+1.2.3.4],LR.pen=l1.C=1.000000,0.786639629893,0.733154186299,0.624974097462,0.646273207883
dstc3,all,15-[5+1.2.3.4],LR.pen=l1.C=1.000000,0.769186959236,0.711149686122,0.593596044491,0.614848161577
family,all,15-[5+1.2.3.4],LR.pen=l1.C=1.000000,0.862346182823,0.706750206633,0.635677143453,0.645542449939
ghome,all,15-[5+1.2.3.4],LR.pen=l1.C=1.000000,0.864599394594,0.630529866234,0.520068814129,0.542212955465
