dataset,context_set,feature_set,model,accuracy,precision,recall,f1_score
dstc2,current,13-[8+1.3.4],LR.pen=l1.C=1.000000,0.641170391445,0.514974206677,0.475633257326,0.481350399945
dstc3,current,13-[8+1.3.4],LR.pen=l1.C=1.000000,0.615687828918,0.498776544147,0.460854575183,0.467246104602
family,current,13-[8+1.3.4],LR.pen=l1.C=1.000000,0.738166436464,0.508199846102,0.383320663931,0.407005168784
ghome,current,13-[8+1.3.4],LR.pen=l1.C=1.000000,0.759769691581,0.482395550254,0.369612904819,0.394451376403
