dataset,context_set,feature_set,model,test_round,accuracy,precision,recall,f1_score
dstc2,next,8-skipthought w/ similarity,LR.pen=l1.C=1.000000,0,0.728546409807,0.538578251384,0.520002366218,0.52264253247
dstc3,next,8-skipthought w/ similarity,LR.pen=l1.C=1.000000,0,0.618243243243,0.443851245268,0.429784602405,0.427201822232
family,next,8-skipthought w/ similarity,LR.pen=l1.C=1.000000,0,0.707386363636,0.17735042735,0.249,0.207154742097
