dataset,context_set,feature_set,model,accuracy,precision,recall,f1_score
dstc2,current,12-[7+1.3.4],LR.pen=l1.C=1.000000,0.654829799824,0.524867877908,0.480375557439,0.484529214027
dstc3,current,12-[7+1.3.4],LR.pen=l1.C=1.000000,0.631157679957,0.521486336001,0.471349172706,0.479625004883
family,current,12-[7+1.3.4],LR.pen=l1.C=1.000000,0.728098317428,0.472810884082,0.377400318553,0.395981941162
ghome,current,12-[7+1.3.4],LR.pen=l1.C=1.000000,0.758119430156,0.460087689558,0.360290957977,0.382975017576
