dataset,context_set,feature_set,model,test_round,accuracy,precision,recall,f1_score
dstc2,next,5-lda w/ similarity,LR.pen=l1.C=1.000000,0,0.859894921191,0.827500597693,0.690743252379,0.720756367879
dstc3,next,5-lda w/ similarity,LR.pen=l1.C=1.000000,0,0.798986486486,0.826701440636,0.640241860151,0.674827570292
family,next,5-lda w/ similarity,LR.pen=l1.C=1.000000,0,0.838068181818,0.648003023917,0.593568004459,0.609616860799
ghome,next,5-lda w/ similarity,LR.pen=l1.C=1.000000,0,0.86398467433,0.579698469777,0.50887690464,0.532743950423
