dataset,context_set,feature_set,model,test_round,accuracy,precision,recall,f1_score
dstc2,next,14-[1.3.4] w/ similarity,LR.pen=l1.C=1.000000,0,0.84938704028,0.823472292832,0.695076004992,0.727713281174
dstc2,next,14-[1.3.4] w/ similarity,LR.pen=l1.C=1.000000,1,0.817863397548,0.775027369409,0.722550782672,0.744200428086
dstc3,next,14-[1.3.4] w/ similarity,LR.pen=l1.C=1.000000,0,0.79222972973,0.737951505572,0.680765981527,0.702399638015
dstc3,next,14-[1.3.4] w/ similarity,LR.pen=l1.C=1.000000,1,0.785472972973,0.71059297232,0.671370319926,0.687047040144
family,next,14-[1.3.4] w/ similarity,LR.pen=l1.C=1.000000,0,0.866477272727,0.705478400111,0.617246500681,0.642121571051
family,next,14-[1.3.4] w/ similarity,LR.pen=l1.C=1.000000,1,0.877840909091,0.795396935131,0.63808757587,0.673046080361
ghome,next,14-[1.3.4] w/ similarity,LR.pen=l1.C=1.000000,0,0.877394636015,0.814852793729,0.576461650402,0.598120758079
ghome,next,14-[1.3.4] w/ similarity,LR.pen=l1.C=1.000000,1,0.875478927203,0.555137205438,0.549865177196,0.551077341341
