dataset,context_set,feature_set,model,test_round,accuracy,precision,recall,f1_score
dstc2,next,14-[1.3.4] w/ similarity,LR.pen=l1.C=1.000000,0,0.84938704028,0.823472292832,0.695076004992,0.727713281174
dstc2,next,14-[1.3.4] w/ similarity,LR.pen=l1.C=1.000000,1,0.817863397548,0.775027369409,0.722550782672,0.744200428086
