dataset,context_set,feature_set,model,test_round,accuracy,precision,recall,f1_score
dstc3,next,14-[1.3.4] w/ similarity,LR.pen=l1.C=1.000000,0,0.79222972973,0.737951505572,0.680765981527,0.702399638015
dstc3,next,14-[1.3.4] w/ similarity,LR.pen=l1.C=1.000000,1,0.785472972973,0.71059297232,0.671370319926,0.687047040144
