dataset,context_set,feature_set,model,test_round,accuracy,precision,recall,f1_score
family,next,14-[1.3.4] w/ similarity,LR.pen=l1.C=1.000000,0,0.866477272727,0.705478400111,0.617246500681,0.642121571051
family,next,14-[1.3.4] w/ similarity,LR.pen=l1.C=1.000000,1,0.877840909091,0.795396935131,0.63808757587,0.673046080361
