dataset,context_set,feature_set,model,test_round,accuracy,precision,recall,f1_score
ghome,next,14-[1.3.4] w/ similarity,LR.pen=l1.C=1.000000,0,0.877394636015,0.814852793729,0.576461650402,0.598120758079
ghome,next,14-[1.3.4] w/ similarity,LR.pen=l1.C=1.000000,1,0.875478927203,0.555137205438,0.549865177196,0.551077341341
