dataset,context_set,feature_set,model,accuracy,precision,recall,f1_score
dstc2,last,17-[7+1.2.3.4],LR.pen=l1.C=1.000000,0.623513445664,0.476190285696,0.458502889293,0.460695846964
dstc3,last,17-[7+1.2.3.4],LR.pen=l1.C=1.000000,0.606337079654,0.481259181761,0.446342951808,0.450285375862
family,last,17-[7+1.2.3.4],LR.pen=l1.C=1.000000,0.73422683325,0.50178675228,0.362118600247,0.383184157121
ghome,last,17-[7+1.2.3.4],LR.pen=l1.C=1.000000,0.764264304312,0.476084924011,0.33468825027,0.355373572443
