dataset,context_set,feature_set,model,test_round,accuracy,precision,recall,f1_score
dstc2,next,13-[8+1.3.4] w/ similarity,LR.pen=l1.C=1.000000,0,0.854640980736,0.795625635482,0.740851994383,0.761649392391
dstc2,next,13-[8+1.3.4] w/ similarity,LR.pen=l1.C=1.000000,1,0.809106830123,0.754754515967,0.698839799262,0.72006044792
dstc3,next,13-[8+1.3.4] w/ similarity,LR.pen=l1.C=1.000000,0,0.785472972973,0.704593879064,0.696300631656,0.70012368903
dstc3,next,13-[8+1.3.4] w/ similarity,LR.pen=l1.C=1.000000,1,0.785472972973,0.663243448278,0.663238501479,0.662800800726
family,next,13-[8+1.3.4] w/ similarity,LR.pen=l1.C=1.000000,0,0.875,0.744233153031,0.68863154961,0.712765243084
family,next,13-[8+1.3.4] w/ similarity,LR.pen=l1.C=1.000000,1,0.855113636364,0.694037633693,0.637057847145,0.657213723815
ghome,next,13-[8+1.3.4] w/ similarity,LR.pen=l1.C=1.000000,0,0.86398467433,0.664855266685,0.573598270844,0.598101991565
ghome,next,13-[8+1.3.4] w/ similarity,LR.pen=l1.C=1.000000,1,0.873563218391,0.634961210462,0.582410974148,0.589793837865
