dataset,context_set,feature_set,model,test_round,accuracy,precision,recall,f1_score
dstc2,next,13-[8+1.3.4] w/ similarity,LR.pen=l1.C=1.000000,0,0.854640980736,0.795625635482,0.740851994383,0.761649392391
dstc2,next,13-[8+1.3.4] w/ similarity,LR.pen=l1.C=1.000000,1,0.809106830123,0.754754515967,0.698839799262,0.72006044792
