dataset,context_set,feature_set,model,test_round,accuracy,precision,recall,f1_score
dstc3,next,13-[8+1.3.4] w/ similarity,LR.pen=l1.C=1.000000,0,0.785472972973,0.704593879064,0.696300631656,0.70012368903
dstc3,next,13-[8+1.3.4] w/ similarity,LR.pen=l1.C=1.000000,1,0.785472972973,0.663243448278,0.663238501479,0.662800800726
