dataset,context_set,feature_set,model,test_round,accuracy,precision,recall,f1_score
family,next,13-[8+1.3.4] w/ similarity,LR.pen=l1.C=1.000000,0,0.875,0.744233153031,0.68863154961,0.712765243084
family,next,13-[8+1.3.4] w/ similarity,LR.pen=l1.C=1.000000,1,0.855113636364,0.694037633693,0.637057847145,0.657213723815
