dataset,context_set,feature_set,model,accuracy,precision,recall,f1_score
dstc2,next,13-[8+1.3.4],LR.pen=l1.C=1.000000,0.831873905429,0.775190075725,0.719845896823,0.740854920155
dstc3,next,13-[8+1.3.4],LR.pen=l1.C=1.000000,0.785472972973,0.683918663671,0.679769566567,0.681462244878
family,next,13-[8+1.3.4],LR.pen=l1.C=1.000000,0.865056818182,0.719135393362,0.662844698377,0.684989483449
ghome,next,13-[8+1.3.4],LR.pen=l1.C=1.000000,0.86877394636,0.649908238573,0.578004622496,0.593947914715
