dataset,context_set,feature_set,model,accuracy,precision,recall,f1_score
dstc2,next,11-[6+1.3.4],LR.pen=l1.C=1.000000,0.250064433991,0.249640125693,0.251156564882,0.21752027624
dstc3,next,11-[6+1.3.4],LR.pen=l1.C=1.000000,0.246288578182,0.246946922476,0.24240172993,0.216232925033
family,next,11-[6+1.3.4],LR.pen=l1.C=1.000000,0.251271032145,0.249673948354,0.251507902841,0.194640306625
ghome,next,11-[6+1.3.4],LR.pen=l1.C=1.000000,0.253394932368,0.251076948019,0.256573604453,0.183286757842
