dataset,context_set,feature_set,model,accuracy,precision,recall,f1_score
dstc2,current,17-[7+1.2.3.4],LR.pen=l1.C=1.000000,0.789709389551,0.678096597641,0.620024971463,0.633807759092
dstc3,current,17-[7+1.2.3.4],LR.pen=l1.C=1.000000,0.775452791901,0.674188663328,0.604909613008,0.620897894918
family,current,17-[7+1.2.3.4],LR.pen=l1.C=1.000000,0.877624309392,0.75821204116,0.676113307604,0.698056521256
ghome,current,17-[7+1.2.3.4],LR.pen=l1.C=1.000000,0.88813699964,0.676558141338,0.58389410701,0.610271392741
