dataset,context_set,feature_set,model,test_round,accuracy,precision,recall,f1_score
dstc2,next,13-[8+1.3.4] w/ similarity,LR.pen=l1.C=1.000000,0,0.833625218914,0.760397466221,0.721364371522,0.737195600943
dstc2,next,13-[8+1.3.4] w/ similarity,LR.pen=l1.C=1.000000,1,0.802101576182,0.726184535991,0.661259841905,0.681600531836
dstc3,next,13-[8+1.3.4] w/ similarity,LR.pen=l1.C=1.000000,0,0.790540540541,0.714956975798,0.712938431989,0.71355016794
dstc3,next,13-[8+1.3.4] w/ similarity,LR.pen=l1.C=1.000000,1,0.790540540541,0.681501723982,0.678107471135,0.679547836597
family,next,13-[8+1.3.4] w/ similarity,LR.pen=l1.C=1.000000,0,0.877840909091,0.728597982511,0.697303728478,0.711914554245
family,next,13-[8+1.3.4] w/ similarity,LR.pen=l1.C=1.000000,1,0.889204545455,0.777018229167,0.736803914282,0.754285150922
ghome,next,13-[8+1.3.4] w/ similarity,LR.pen=l1.C=1.000000,0,0.86398467433,0.614943104613,0.56999229584,0.587717372112
ghome,next,13-[8+1.3.4] w/ similarity,LR.pen=l1.C=1.000000,1,0.875478927203,0.648469475284,0.61045625749,0.62247962248
