dataset,context_set,feature_set,model,test_round,accuracy,precision,recall,f1_score
dstc3,next,13-[8+1.3.4] w/ similarity,LR.pen=l1.C=1.000000,0,0.790540540541,0.714956975798,0.712938431989,0.71355016794
dstc3,next,13-[8+1.3.4] w/ similarity,LR.pen=l1.C=1.000000,1,0.790540540541,0.681501723982,0.678107471135,0.679547836597
