dataset,context_set,feature_set,model,test_round,accuracy,precision,recall,f1_score
family,next,13-[8+1.3.4] w/ similarity,LR.pen=l1.C=1.000000,0,0.877840909091,0.728597982511,0.697303728478,0.711914554245
family,next,13-[8+1.3.4] w/ similarity,LR.pen=l1.C=1.000000,1,0.889204545455,0.777018229167,0.736803914282,0.754285150922
