dataset,context_set,feature_set,model,test_round,accuracy,precision,recall,f1_score
ghome,next,13-[8+1.3.4] w/ similarity,LR.pen=l1.C=1.000000,0,0.86398467433,0.614943104613,0.56999229584,0.587717372112
ghome,next,13-[8+1.3.4] w/ similarity,LR.pen=l1.C=1.000000,1,0.875478927203,0.648469475284,0.61045625749,0.62247962248
