dataset,A-precision,A-recall,A-f1-score,A-support,C-precision,C-recall,C-f1-score,C-support,F-precision,F-recall,F-f1-score,F-support,R-precision,R-recall,R-f1-score,R-support
dstc2,0.777764,0.353214,0.474571,14.200000,0.773145,0.825136,0.798029,164.500000,0.925174,0.933451,0.929203,268.300000,0.794363,0.756357,0.774540,125.500000
dstc3,0.716653,0.404286,0.510651,20.800000,0.783497,0.810173,0.796367,169.300000,0.881958,0.944597,0.912120,281.200000,0.710122,0.610642,0.656118,122.100000
family,0.701006,0.464661,0.554692,23.200000,0.717849,0.699259,0.705936,27.000000,0.937385,0.981765,0.959016,250.100000,0.738595,0.688774,0.711571,52.700000
ghome,0.743771,0.646017,0.690277,59.500000,0.496755,0.241429,0.313010,12.200000,0.937679,0.987487,0.961907,396.600000,0.751115,0.649351,0.695068,55.800000
all,0.734798,0.467044,0.557548,29.425000,0.692812,0.643999,0.653336,93.250000,0.920549,0.961825,0.940562,299.050000,0.748549,0.676281,0.709324,89.025000
