dataset,context_set,feature_set,model,accuracy,precision,recall,f1_score
dstc2,current,15-[5+1.2.3.4],LR.pen=l1.C=1.000000,0.757966444116,0.623442967003,0.581762178336,0.591353036349
dstc3,current,15-[5+1.2.3.4],LR.pen=l1.C=1.000000,0.733482517171,0.588331144689,0.546582370152,0.554579300435
family,current,15-[5+1.2.3.4],LR.pen=l1.C=1.000000,0.866580863887,0.714992948822,0.645131534561,0.660718090917
ghome,current,15-[5+1.2.3.4],LR.pen=l1.C=1.000000,0.85993247391,0.603540123965,0.521717483991,0.545035731235
