dataset,context_set,feature_set,model,accuracy,precision,recall,f1_score
dstc2,last,3-phrasal,LR.pen=l1.C=1.000000,0.599374906607,0.440573030231,0.431387319225,0.428262430347
dstc3,last,3-phrasal,LR.pen=l1.C=1.000000,0.577992039069,0.420954223502,0.414431142466,0.412715645394
family,last,3-phrasal,LR.pen=l1.C=1.000000,0.692122363134,0.367109657821,0.305785791155,0.308623794313
ghome,last,3-phrasal,LR.pen=l1.C=1.000000,0.745512796088,0.404729178947,0.321922337802,0.334099587002
