dataset,context_set,feature_set,model,accuracy,precision,recall,f1_score
dstc2,next,11-[6+1.3.4],LR.pen=l1.C=1.000000,0.830592398224,0.746597102208,0.706695192073,0.719723929331
dstc3,next,11-[6+1.3.4],LR.pen=l1.C=1.000000,0.805388011774,0.728265203502,0.684638339551,0.700939503871
family,next,11-[6+1.3.4],LR.pen=l1.C=1.000000,0.848343483174,0.688922944768,0.656524397278,0.668659168467
ghome,next,11-[6+1.3.4],LR.pen=l1.C=1.000000,0.87161215893,0.637324910542,0.607228077052,0.617322993797
