dataset,context_set,feature_set,model,accuracy,precision,recall,f1_score
dstc2,current,16-[6+1.2.3.4],LR.pen=l1.C=1.000000,0.76114217916,0.626213017434,0.583339705779,0.593190392048
dstc3,current,16-[6+1.2.3.4],LR.pen=l1.C=1.000000,0.734164436714,0.585641557103,0.547273994309,0.555056338717
family,current,16-[6+1.2.3.4],LR.pen=l1.C=1.000000,0.868564791562,0.720474117199,0.647494853885,0.663471970537
ghome,current,16-[6+1.2.3.4],LR.pen=l1.C=1.000000,0.867633623336,0.625301524584,0.540629346971,0.563889318394
