dataset,A-precision,A-recall,A-f1-score,A-support,C-precision,C-recall,C-f1-score,C-support,F-precision,F-recall,F-f1-score,F-support,R-precision,R-recall,R-f1-score,R-support
dstc2,0.798043,0.350000,0.472891,14.200000,0.776701,0.826510,0.800615,164.500000,0.924562,0.934869,0.929590,268.300000,0.799490,0.761920,0.779768,125.500000
dstc3,0.705321,0.391714,0.497493,20.800000,0.785553,0.810051,0.797382,169.300000,0.882213,0.944097,0.912033,281.200000,0.711208,0.617676,0.660627,122.100000
family,0.677725,0.441322,0.529749,23.200000,0.717422,0.696296,0.704648,27.000000,0.935314,0.981606,0.957850,250.100000,0.733520,0.681421,0.705305,52.700000
ghome,0.742314,0.644216,0.688496,59.500000,0.477789,0.234762,0.302826,12.200000,0.936673,0.987084,0.961185,396.600000,0.748668,0.640762,0.688689,55.800000
all,0.730851,0.456813,0.547157,29.425000,0.689366,0.641905,0.651368,93.250000,0.919690,0.961914,0.940165,299.050000,0.748221,0.675445,0.708597,89.025000
