dataset,context_set,feature_set,model,accuracy,precision,recall,f1_score
dstc2,current,12-[7+1.3.4],LR.pen=l1.C=1.000000,0.654934878633,0.525017412117,0.480429553661,0.484616954064
dstc3,current,12-[7+1.3.4],LR.pen=l1.C=1.000000,0.631057109089,0.521454759373,0.471238135726,0.479491757958
family,current,12-[7+1.3.4],LR.pen=l1.C=1.000000,0.727700590156,0.471595130421,0.376585151228,0.394861103605
ghome,current,12-[7+1.3.4],LR.pen=l1.C=1.000000,0.758380220571,0.460564911736,0.360000283168,0.382650152883
