dataset,context_set,feature_set,model,accuracy,precision,recall,f1_score
dstc2,all,11-[6+1.3.4],LR.pen=l1.C=1.000000,0.819377656109,0.760514817302,0.673696723226,0.695262432646
dstc3,all,11-[6+1.3.4],LR.pen=l1.C=1.000000,0.799317076978,0.736302679135,0.665020442188,0.686494986847
family,all,11-[6+1.3.4],LR.pen=l1.C=1.000000,0.867437845304,0.739387631871,0.649448735531,0.661952160717
ghome,all,11-[6+1.3.4],LR.pen=l1.C=1.000000,0.892584195932,0.69247157611,0.58797245246,0.607184242752
