dataset,context_set,feature_set,model,accuracy,precision,recall,f1_score
dstc2,next,12-[7+1.3.4],LR.pen=l1.C=1.000000,0.810914747494,0.748102864504,0.67821810936,0.698706794287
dstc3,next,12-[7+1.3.4],LR.pen=l1.C=1.000000,0.780904468825,0.71649227527,0.661116760414,0.679746544692
family,next,12-[7+1.3.4],LR.pen=l1.C=1.000000,0.874540118031,0.750014865791,0.668971253237,0.687902382805
ghome,next,12-[7+1.3.4],LR.pen=l1.C=1.000000,0.890186702229,0.689914556211,0.593765394369,0.612798683878
