dataset,context_set,feature_set,model,accuracy,precision,recall,f1_score
dstc2,next,17-[7+1.2.3.4],LR.pen=l1.C=1.000000,0.808122508263,0.793138385744,0.667993329893,0.697226790233
dstc3,next,17-[7+1.2.3.4],LR.pen=l1.C=1.000000,0.768633150477,0.719449606766,0.625860933413,0.651896608602
family,next,17-[7+1.2.3.4],LR.pen=l1.C=1.000000,0.86804558011,0.733621425203,0.660117983749,0.685152626524
ghome,next,17-[7+1.2.3.4],LR.pen=l1.C=1.000000,0.863488283483,0.63684175065,0.551943067612,0.579905971852
