dataset,context_set,feature_set,model,accuracy,precision,recall,f1_score
dstc2,next,18-[8+1.2.3.4],LR.pen=l1.C=1.000000,0.823635619206,0.737738491168,0.70072945141,0.713727705354
dstc3,next,18-[8+1.2.3.4],LR.pen=l1.C=1.000000,0.796311881188,0.714953307458,0.683405400668,0.695068422096
family,next,18-[8+1.2.3.4],LR.pen=l1.C=1.000000,0.845235748368,0.68618381675,0.658337823255,0.66842671213
ghome,next,18-[8+1.2.3.4],LR.pen=l1.C=1.000000,0.875167756821,0.647275850146,0.6082058826,0.620222021223
