dataset,context_set,feature_set,model,test_round,accuracy,precision,recall,f1_score
dstc2,next,5-lda w/ similarity,LR.pen=l1.C=1.000000,0,0.851138353765,0.810778166637,0.713884367362,0.74593166633
dstc3,next,5-lda w/ similarity,LR.pen=l1.C=1.000000,0,0.79222972973,0.817129045729,0.622714380103,0.652020675532
family,next,5-lda w/ similarity,LR.pen=l1.C=1.000000,0,0.815340909091,0.600288180306,0.576342313886,0.583016013113
ghome,next,5-lda w/ similarity,LR.pen=l1.C=1.000000,0,0.867816091954,0.589305555556,0.524871597329,0.548038574698
