dataset,context_set,feature_set,model,accuracy,precision,recall,f1_score
dstc2,current,6-w2v,LR.pen=l1.C=1.000000,0.600725569775,0.430313770613,0.424507995724,0.415228331963
dstc3,current,6-w2v,LR.pen=l1.C=1.000000,0.592988582642,0.444732296366,0.417520121771,0.410240707477
family,current,6-w2v,LR.pen=l1.C=1.000000,0.685975012557,0.363172953412,0.307651623159,0.311982119472
ghome,current,6-w2v,LR.pen=l1.C=1.000000,0.751276010245,0.412557950464,0.328445735082,0.34395845374
