dataset,context_set,feature_set,model,test_round,accuracy,precision,recall,f1_score
dstc2,next,12-[7+1.3.4] w/ similarity,LR.pen=l1.C=1.000000,0,0.840630472855,0.800221464486,0.724979770139,0.75154482859
dstc2,next,12-[7+1.3.4] w/ similarity,LR.pen=l1.C=1.000000,1,0.795096322242,0.740516385303,0.687456289979,0.707426348701
dstc3,next,12-[7+1.3.4] w/ similarity,LR.pen=l1.C=1.000000,0,0.800675675676,0.777207062113,0.686393600554,0.716778586884
dstc3,next,12-[7+1.3.4] w/ similarity,LR.pen=l1.C=1.000000,1,0.790540540541,0.724639721264,0.678637921845,0.697202844442
family,next,12-[7+1.3.4] w/ similarity,LR.pen=l1.C=1.000000,0,0.860795454545,0.686538461538,0.628014121145,0.650270801877
family,next,12-[7+1.3.4] w/ similarity,LR.pen=l1.C=1.000000,1,0.886363636364,0.788086669666,0.692517961105,0.71022885166
ghome,next,12-[7+1.3.4] w/ similarity,LR.pen=l1.C=1.000000,0,0.871647509579,0.643277438277,0.563749785996,0.583979602124
ghome,next,12-[7+1.3.4] w/ similarity,LR.pen=l1.C=1.000000,1,0.862068965517,0.533920562386,0.541840010272,0.537573444921
