dataset,context_set,feature_set,model,test_round,accuracy,precision,recall,f1_score
dstc3,next,12-[7+1.3.4] w/ similarity,LR.pen=l1.C=1.000000,0,0.800675675676,0.777207062113,0.686393600554,0.716778586884
dstc3,next,12-[7+1.3.4] w/ similarity,LR.pen=l1.C=1.000000,1,0.790540540541,0.724639721264,0.678637921845,0.697202844442
