dataset,context_set,feature_set,model,test_round,accuracy,precision,recall,f1_score
family,next,12-[7+1.3.4] w/ similarity,LR.pen=l1.C=1.000000,0,0.860795454545,0.686538461538,0.628014121145,0.650270801877
family,next,12-[7+1.3.4] w/ similarity,LR.pen=l1.C=1.000000,1,0.886363636364,0.788086669666,0.692517961105,0.71022885166
