dataset,context_set,feature_set,model,test_round,accuracy,precision,recall,f1_score
ghome,next,12-[7+1.3.4] w/ similarity,LR.pen=l1.C=1.000000,0,0.871647509579,0.643277438277,0.563749785996,0.583979602124
ghome,next,12-[7+1.3.4] w/ similarity,LR.pen=l1.C=1.000000,1,0.862068965517,0.533920562386,0.541840010272,0.537573444921
