dataset,context_set,feature_set,model,accuracy,precision,recall,f1_score
dstc2,next,12-[7+1.3.4],LR.pen=l1.C=1.000000,0.817863397548,0.770368924894,0.706218030059,0.729485588646
dstc3,next,12-[7+1.3.4],LR.pen=l1.C=1.000000,0.795608108108,0.750923391689,0.6825157612,0.706990715663
family,next,12-[7+1.3.4],LR.pen=l1.C=1.000000,0.873579545455,0.737312565602,0.660266041125,0.680249826769
ghome,next,12-[7+1.3.4],LR.pen=l1.C=1.000000,0.866858237548,0.588599000331,0.552794898134,0.560776523523
