dataset,context_set,feature_set,model,accuracy,precision,recall,f1_score
dstc2,current,10-[5+1.3.4],LR.pen=l1.C=1.000000,0.652606050101,0.511613658663,0.47305137056,0.4754123914
dstc3,current,10-[5+1.3.4],LR.pen=l1.C=1.000000,0.63044197663,0.529188812618,0.470113262257,0.478794252315
family,current,10-[5+1.3.4],LR.pen=l1.C=1.000000,0.73208689101,0.486321596141,0.388921172929,0.409527531278
ghome,current,10-[5+1.3.4],LR.pen=l1.C=1.000000,0.759547215343,0.46702001197,0.36245692594,0.385982703366
