dataset,context_set,feature_set,model,accuracy,precision,recall,f1_score
dstc2,next,11-[6+1.3.4],LR.pen=l1.C=1.000000,0.819062419682,0.758348909201,0.689405446964,0.710376249751
dstc3,next,11-[6+1.3.4],LR.pen=l1.C=1.000000,0.795976384801,0.732369577525,0.679673087152,0.698440396157
family,next,11-[6+1.3.4],LR.pen=l1.C=1.000000,0.868422903064,0.741676387697,0.664850627406,0.685856301941
ghome,next,11-[6+1.3.4],LR.pen=l1.C=1.000000,0.883212252069,0.682116048878,0.59220717184,0.603979588502
