dataset,A-precision,A-recall,A-f1-score,A-support,C-precision,C-recall,C-f1-score,C-support,F-precision,F-recall,F-f1-score,F-support,R-precision,R-recall,R-f1-score,R-support
dstc2,0.570760,0.359464,0.432350,14.200000,0.758750,0.763939,0.761001,164.500000,0.901804,0.920763,0.911097,268.300000,0.745425,0.735354,0.740009,125.500000
dstc3,0.630687,0.454000,0.521995,20.800000,0.745771,0.743801,0.744536,169.300000,0.891500,0.919561,0.905229,281.200000,0.619435,0.604755,0.611621,122.100000
family,0.576512,0.454504,0.503416,23.200000,0.669410,0.636296,0.648992,27.000000,0.935424,0.965691,0.950249,250.100000,0.676800,0.646806,0.660100,52.700000
ghome,0.693575,0.669349,0.679948,59.500000,0.376631,0.180238,0.231521,12.200000,0.952861,0.976290,0.964395,396.600000,0.664358,0.641033,0.650944,55.800000
all,0.617884,0.484329,0.534427,29.425000,0.637641,0.581069,0.596513,93.250000,0.920397,0.945576,0.932743,299.050000,0.676505,0.656987,0.665669,89.025000
