dataset,model,accuracy,precision,recall,f1_score,training_time,test_time
dstc2,LR.pen=l1.C=1,0.898070393104,0.898252852085,0.89809317657,0.898060421444,17.4876836061,0.0559231996536
