dataset,model,accuracy,precision,recall,f1_score,training_time,test_time
family,LR.pen=l1.C=1,0.935674705909,0.928257554309,0.90020112846,0.912551083471,57.1093432665,0.324810600281
