dataset,model,accuracy,precision,recall,f1_score,training_time,test_time
ghome,LR.pen=l1.C=1,0.898648431215,0.818957488372,0.707863130623,0.745271108854,95.423523736,0.355948257446
