dataset,context_set,feature_set,model,accuracy,precision,recall,f1_score
dstc2,next,18-[8+1.2.3.4],LR.pen=l1.C=1.000000,0.778140798432,0.695002907636,0.647107193891,0.663362838162
dstc3,next,18-[8+1.2.3.4],LR.pen=l1.C=1.000000,0.738340357684,0.653493248467,0.621344504422,0.633288980884
family,next,18-[8+1.2.3.4],LR.pen=l1.C=1.000000,0.839725954294,0.671084924131,0.628082197379,0.644733825412
ghome,next,18-[8+1.2.3.4],LR.pen=l1.C=1.000000,0.857751529392,0.608839580945,0.5523734974,0.568009350681
