dataset,context_set,feature_set,model,accuracy,precision,recall,f1_score
dstc2,next,17-[7+1.2.3.4],LR.pen=l1.C=1.000000,0.806901071708,0.788549923782,0.66578462268,0.694717675023
dstc3,next,17-[7+1.2.3.4],LR.pen=l1.C=1.000000,0.76812639372,0.723757904909,0.623831452939,0.65085244016
family,next,17-[7+1.2.3.4],LR.pen=l1.C=1.000000,0.868339088398,0.735768792055,0.659056361644,0.684886775846
ghome,next,17-[7+1.2.3.4],LR.pen=l1.C=1.000000,0.862994644483,0.640609459111,0.552624880877,0.580787346208
