dataset,context_set,feature_set,model,accuracy,precision,recall,f1_score
dstc2,current,13-[8+1.3.4],LR.pen=l1.C=1.000000,0.756740584449,0.604519011653,0.579744651191,0.586148644047
dstc3,current,13-[8+1.3.4],LR.pen=l1.C=1.000000,0.726141066809,0.580727113867,0.553410125221,0.560103689515
family,current,13-[8+1.3.4],LR.pen=l1.C=1.000000,0.863602461075,0.723237743478,0.636959055657,0.65507232826
ghome,current,13-[8+1.3.4],LR.pen=l1.C=1.000000,0.863550094198,0.616870076503,0.543260960296,0.564699305481
