dataset,context_set,feature_set,model,accuracy,precision,recall,f1_score
dstc2,current,18-[8+1.2.3.4],LR.pen=l1.C=1.000000,0.64437218699,0.519087677051,0.475472066278,0.480540350086
dstc3,current,18-[8+1.2.3.4],LR.pen=l1.C=1.000000,0.618155606101,0.497898053117,0.461241554114,0.4671788408
family,current,18-[8+1.2.3.4],LR.pen=l1.C=1.000000,0.74224949774,0.513339710668,0.383764023645,0.40920018312
ghome,current,18-[8+1.2.3.4],LR.pen=l1.C=1.000000,0.767105268728,0.500138425708,0.363838652296,0.390397953616
