dataset,context_set,feature_set,model,accuracy,precision,recall,f1_score
dstc2,next,10-[5+1.3.4],LR.pen=l1.C=1.000000,0.817929026975,0.756111222846,0.684537361498,0.705036642135
dstc3,next,10-[5+1.3.4],LR.pen=l1.C=1.000000,0.787304656141,0.722280167837,0.668892178144,0.687037422743
family,next,10-[5+1.3.4],LR.pen=l1.C=1.000000,0.874136112506,0.752386592807,0.668107319859,0.688350478915
ghome,next,10-[5+1.3.4],LR.pen=l1.C=1.000000,0.891097351877,0.679994967159,0.583398659242,0.606801354486
