dataset,context_set,feature_set,model,accuracy,precision,recall,f1_score
dstc2,next,4-syntactic,LR.pen=l1.C=1.000000,0.774510618459,0.785761568949,0.613444976828,0.645986688356
dstc3,next,4-syntactic,LR.pen=l1.C=1.000000,0.785119859959,0.762457214316,0.612074131897,0.638812881333
family,next,4-syntactic,LR.pen=l1.C=1.000000,0.863588335008,0.751611844649,0.643063721712,0.67741006792
ghome,next,4-syntactic,LR.pen=l1.C=1.000000,0.856833470926,0.639622409725,0.546494758967,0.571725200312
