dataset,A-precision,A-recall,A-f1-score,A-support,C-precision,C-recall,C-f1-score,C-support,F-precision,F-recall,F-f1-score,F-support,R-precision,R-recall,R-f1-score,R-support
dstc2,0.600313,0.380714,0.454484,14.200000,0.757967,0.765048,0.761148,164.500000,0.905577,0.922181,0.913719,268.300000,0.747660,0.738388,0.742604,125.500000
dstc3,0.631690,0.451571,0.520959,20.800000,0.743922,0.741799,0.742656,169.300000,0.891818,0.919416,0.905326,281.200000,0.617735,0.604755,0.610851,122.100000
family,0.585498,0.467791,0.515120,23.200000,0.685011,0.636296,0.656339,27.000000,0.938855,0.967691,0.953007,250.100000,0.679452,0.658364,0.667304,52.700000
ghome,0.696683,0.672712,0.682776,59.500000,0.345460,0.153571,0.203943,12.200000,0.953720,0.978509,0.965917,396.600000,0.665304,0.641893,0.651406,55.800000
all,0.628546,0.493197,0.543335,29.425000,0.633090,0.574179,0.591022,93.250000,0.922492,0.946949,0.934492,299.050000,0.677538,0.660850,0.668041,89.025000
