dataset,context_set,feature_set,model,accuracy,precision,recall,f1_score
dstc2,next,4-syntactic,LR.pen=l1.C=1.000000,0.77942774487,0.72429803529,0.632383828721,0.656681687648
dstc3,next,4-syntactic,LR.pen=l1.C=1.000000,0.783685888859,0.713281670147,0.63040339892,0.652344999494
family,next,4-syntactic,LR.pen=l1.C=1.000000,0.862726644902,0.734095654204,0.629927538145,0.664275017576
ghome,next,4-syntactic,LR.pen=l1.C=1.000000,0.867577316314,0.628263633181,0.546511503235,0.56348099617
