dataset,context_set,feature_set,model,accuracy,precision,recall,f1_score
dstc2,all,13-[8+1.3.4],LR.pen=l1.C=1.000000,0.816093255949,0.763896457382,0.668944195141,0.691385281285
dstc3,all,13-[8+1.3.4],LR.pen=l1.C=1.000000,0.799826175185,0.748952656969,0.66087778766,0.685370125074
family,all,13-[8+1.3.4],LR.pen=l1.C=1.000000,0.867338335008,0.741605980986,0.648140250416,0.663256321958
ghome,all,13-[8+1.3.4],LR.pen=l1.C=1.000000,0.893270887576,0.675071938095,0.585719450591,0.600152964546
