dataset,A-precision,A-recall,A-f1-score,A-support,C-precision,C-recall,C-f1-score,C-support,F-precision,F-recall,F-f1-score,F-support,R-precision,R-recall,R-f1-score,R-support
dstc2,0.622341,0.181786,0.268437,14.200000,0.721579,0.750485,0.735387,164.500000,0.864918,0.907055,0.885421,268.300000,0.625557,0.575643,0.598944,125.500000
dstc3,0.585758,0.293286,0.382948,20.800000,0.679491,0.729828,0.703511,169.300000,0.857817,0.928450,0.891681,281.200000,0.530611,0.418657,0.467251,122.100000
family,0.383085,0.253426,0.299293,23.200000,0.600816,0.574074,0.584372,27.000000,0.892242,0.938258,0.914538,250.100000,0.518481,0.469381,0.491129,52.700000
ghome,0.550140,0.492659,0.517974,59.500000,0.280278,0.153810,0.192975,12.200000,0.932806,0.972258,0.952081,396.600000,0.513239,0.465853,0.486414,55.800000
all,0.535331,0.305289,0.367163,29.425000,0.570541,0.552049,0.554061,93.250000,0.886946,0.936505,0.910930,299.050000,0.546972,0.482383,0.510934,89.025000
