dataset,A-precision,A-recall,A-f1-score,A-support,C-precision,C-recall,C-f1-score,C-support,F-precision,F-recall,F-f1-score,F-support,R-precision,R-recall,R-f1-score,R-support
dstc2,0.100000,0.007143,0.013333,14.200000,0.655407,0.808382,0.723720,164.500000,0.848145,0.903257,0.874760,268.300000,0.692632,0.460622,0.552688,125.500000
dstc3,0.548333,0.044429,0.080651,20.800000,0.618320,0.780313,0.689751,169.300000,0.781426,0.861239,0.819305,281.200000,0.595780,0.334138,0.427602,122.100000
family,0.333333,0.022261,0.041289,23.200000,0.524285,0.135556,0.210984,27.000000,0.733460,0.979447,0.838760,250.100000,0.430067,0.085104,0.140785,52.700000
ghome,0.436991,0.062966,0.108664,59.500000,0.120000,0.011190,0.020278,12.200000,0.775845,0.983508,0.867399,396.600000,0.476651,0.096294,0.158255,55.800000
all,0.354665,0.034200,0.060984,29.425000,0.479503,0.433860,0.411183,93.250000,0.784719,0.931863,0.850056,299.050000,0.548782,0.244040,0.319832,89.025000
