dataset,context_set,feature_set,model,accuracy,precision,recall,f1_score
dstc2,next,1-basic,LR.pen=l1.C=1.000000,0.756749490445,0.574046135534,0.544850994728,0.541125180912
dstc3,next,1-basic,LR.pen=l1.C=1.000000,0.701041610918,0.635964783706,0.505029715497,0.504326933865
family,next,1-basic,LR.pen=l1.C=1.000000,0.718510170768,0.505286561842,0.305591934888,0.30795440731
ghome,next,1-basic,LR.pen=l1.C=1.000000,0.761972862556,0.452371722141,0.288489791668,0.288648834436
