dataset,context_set,feature_set,model,accuracy,precision,recall,f1_score
dstc2,next,15-[5+1.2.3.4],LR.pen=l1.C=1.000000,0.810145962714,0.792203384517,0.668265469641,0.697188416751
dstc3,next,15-[5+1.2.3.4],LR.pen=l1.C=1.000000,0.770558826153,0.719409978696,0.628474322272,0.653973159303
family,next,15-[5+1.2.3.4],LR.pen=l1.C=1.000000,0.869644337017,0.736590693989,0.666135474108,0.689814825131
ghome,next,15-[5+1.2.3.4],LR.pen=l1.C=1.000000,0.871120001693,0.664780753581,0.575718436437,0.6058368803
