dataset,context_set,feature_set,model,accuracy,precision,recall,f1_score
dstc2,all,0-all,LR.pen=l1.C=1.000000,0.791901699312,0.748922679377,0.636330034843,0.659653296859
dstc3,all,0-all,LR.pen=l1.C=1.000000,0.772559093747,0.728362461176,0.60910398296,0.634466078098
family,all,0-all,LR.pen=l1.C=1.000000,0.866432383225,0.718095405959,0.644659761854,0.655390512826
ghome,all,0-all,LR.pen=l1.C=1.000000,0.872527253868,0.64916103588,0.536731664969,0.554234673463
