dataset,context_set,feature_set,model,accuracy,precision,recall,f1_score
dstc2,current,17-[7+1.2.3.4],LR.pen=l1.C=1.000000,0.758838514551,0.621998632414,0.582169708628,0.591152371396
dstc3,current,17-[7+1.2.3.4],LR.pen=l1.C=1.000000,0.731930804567,0.585519846953,0.542575212916,0.550114964413
family,current,17-[7+1.2.3.4],LR.pen=l1.C=1.000000,0.867373179307,0.717159004085,0.646881477491,0.663045001407
ghome,current,17-[7+1.2.3.4],LR.pen=l1.C=1.000000,0.863921381851,0.617644981472,0.531442684977,0.555223699974
