dataset,context_set,feature_set,model,accuracy,precision,recall,f1_score
dstc2,next,13-[8+1.3.4],LR.pen=l1.C=1.000000,0.824815693682,0.737071698584,0.693439191378,0.708279251083
dstc3,next,13-[8+1.3.4],LR.pen=l1.C=1.000000,0.807342788333,0.73206692913,0.689730774436,0.70466089899
family,next,13-[8+1.3.4],LR.pen=l1.C=1.000000,0.865128704169,0.727664638564,0.690245633924,0.704913391359
ghome,next,13-[8+1.3.4],LR.pen=l1.C=1.000000,0.884075696958,0.688312957724,0.610794989206,0.629867654207
