dataset,context_set,feature_set,model,accuracy,precision,recall,f1_score
dstc2,next,18-[8+1.2.3.4],LR.pen=l1.C=1.000000,0.810566277951,0.7980986987,0.670757453836,0.700847626913
dstc3,next,18-[8+1.2.3.4],LR.pen=l1.C=1.000000,0.772750089198,0.725555597839,0.629863848122,0.656242483933
family,next,18-[8+1.2.3.4],LR.pen=l1.C=1.000000,0.866363008538,0.726518256801,0.655937069843,0.680059137304
ghome,next,18-[8+1.2.3.4],LR.pen=l1.C=1.000000,0.865178552529,0.64104663851,0.555281234999,0.584259525116
