dataset,context_set,feature_set,model,accuracy,precision,recall,f1_score
dstc2,current,5-lda,LR.pen=l1.C=1.000000,0.731452334985,0.535758125971,0.51779059559,0.516056766778
dstc3,current,5-lda,LR.pen=l1.C=1.000000,0.730173267327,0.518078526526,0.502962801907,0.491814582242
family,current,5-lda,LR.pen=l1.C=1.000000,0.822574397288,0.646841964333,0.571480810485,0.588627218143
ghome,current,5-lda,LR.pen=l1.C=1.000000,0.841651108148,0.568053774564,0.480229234975,0.505452569695
