dataset,context_set,feature_set,model,test_round,accuracy,precision,recall,f1_score
dstc2,next,10-[5+1.3.4] w/ similarity,LR.pen=l1.C=1.000000,0,0.877408056042,0.780190896709,0.726484450569,0.745804876707
dstc2,next,10-[5+1.3.4] w/ similarity,LR.pen=l1.C=1.000000,1,0.844133099825,0.838068304245,0.748641791045,0.780151032466
dstc3,next,10-[5+1.3.4] w/ similarity,LR.pen=l1.C=1.000000,0,0.820945945946,0.757461452849,0.726127340447,0.739007717455
dstc3,next,10-[5+1.3.4] w/ similarity,LR.pen=l1.C=1.000000,1,0.790540540541,0.720703555704,0.663608259238,0.684538556511
family,next,10-[5+1.3.4] w/ similarity,LR.pen=l1.C=1.000000,0,0.883522727273,0.739054026268,0.672802056237,0.697954165133
family,next,10-[5+1.3.4] w/ similarity,LR.pen=l1.C=1.000000,1,0.880681818182,0.751458818564,0.686066394153,0.701518264269
ghome,next,10-[5+1.3.4] w/ similarity,LR.pen=l1.C=1.000000,0,0.873563218391,0.725118583643,0.588189094333,0.618251114357
ghome,next,10-[5+1.3.4] w/ similarity,LR.pen=l1.C=1.000000,1,0.885057471264,0.571592449462,0.56177452491,0.566050056319
