dataset,context_set,feature_set,model,test_round,accuracy,precision,recall,f1_score
dstc2,next,10-[5+1.3.4] w/ similarity,LR.pen=l1.C=1.000000,0,0.877408056042,0.780190896709,0.726484450569,0.745804876707
dstc2,next,10-[5+1.3.4] w/ similarity,LR.pen=l1.C=1.000000,1,0.844133099825,0.838068304245,0.748641791045,0.780151032466
