dataset,context_set,feature_set,model,test_round,accuracy,precision,recall,f1_score
dstc3,next,10-[5+1.3.4] w/ similarity,LR.pen=l1.C=1.000000,0,0.820945945946,0.757461452849,0.726127340447,0.739007717455
dstc3,next,10-[5+1.3.4] w/ similarity,LR.pen=l1.C=1.000000,1,0.790540540541,0.720703555704,0.663608259238,0.684538556511
