dataset,context_set,feature_set,model,test_round,accuracy,precision,recall,f1_score
ghome,next,10-[5+1.3.4] w/ similarity,LR.pen=l1.C=1.000000,0,0.873563218391,0.725118583643,0.588189094333,0.618251114357
ghome,next,10-[5+1.3.4] w/ similarity,LR.pen=l1.C=1.000000,1,0.885057471264,0.571592449462,0.56177452491,0.566050056319
