dataset,context_set,feature_set,model,accuracy,precision,recall,f1_score
dstc2,next,10-[5+1.3.4],LR.pen=l1.C=1.000000,0.860770577933,0.809129600477,0.737563120807,0.762977954586
dstc3,next,10-[5+1.3.4],LR.pen=l1.C=1.000000,0.805743243243,0.739082504276,0.694867799843,0.711773136983
family,next,10-[5+1.3.4],LR.pen=l1.C=1.000000,0.882102272727,0.745256422416,0.679434225195,0.699736214701
ghome,next,10-[5+1.3.4],LR.pen=l1.C=1.000000,0.879310344828,0.648355516553,0.574981809622,0.592150585338
