dataset,context_set,feature_set,model,test_round,accuracy,precision,recall,f1_score
dstc2,next,14-[1.3.4] w/ similarity,LR.pen=l1.C=1.000000,0,0.872154115587,0.861200861753,0.752546570284,0.787660025563
dstc2,next,14-[1.3.4] w/ similarity,LR.pen=l1.C=1.000000,1,0.83887915937,0.85998526936,0.707238571949,0.745223475812
dstc3,next,14-[1.3.4] w/ similarity,LR.pen=l1.C=1.000000,0,0.824324324324,0.778023090461,0.716296379593,0.740005531993
dstc3,next,14-[1.3.4] w/ similarity,LR.pen=l1.C=1.000000,1,0.819256756757,0.742951710454,0.681075941141,0.703585516609
family,next,14-[1.3.4] w/ similarity,LR.pen=l1.C=1.000000,0,0.883522727273,0.751049741602,0.72891242413,0.736755767371
family,next,14-[1.3.4] w/ similarity,LR.pen=l1.C=1.000000,1,0.894886363636,0.81019806387,0.734996221974,0.763891454832
ghome,next,14-[1.3.4] w/ similarity,LR.pen=l1.C=1.000000,0,0.88122605364,0.69331321625,0.560002568053,0.586926768971
ghome,next,14-[1.3.4] w/ similarity,LR.pen=l1.C=1.000000,1,0.873563218391,0.567956507835,0.554688837528,0.560699406806
