dataset,context_set,feature_set,model,test_round,accuracy,precision,recall,f1_score
dstc2,next,14-[1.3.4] w/ similarity,LR.pen=l1.C=1.000000,0,0.872154115587,0.861200861753,0.752546570284,0.787660025563
dstc2,next,14-[1.3.4] w/ similarity,LR.pen=l1.C=1.000000,1,0.83887915937,0.85998526936,0.707238571949,0.745223475812
