dataset,context_set,feature_set,model,test_round,accuracy,precision,recall,f1_score
family,next,14-[1.3.4] w/ similarity,LR.pen=l1.C=1.000000,0,0.883522727273,0.751049741602,0.72891242413,0.736755767371
family,next,14-[1.3.4] w/ similarity,LR.pen=l1.C=1.000000,1,0.894886363636,0.81019806387,0.734996221974,0.763891454832
