dataset,context_set,feature_set,model,test_round,accuracy,precision,recall,f1_score
ghome,next,14-[1.3.4] w/ similarity,LR.pen=l1.C=1.000000,0,0.88122605364,0.69331321625,0.560002568053,0.586926768971
ghome,next,14-[1.3.4] w/ similarity,LR.pen=l1.C=1.000000,1,0.873563218391,0.567956507835,0.554688837528,0.560699406806
