dataset,context_set,feature_set,model,accuracy,precision,recall,f1_score
dstc2,all,1-basic,LR.pen=l1.C=1.000000,0.764470571359,0.654783504139,0.561521680248,0.563846141572
dstc3,all,1-basic,LR.pen=l1.C=1.000000,0.706031464633,0.633276332403,0.514155364712,0.514821307386
family,all,1-basic,LR.pen=l1.C=1.000000,0.71634637117,0.479075300033,0.306064791949,0.308952434789
ghome,all,1-basic,LR.pen=l1.C=1.000000,0.761359835736,0.486151805223,0.296436201874,0.302468263506
