dataset,context_set,feature_set,model,accuracy,precision,recall,f1_score
dstc2,all,6-w2v,LR.pen=l1.C=1.000000,0.813713262763,0.718450312209,0.673862502112,0.68829675999
dstc3,all,6-w2v,LR.pen=l1.C=1.000000,0.787680403175,0.703313123805,0.665821589681,0.679245721106
family,all,6-w2v,LR.pen=l1.C=1.000000,0.814679809141,0.616910456329,0.591139671175,0.600976673291
ghome,all,6-w2v,LR.pen=l1.C=1.000000,0.859774771914,0.60663420656,0.577129046367,0.586318411943
