dataset,context_set,feature_set,model,accuracy,precision,recall,f1_score
dstc2,next,4-syntactic,LR.pen=l1.C=1.000000,0.751870976611,0.759981437538,0.574445278816,0.60338331804
dstc3,next,4-syntactic,LR.pen=l1.C=1.000000,0.775651592186,0.781220709226,0.588202385627,0.611994665665
family,next,4-syntactic,LR.pen=l1.C=1.000000,0.838711074837,0.706216444504,0.578611543822,0.614346597658
ghome,next,4-syntactic,LR.pen=l1.C=1.000000,0.842190470142,0.60241239132,0.518933455544,0.538260357792
