dataset,context_set,feature_set,model,accuracy,precision,recall,f1_score
dstc2,all,12-[7+1.3.4],LR.pen=l1.C=1.000000,0.774856398271,0.700542377035,0.618588399178,0.637494277444
dstc3,all,12-[7+1.3.4],LR.pen=l1.C=1.000000,0.746344772991,0.694273510416,0.602421893762,0.62635317527
family,all,12-[7+1.3.4],LR.pen=l1.C=1.000000,0.85967729784,0.702607222762,0.632228124386,0.640565216289
ghome,all,12-[7+1.3.4],LR.pen=l1.C=1.000000,0.862626108677,0.640418729177,0.525653908368,0.543717521824
