dataset,context_set,feature_set,model,accuracy,precision,recall,f1_score
dstc2,current,6-w2v,LR.pen=l1.C=1.000000,0.600655517235,0.430262752867,0.424470682291,0.415185613499
dstc3,current,6-w2v,LR.pen=l1.C=1.000000,0.59305615021,0.444915060187,0.417579293369,0.410303498755
family,current,6-w2v,LR.pen=l1.C=1.000000,0.685975012557,0.363172953412,0.307651623159,0.311982119472
ghome,current,6-w2v,LR.pen=l1.C=1.000000,0.751276010245,0.412557950464,0.328445735082,0.34395845374
