dataset,context_set,feature_set,model,accuracy,precision,recall,f1_score
dstc2,current,18-[8+1.2.3.4],LR.pen=l1.C=1.000000,0.757060243988,0.614564746848,0.576415446319,0.584732576744
dstc3,current,18-[8+1.2.3.4],LR.pen=l1.C=1.000000,0.736338529123,0.588524704349,0.548016520627,0.555431660037
family,current,18-[8+1.2.3.4],LR.pen=l1.C=1.000000,0.867096936213,0.718278171002,0.644636362482,0.660871000507
ghome,current,18-[8+1.2.3.4],LR.pen=l1.C=1.000000,0.863890476493,0.609619002715,0.527542829711,0.549510717732
