dataset,context_set,feature_set,model,test_round,accuracy,precision,recall,f1_score
dstc2,next,14-[1.3.4] w/ similarity,LR.pen=l1.C=1.000000,0,0.754816112084,0.809411399305,0.552821649592,0.572793057027
dstc2,next,14-[1.3.4] w/ similarity,LR.pen=l1.C=1.000000,1,0.751313485114,0.561116410528,0.538544048052,0.543815862451
