dataset,context_set,feature_set,model,test_round,accuracy,precision,recall,f1_score
dstc2,next,0-all w/ similarity,LR.pen=l1.C=1.000000,0,0.865148861646,0.845347897501,0.728097873004,0.762106092437
dstc2,next,0-all w/ similarity,LR.pen=l1.C=1.000000,1,0.824868651489,0.753586864853,0.661786390348,0.684615086797
dstc3,next,0-all w/ similarity,LR.pen=l1.C=1.000000,0,0.777027027027,0.746277256459,0.693601343918,0.714442271641
dstc3,next,0-all w/ similarity,LR.pen=l1.C=1.000000,1,0.802364864865,0.728511830635,0.690152452043,0.706089059017
family,next,0-all w/ similarity,LR.pen=l1.C=1.000000,0,0.863636363636,0.684605081231,0.615923944011,0.637016916443
family,next,0-all w/ similarity,LR.pen=l1.C=1.000000,1,0.886363636364,0.846586879433,0.704319150254,0.740133865537
ghome,next,0-all w/ similarity,LR.pen=l1.C=1.000000,0,0.88122605364,0.576753397895,0.552991782229,0.562091753163
ghome,next,0-all w/ similarity,LR.pen=l1.C=1.000000,1,0.89846743295,0.599494587192,0.595041516864,0.594134670398
