dataset,context_set,feature_set,model,test_round,accuracy,precision,recall,f1_score
dstc3,next,0-all w/ similarity,LR.pen=l1.C=1.000000,0,0.777027027027,0.746277256459,0.693601343918,0.714442271641
dstc3,next,0-all w/ similarity,LR.pen=l1.C=1.000000,1,0.802364864865,0.728511830635,0.690152452043,0.706089059017
