dataset,context_set,feature_set,model,test_round,accuracy,precision,recall,f1_score
family,next,0-all w/ similarity,LR.pen=l1.C=1.000000,0,0.863636363636,0.684605081231,0.615923944011,0.637016916443
family,next,0-all w/ similarity,LR.pen=l1.C=1.000000,1,0.886363636364,0.846586879433,0.704319150254,0.740133865537
