dataset,context_set,feature_set,model,test_round,accuracy,precision,recall,f1_score
ghome,next,0-all w/ similarity,LR.pen=l1.C=1.000000,0,0.88122605364,0.576753397895,0.552991782229,0.562091753163
ghome,next,0-all w/ similarity,LR.pen=l1.C=1.000000,1,0.89846743295,0.599494587192,0.595041516864,0.594134670398
