dataset,context_set,feature_set,model,accuracy,precision,recall,f1_score
dstc2,current,16-[6+1.2.3.4],LR.pen=l1.C=1.000000,0.648373250928,0.514643047337,0.475152736385,0.479507259275
dstc3,current,16-[6+1.2.3.4],LR.pen=l1.C=1.000000,0.624311279101,0.516722175122,0.468394544556,0.476687530036
family,current,16-[6+1.2.3.4],LR.pen=l1.C=1.000000,0.737787543948,0.497003865721,0.375234040061,0.397727456055
ghome,current,16-[6+1.2.3.4],LR.pen=l1.C=1.000000,0.772648970174,0.528243561976,0.373992262701,0.403798526625
