dataset,context_set,feature_set,model,accuracy,precision,recall,f1_score
dstc2,all,2-lexical,Random forest.#tree=512,0.838901753107,0.802214812281,0.650385907033,0.668996542636
dstc3,all,2-lexical,Random forest.#tree=512,0.796450138257,0.736649772323,0.582951629484,0.594097287494
family,all,2-lexical,Random forest.#tree=512,0.857879520342,0.718899402726,0.618744283263,0.642067995815
ghome,all,2-lexical,Random forest.#tree=512,0.872300332338,0.648036963175,0.536836213684,0.565973996044
