dataset,A-precision,A-recall,A-f1-score,A-support,C-precision,C-recall,C-f1-score,C-support,F-precision,F-recall,F-f1-score,F-support,R-precision,R-recall,R-f1-score,R-support
dstc2,0.668602,0.316250,0.419398,14.200000,0.752815,0.779330,0.765644,164.500000,0.909569,0.927326,0.918291,268.300000,0.740208,0.717514,0.728436,125.500000
dstc3,0.732673,0.315143,0.432383,20.800000,0.751501,0.776885,0.763746,169.300000,0.879334,0.930871,0.904259,281.200000,0.653197,0.595411,0.622507,122.100000
family,0.627104,0.285183,0.385243,23.200000,0.691895,0.748148,0.716734,27.000000,0.930627,0.993683,0.961068,250.100000,0.724102,0.631584,0.673570,52.700000
ghome,0.722617,0.666663,0.692263,59.500000,0.390667,0.080714,0.129498,12.200000,0.935353,0.991724,0.962676,396.600000,0.735102,0.611590,0.665808,55.800000
all,0.687749,0.395810,0.482322,29.425000,0.646719,0.596269,0.593905,93.250000,0.913721,0.960901,0.936574,299.050000,0.713152,0.639025,0.672580,89.025000
