dataset,context_set,feature_set,model,accuracy,precision,recall,f1_score
dstc2,all,2-lexical,LR.pen=l1.C=1.000000,0.771846828808,0.681604222733,0.604029149839,0.619963508145
dstc3,all,2-lexical,LR.pen=l1.C=1.000000,0.759951052538,0.667394028438,0.574983063742,0.590426080037
family,all,2-lexical,LR.pen=l1.C=1.000000,0.857877950779,0.693609017688,0.630022516223,0.644844823709
ghome,all,2-lexical,LR.pen=l1.C=1.000000,0.858958531784,0.610328008355,0.515118072809,0.538252325133
