dataset,context_set,feature_set,model,accuracy,precision,recall,f1_score
dstc2,next,12-[7+1.3.4],LR.pen=l1.C=2.000000,0.800041242536,0.69974832487,0.657459884454,0.670219116472
dstc3,next,12-[7+1.3.4],LR.pen=l1.C=2.000000,0.792801266613,0.708073651914,0.665111346971,0.680249601874
family,next,12-[7+1.3.4],LR.pen=l1.C=2.000000,0.808724886991,0.618568022592,0.603453433715,0.608218305406
ghome,next,12-[7+1.3.4],LR.pen=l1.C=2.000000,0.864174763447,0.621445519857,0.590798414862,0.601641573049
