dataset,context_set,feature_set,model,accuracy,precision,recall,f1_score
dstc2,next,10-[5+1.3.4],LR.pen=l1.C=2.000000,0.840432090279,0.752737572999,0.718161210562,0.730099382104
dstc3,next,10-[5+1.3.4],LR.pen=l1.C=2.000000,0.807543930069,0.727247709409,0.690627958382,0.703897180201
family,next,10-[5+1.3.4],LR.pen=l1.C=2.000000,0.865239201406,0.730862645623,0.691831121977,0.706201193633
ghome,next,10-[5+1.3.4],LR.pen=l1.C=2.000000,0.884158252366,0.685913325349,0.605561695458,0.629328919035
