dataset,context_set,feature_set,model,accuracy,precision,recall,f1_score
dstc2,current,15-[5+1.2.3.4],LR.pen=l1.C=1.000000,0.79282224467,0.683172494277,0.625557777995,0.639540743625
dstc3,current,15-[5+1.2.3.4],LR.pen=l1.C=1.000000,0.777847538132,0.674013047772,0.606987040174,0.62261974713
family,current,15-[5+1.2.3.4],LR.pen=l1.C=1.000000,0.876773606228,0.755911917357,0.674209000114,0.694563554152
ghome,current,15-[5+1.2.3.4],LR.pen=l1.C=1.000000,0.887034779111,0.681961212079,0.582074814713,0.610688569716
