dataset,context_set,feature_set,model,accuracy,precision,recall,f1_score
dstc2,current,13-[8+1.3.4],LR.pen=l1.C=1.000000,0.641169494869,0.514939699349,0.475635947124,0.481341115044
dstc3,current,13-[8+1.3.4],LR.pen=l1.C=1.000000,0.615618700384,0.498589693321,0.461073535181,0.467481032874
family,current,13-[8+1.3.4],LR.pen=l1.C=1.000000,0.738054369663,0.50640358727,0.382827586693,0.406288593265
ghome,current,13-[8+1.3.4],LR.pen=l1.C=1.000000,0.759962744226,0.484236165695,0.369476413875,0.394564118571
