dataset,context_set,feature_set,model,accuracy,precision,recall,f1_score
dstc2,current,7-d2v,LR.pen=l1.C=1.000000,0.578039246158,0.401659101943,0.403338094992,0.392351043554
dstc3,current,7-d2v,LR.pen=l1.C=1.000000,0.578012777629,0.40553786167,0.395671038409,0.385217396831
family,current,7-d2v,LR.pen=l1.C=1.000000,0.696080801105,0.373311018975,0.302765459924,0.304365576058
ghome,current,7-d2v,LR.pen=l1.C=1.000000,0.752624415233,0.390769691365,0.288113720511,0.288746604863
