dataset,context_set,feature_set,model,accuracy,precision,recall,f1_score
dstc2,next,12-[7+1.3.4],LR.pen=l1.C=1.000000,0.817682886738,0.752779656233,0.674923927022,0.694919275185
dstc3,next,12-[7+1.3.4],LR.pen=l1.C=1.000000,0.801832686647,0.732235922857,0.666423260262,0.687777440484
family,next,12-[7+1.3.4],LR.pen=l1.C=1.000000,0.833551607233,0.659006356844,0.629098085658,0.639955823433
ghome,next,12-[7+1.3.4],LR.pen=l1.C=1.000000,0.874018331534,0.650738986856,0.598639131623,0.616869886659
