dataset,A-precision,A-recall,A-f1-score,A-support,C-precision,C-recall,C-f1-score,C-support,F-precision,F-recall,F-f1-score,F-support,R-precision,R-recall,R-f1-score,R-support
dstc2,0.601908,0.287857,0.381391,14.200000,0.707975,0.722666,0.714925,164.500000,0.898767,0.920914,0.909602,268.300000,0.626240,0.611637,0.618330,125.500000
dstc3,0.695026,0.305000,0.415674,20.800000,0.696850,0.726672,0.711257,169.300000,0.866705,0.931793,0.897958,281.200000,0.535134,0.460609,0.494503,122.100000
family,0.556977,0.247200,0.337573,23.200000,0.685128,0.745185,0.711354,27.000000,0.928145,0.994402,0.960086,250.100000,0.691557,0.592718,0.637508,52.700000
ghome,0.602864,0.617124,0.608178,59.500000,0.517667,0.103095,0.165154,12.200000,0.933419,0.992077,0.961819,396.600000,0.609209,0.424906,0.497612,55.800000
all,0.614194,0.364295,0.435704,29.425000,0.651905,0.574405,0.575673,93.250000,0.906759,0.959797,0.932366,299.050000,0.615535,0.522468,0.561988,89.025000
