dataset,context_set,feature_set,model,accuracy,precision,recall,f1_score
dstc2,next,4-syntactic,LR.pen=l1.C=1.000000,0.781505113477,0.777660050237,0.62677493356,0.656730377459
dstc3,next,4-syntactic,LR.pen=l1.C=1.000000,0.786612590313,0.750724363914,0.620208443918,0.646879912173
family,next,4-syntactic,LR.pen=l1.C=1.000000,0.872714088398,0.75462906404,0.670930551973,0.700485643134
ghome,next,4-syntactic,LR.pen=l1.C=1.000000,0.856264685337,0.634736011387,0.533955107051,0.556572102955
