dataset,context_set,feature_set,model,accuracy,precision,recall,f1_score
dstc2,next,11-[6+1.3.4],LR.pen=l1.C=1.000000,0.828909344124,0.752309695536,0.705920785875,0.721103695663
dstc3,next,11-[6+1.3.4],LR.pen=l1.C=1.000000,0.805948287396,0.732258875039,0.690297275998,0.705964064987
family,next,11-[6+1.3.4],LR.pen=l1.C=1.000000,0.854839904571,0.700996386384,0.665070375096,0.679175655697
ghome,next,11-[6+1.3.4],LR.pen=l1.C=1.000000,0.872742321289,0.644669414342,0.606344225008,0.61916416622
