dataset,context_set,feature_set,model,test_round,accuracy,precision,recall,f1_score
dstc2,next,5-lda w/ similarity,LR.pen=l1.C=1.000000,0,0.858143607706,0.816798858581,0.720817203183,0.752787312259
dstc3,next,5-lda w/ similarity,LR.pen=l1.C=1.000000,0,0.790540540541,0.734593791352,0.621844420226,0.645370593376
family,next,5-lda w/ similarity,LR.pen=l1.C=1.000000,0,0.806818181818,0.611691130691,0.584822185061,0.595648492133
ghome,next,5-lda w/ similarity,LR.pen=l1.C=1.000000,0,0.858237547893,0.570492799924,0.517800890259,0.538370542618
