dataset,context_set,feature_set,model,accuracy,precision,recall,f1_score
dstc2,last,9-[2+1.3.4],LR.pen=l1.C=1.000000,0.62261268477,0.471114843769,0.45523780625,0.456463673982
dstc3,last,9-[2+1.3.4],LR.pen=l1.C=1.000000,0.605255218089,0.476155686512,0.445667022847,0.44932789858
family,last,9-[2+1.3.4],LR.pen=l1.C=1.000000,0.73513121547,0.502862066853,0.361011847934,0.382065484276
ghome,last,9-[2+1.3.4],LR.pen=l1.C=1.000000,0.763593700387,0.470763717512,0.332268929002,0.352062577833
