dataset,context_set,feature_set,model,accuracy,precision,recall,f1_score
dstc2,last,12-[7+1.3.4],LR.pen=l1.C=1.000000,0.626680214939,0.478126284943,0.464646715061,0.466567208292
dstc3,last,12-[7+1.3.4],LR.pen=l1.C=1.000000,0.590552024797,0.47082513699,0.445591196802,0.451160833052
family,last,12-[7+1.3.4],LR.pen=l1.C=1.000000,0.726070128076,0.465629327664,0.350351374113,0.36597953459
ghome,last,12-[7+1.3.4],LR.pen=l1.C=1.000000,0.753247602718,0.437084559819,0.331010985701,0.347857339491
