dataset,context_set,feature_set,model,accuracy,precision,recall,f1_score
dstc2,current,2-lexical,LR.pen=l1.C=1.000000,0.586106106884,0.414424360629,0.404438614863,0.400084952214
dstc3,current,2-lexical,LR.pen=l1.C=1.000000,0.584526804032,0.439141726876,0.420524226005,0.415346915014
family,current,2-lexical,LR.pen=l1.C=1.000000,0.701069814164,0.417081549007,0.340384958306,0.354607850788
ghome,current,2-lexical,LR.pen=l1.C=1.000000,0.757556359942,0.425538358843,0.349290872118,0.366163226066
