dataset,context_set,feature_set,model,accuracy,precision,recall,f1_score
dstc2,next,16-[6+1.2.3.4],LR.pen=l1.C=1.000000,0.812147839549,0.776565489292,0.671618801626,0.697922204914
dstc3,next,16-[6+1.2.3.4],LR.pen=l1.C=1.000000,0.774358442601,0.720288421451,0.63599855665,0.660969009238
family,next,16-[6+1.2.3.4],LR.pen=l1.C=1.000000,0.866410409342,0.729260588277,0.664792025232,0.688903666996
ghome,next,16-[6+1.2.3.4],LR.pen=l1.C=1.000000,0.871367456235,0.646188730246,0.574519012442,0.598924565092
