dataset,context_set,feature_set,model,accuracy,precision,recall,f1_score
dstc2,current,16-[6+1.2.3.4],LR.pen=l1.C=1.000000,0.648551968584,0.515299250961,0.475563805807,0.480015201611
dstc3,current,16-[6+1.2.3.4],LR.pen=l1.C=1.000000,0.624345843368,0.516844571016,0.468331878106,0.476661081857
family,current,16-[6+1.2.3.4],LR.pen=l1.C=1.000000,0.737787543948,0.494285588245,0.374573219639,0.396850059711
ghome,current,16-[6+1.2.3.4],LR.pen=l1.C=1.000000,0.772768357994,0.527121823033,0.374033455985,0.403702388311
