dataset,context_set,feature_set,model,test_round,accuracy,precision,recall,f1_score
dstc2,next,11-[6+1.3.4] w/ similarity,LR.pen=l1.C=1.000000,0,0.863397548161,0.817122593718,0.726341593427,0.756248029667
dstc2,next,11-[6+1.3.4] w/ similarity,LR.pen=l1.C=1.000000,1,0.803852889667,0.769780226467,0.694022908108,0.720898046125
dstc3,next,11-[6+1.3.4] w/ similarity,LR.pen=l1.C=1.000000,0,0.797297297297,0.793298368298,0.697934232569,0.730323187041
dstc3,next,11-[6+1.3.4] w/ similarity,LR.pen=l1.C=1.000000,1,0.782094594595,0.691187026497,0.673619632881,0.681547395416
family,next,11-[6+1.3.4] w/ similarity,LR.pen=l1.C=1.000000,0,0.869318181818,0.684840859655,0.645542982782,0.653533452713
family,next,11-[6+1.3.4] w/ similarity,LR.pen=l1.C=1.000000,1,0.877840909091,0.780495430495,0.678416202155,0.692007637752
ghome,next,11-[6+1.3.4] w/ similarity,LR.pen=l1.C=1.000000,0,0.88122605364,0.737027310924,0.58381056326,0.620965217775
ghome,next,11-[6+1.3.4] w/ similarity,LR.pen=l1.C=1.000000,1,0.896551724138,0.597567296664,0.591728727958,0.594351950961
