dataset,context_set,feature_set,model,test_round,accuracy,precision,recall,f1_score
dstc3,next,11-[6+1.3.4] w/ similarity,LR.pen=l1.C=1.000000,0,0.797297297297,0.793298368298,0.697934232569,0.730323187041
dstc3,next,11-[6+1.3.4] w/ similarity,LR.pen=l1.C=1.000000,1,0.782094594595,0.691187026497,0.673619632881,0.681547395416
