dataset,context_set,feature_set,model,test_round,accuracy,precision,recall,f1_score
family,next,11-[6+1.3.4] w/ similarity,LR.pen=l1.C=1.000000,0,0.869318181818,0.684840859655,0.645542982782,0.653533452713
family,next,11-[6+1.3.4] w/ similarity,LR.pen=l1.C=1.000000,1,0.877840909091,0.780495430495,0.678416202155,0.692007637752
