dataset,context_set,feature_set,model,accuracy,precision,recall,f1_score
dstc2,next,11-[6+1.3.4],LR.pen=l1.C=1.000000,0.833625218914,0.793451410093,0.710182250767,0.738573037896
dstc3,next,11-[6+1.3.4],LR.pen=l1.C=1.000000,0.789695945946,0.742242697398,0.685776932725,0.705935291228
family,next,11-[6+1.3.4],LR.pen=l1.C=1.000000,0.873579545455,0.732668145075,0.661979592469,0.672770545233
ghome,next,11-[6+1.3.4],LR.pen=l1.C=1.000000,0.888888888889,0.667297303794,0.587769645609,0.607658584368
