dataset,context_set,feature_set,model,accuracy,precision,recall,f1_score
dstc2,next,14-[1.3.4],LR.pen=l1.C=1.000000,0.79797289947,0.78082512554,0.619965761964,0.643772929644
dstc3,next,14-[1.3.4],LR.pen=l1.C=1.000000,0.783551534207,0.798227244034,0.606033489192,0.633421418685
family,next,14-[1.3.4],LR.pen=l1.C=1.000000,0.845581366148,0.717724550233,0.610871126829,0.635208784999
ghome,next,14-[1.3.4],LR.pen=l1.C=1.000000,0.863539933532,0.653263461465,0.562048088249,0.58539090705
