dataset,context_set,feature_set,model,accuracy,precision,recall,f1_score
dstc2,current,13-[8+1.3.4],LR.pen=l1.C=1.000000,0.640751869363,0.514507396818,0.475302372358,0.480982330644
dstc3,current,13-[8+1.3.4],LR.pen=l1.C=1.000000,0.61582218357,0.499761684337,0.461470008223,0.468033788518
family,current,13-[8+1.3.4],LR.pen=l1.C=1.000000,0.738510484681,0.50894072654,0.383975837538,0.407727124713
ghome,current,13-[8+1.3.4],LR.pen=l1.C=1.000000,0.760307571813,0.483894474216,0.37041542146,0.395419009724
