dataset,context_set,feature_set,model,accuracy,precision,recall,f1_score
dstc2,current,0-all,LR.pen=l1.C=1.000000,0.758175705158,0.617190712745,0.579578640836,0.588421897623
dstc3,current,0-all,LR.pen=l1.C=1.000000,0.736377776291,0.583565227092,0.548332566562,0.555162745916
family,current,0-all,LR.pen=l1.C=1.000000,0.869306567052,0.722684524345,0.650105983147,0.666411930995
ghome,current,0-all,LR.pen=l1.C=1.000000,0.866448635719,0.62165596089,0.535219936915,0.557320652846
