dataset,A-precision,A-recall,A-f1-score,A-support,C-precision,C-recall,C-f1-score,C-support,F-precision,F-recall,F-f1-score,F-support,R-precision,R-recall,R-f1-score,R-support
dstc2,0.596628,0.295893,0.385714,14.200000,0.700326,0.719876,0.709606,164.500000,0.901041,0.916360,0.908560,268.300000,0.622399,0.610905,0.616133,125.500000
dstc3,0.608759,0.378286,0.461135,20.800000,0.691777,0.696787,0.693977,169.300000,0.879123,0.914086,0.896168,281.200000,0.506463,0.486831,0.495995,122.100000
family,0.621873,0.238122,0.338367,23.200000,0.668349,0.740741,0.700471,27.000000,0.922194,0.993443,0.956438,250.100000,0.711046,0.599596,0.649610,52.700000
ghome,0.614894,0.599396,0.605915,59.500000,0.439000,0.095238,0.150071,12.200000,0.940496,0.987388,0.963346,396.600000,0.573866,0.486165,0.524681,55.800000
all,0.610539,0.377924,0.447783,29.425000,0.624863,0.563160,0.563531,93.250000,0.910714,0.952819,0.931128,299.050000,0.603443,0.545874,0.571605,89.025000
