dataset,context_set,feature_set,model,accuracy,precision,recall,f1_score
dstc2,next,13-[8+1.3.4],LR.pen=l1.C=1.000000,0.777550731308,0.70509849928,0.635758221813,0.655003485804
dstc3,next,13-[8+1.3.4],LR.pen=l1.C=1.000000,0.745374409063,0.671530646301,0.618997224055,0.636818712551
family,next,13-[8+1.3.4],LR.pen=l1.C=1.000000,0.865643206931,0.730865434813,0.642975294074,0.661221509258
ghome,next,13-[8+1.3.4],LR.pen=l1.C=1.000000,0.86923964353,0.642063885081,0.542046710886,0.561003042208
