dataset,context_set,feature_set,model,test_round,accuracy,precision,recall,f1_score
dstc2,next,6-w2v w/ similarity,LR.pen=l1.C=1.000000,0,0.83887915937,0.718040057644,0.669956576005,0.687421053377
dstc3,next,6-w2v w/ similarity,LR.pen=l1.C=1.000000,0,0.797297297297,0.768799288157,0.69912876718,0.725257673387
family,next,6-w2v w/ similarity,LR.pen=l1.C=1.000000,0,0.823863636364,0.61604020979,0.582562925802,0.592178306859
ghome,next,6-w2v w/ similarity,LR.pen=l1.C=1.000000,0,0.875478927203,0.616392466804,0.568618387262,0.58572869203
