dataset,context_set,feature_set,model,accuracy,precision,recall,f1_score
dstc2,last,15-[5+1.2.3.4],LR.pen=l1.C=1.000000,0.621394834522,0.471350913039,0.454968856237,0.45632568623
dstc3,last,15-[5+1.2.3.4],LR.pen=l1.C=1.000000,0.603230532513,0.474504083119,0.443860851793,0.44746460835
family,last,15-[5+1.2.3.4],LR.pen=l1.C=1.000000,0.732296584631,0.488867630531,0.357325469315,0.376645532588
ghome,last,15-[5+1.2.3.4],LR.pen=l1.C=1.000000,0.763825067209,0.463142519306,0.331991882227,0.351270140612
