dataset,context_set,feature_set,model,accuracy,precision,recall,f1_score
dstc2,all,9-[2+1.3.4],LR.pen=l1.C=1.000000,0.830534001183,0.785357429465,0.669127643722,0.691694627462
dstc3,all,9-[2+1.3.4],LR.pen=l1.C=1.000000,0.809536392828,0.757625441729,0.639210143468,0.660555459859
family,all,9-[2+1.3.4],LR.pen=l1.C=1.000000,0.865643206931,0.723434921458,0.644567672556,0.657136456033
ghome,all,9-[2+1.3.4],LR.pen=l1.C=1.000000,0.890675895938,0.684172239972,0.576203378549,0.602416458007
