dataset,context_set,feature_set,model,accuracy,precision,recall,f1_score
dstc2,next,5-lda,LR.pen=l1.C=1.000000,0.823226959469,0.770415115341,0.6583178526,0.6792492955
dstc3,next,5-lda,LR.pen=l1.C=1.000000,0.792404669521,0.725893742877,0.620106344475,0.641073419728
family,next,5-lda,LR.pen=l1.C=1.000000,0.835365080362,0.683209995582,0.613624769244,0.635847629118
ghome,next,5-lda,LR.pen=l1.C=1.000000,0.868844647658,0.637719269211,0.556887491044,0.582253187016
