dataset,context_set,feature_set,model,valid-accuracy,valid-precision,valid-recall,valid-f1_score,test-accuracy,test-precision,test-recall,test-f1_score
ghome,next,w/o similarity,LR.pen=l1.C=1,0.772030651341,0.432471420795,0.291711607601,0.292689918777,0.764367816092,0.410811965812,0.285888546482,0.284474206349
ghome,next,w/o similarity,LR.pen=l2.C=1,0.766283524904,0.403969270166,0.289817668207,0.290207711694,0.764367816092,0.410811965812,0.285888546482,0.284474206349
