dataset,context_set,feature_set,model,accuracy,precision,recall,f1_score
dstc2,next,17-[7+1.2.3.4],LR.pen=l1.C=1.000000,0.844015588483,0.817099772685,0.711615773799,0.739006810782
dstc3,next,17-[7+1.2.3.4],LR.pen=l1.C=1.000000,0.815910601195,0.76594452711,0.689616983055,0.714868784828
family,next,17-[7+1.2.3.4],LR.pen=l1.C=1.000000,0.8806971999,0.76849806764,0.704100392443,0.726870827197
ghome,next,17-[7+1.2.3.4],LR.pen=l1.C=1.000000,0.892887745814,0.717685619735,0.627347836065,0.659226299055
