dataset,context_set,feature_set,model,accuracy,precision,recall,f1_score
dstc2,next,11-[6+1.3.4],LR.pen=l1.C=1.000000,0.843529703592,0.814609769252,0.708172743418,0.735155471699
dstc3,next,11-[6+1.3.4],LR.pen=l1.C=1.000000,0.816866916421,0.769118014738,0.687371213893,0.713532231175
family,next,11-[6+1.3.4],LR.pen=l1.C=1.000000,0.881792440984,0.773520814977,0.702863434388,0.728665846619
ghome,next,11-[6+1.3.4],LR.pen=l1.C=1.000000,0.889573675409,0.713328364296,0.607037847714,0.637942328085
