dataset,A-precision,A-recall,A-f1-score,A-support,C-precision,C-recall,C-f1-score,C-support,F-precision,F-recall,F-f1-score,F-support,R-precision,R-recall,R-f1-score,R-support
dstc2,0.758120,0.350357,0.469948,14.200000,0.775071,0.826129,0.799543,164.500000,0.924891,0.934047,0.929358,268.300000,0.796726,0.757772,0.776368,125.500000
dstc3,0.689635,0.400857,0.500672,20.800000,0.784378,0.810074,0.796771,169.300000,0.882961,0.943529,0.912164,281.200000,0.706584,0.610964,0.654787,122.100000
family,0.693830,0.457774,0.546288,23.200000,0.720520,0.702963,0.708417,27.000000,0.938818,0.981607,0.959681,250.100000,0.736195,0.690495,0.711140,52.700000
ghome,0.750893,0.648183,0.694476,59.500000,0.490286,0.256190,0.323808,12.200000,0.938003,0.987485,0.962073,396.600000,0.753695,0.654395,0.699061,55.800000
all,0.723119,0.464293,0.552846,29.425000,0.692564,0.648839,0.657135,93.250000,0.921168,0.961667,0.940819,299.050000,0.748300,0.678407,0.710339,89.025000
