dataset,context_set,feature_set,model,accuracy,precision,recall,f1_score
dstc2,current,4-syntactic,LR.pen=l1.C=1.000000,0.739101570205,0.562665028412,0.528550913542,0.529483887489
dstc3,current,4-syntactic,LR.pen=l1.C=1.000000,0.746112411917,0.558306229778,0.527621318573,0.524214575227
family,current,4-syntactic,LR.pen=l1.C=1.000000,0.846271032145,0.670024484266,0.614108723857,0.632266363918
ghome,current,4-syntactic,LR.pen=l1.C=1.000000,0.842880125315,0.561365406035,0.514138590167,0.526111976493
