dataset,context_set,feature_set,model,accuracy,precision,recall,f1_score
dstc2,current,12-[7+1.3.4],LR.pen=l1.C=1.000000,0.654723824438,0.524543821172,0.480266195032,0.4843637922
dstc3,current,12-[7+1.3.4],LR.pen=l1.C=1.000000,0.630619480867,0.520701995786,0.470948134095,0.479175630822
family,current,12-[7+1.3.4],LR.pen=l1.C=1.000000,0.727186087393,0.469499772971,0.376058391051,0.394223251119
ghome,current,12-[7+1.3.4],LR.pen=l1.C=1.000000,0.757998560572,0.457747995443,0.359998448947,0.382478690105
