dataset,context_set,feature_set,model,accuracy,precision,recall,f1_score
dstc2,last,3-phrasal,LR.pen=l1.C=1.000000,0.599133309026,0.438661158331,0.430743372923,0.427395780718
dstc3,last,3-phrasal,LR.pen=l1.C=1.000000,0.578941887432,0.423156183033,0.416521480487,0.41513737922
family,last,3-phrasal,LR.pen=l1.C=1.000000,0.692398606228,0.36701956712,0.306258161755,0.309202276016
ghome,last,3-phrasal,LR.pen=l1.C=1.000000,0.745359539383,0.405797889689,0.321033630611,0.33312224738
