dataset,context_set,feature_set,model,accuracy,precision,recall,f1_score
dstc2,all,17-[7+1.2.3.4],LR.pen=l1.C=1.000000,0.830349904066,0.784645830765,0.670692705695,0.69333755832
dstc3,all,17-[7+1.2.3.4],LR.pen=l1.C=1.000000,0.809501828561,0.754436182494,0.640531695778,0.66199537323
family,all,17-[7+1.2.3.4],LR.pen=l1.C=1.000000,0.867453540934,0.726710918304,0.648361812932,0.659756544137
ghome,all,17-[7+1.2.3.4],LR.pen=l1.C=1.000000,0.893882432633,0.690554922939,0.58359315474,0.607345780724
