dataset,context_set,feature_set,model,test_round,accuracy,precision,recall,f1_score
dstc2,next,13-[8+1.3.4] w/ similarity,LR.pen=l1.C=1.000000,0,0.851138353765,0.804401862148,0.720043632014,0.746787218674
dstc2,next,13-[8+1.3.4] w/ similarity,LR.pen=l1.C=1.000000,1,0.803852889667,0.743280217784,0.71071532581,0.724721900934
dstc3,next,13-[8+1.3.4] w/ similarity,LR.pen=l1.C=1.000000,0,0.79222972973,0.788858363858,0.714987612317,0.743035375942
dstc3,next,13-[8+1.3.4] w/ similarity,LR.pen=l1.C=1.000000,1,0.790540540541,0.696546856731,0.690837852355,0.693353484265
family,next,13-[8+1.3.4] w/ similarity,LR.pen=l1.C=1.000000,0,0.849431818182,0.639143888083,0.572468908708,0.594480402733
family,next,13-[8+1.3.4] w/ similarity,LR.pen=l1.C=1.000000,1,0.886363636364,0.782484935704,0.672514306949,0.704532483624
ghome,next,13-[8+1.3.4] w/ similarity,LR.pen=l1.C=1.000000,0,0.869731800766,0.675922964858,0.562810306454,0.581717105921
ghome,next,13-[8+1.3.4] w/ similarity,LR.pen=l1.C=1.000000,1,0.885057471264,0.568366409064,0.571976117103,0.569314543605
