dataset,context_set,feature_set,model,test_round,accuracy,precision,recall,f1_score
family,next,13-[8+1.3.4] w/ similarity,LR.pen=l1.C=1.000000,0,0.849431818182,0.639143888083,0.572468908708,0.594480402733
family,next,13-[8+1.3.4] w/ similarity,LR.pen=l1.C=1.000000,1,0.886363636364,0.782484935704,0.672514306949,0.704532483624
