dataset,context_set,feature_set,model,accuracy,precision,recall,f1_score
dstc2,next,13-[8+1.3.4],LR.pen=l1.C=1.000000,0.827495621716,0.773841039966,0.715379478912,0.735754559804
dstc3,next,13-[8+1.3.4],LR.pen=l1.C=1.000000,0.791385135135,0.742702610295,0.702912732336,0.718194430104
family,next,13-[8+1.3.4],LR.pen=l1.C=1.000000,0.867897727273,0.710814411893,0.622491607829,0.649506443178
ghome,next,13-[8+1.3.4],LR.pen=l1.C=1.000000,0.877394636015,0.622144686961,0.567393211779,0.575515824763
