dataset,context_set,feature_set,model,accuracy,precision,recall,f1_score
dstc2,current,3-phrasal,LR.pen=l1.C=1.000000,0.591003568376,0.415299042379,0.413874881979,0.395136623855
dstc3,current,3-phrasal,LR.pen=l1.C=1.000000,0.588259633396,0.439053949607,0.413681893643,0.399759191976
family,current,3-phrasal,LR.pen=l1.C=1.000000,0.701983613762,0.396961095064,0.316521443019,0.322649997052
ghome,current,3-phrasal,LR.pen=l1.C=1.000000,0.75841557122,0.43259823816,0.336505817693,0.354100645373
