dataset,context_set,feature_set,model,accuracy,precision,recall,f1_score
dstc2,next,13-[8+1.3.4],LR.pen=l1.C=1.000000,0.800877449896,0.719264542374,0.668582106596,0.685392679578
dstc3,next,13-[8+1.3.4],LR.pen=l1.C=1.000000,0.781909397021,0.700885741076,0.668492922907,0.680740089531
family,next,13-[8+1.3.4],LR.pen=l1.C=1.000000,0.828136300854,0.672489463013,0.626675786222,0.643817925631
ghome,next,13-[8+1.3.4],LR.pen=l1.C=1.000000,0.877220422938,0.656836436624,0.607056349249,0.622070506915
