dataset,context_set,feature_set,model,accuracy,precision,recall,f1_score
dstc2,current,0-all,LR.pen=l1.C=1.000000,0.793872136184,0.694261358458,0.623284457709,0.638380870703
dstc3,current,0-all,LR.pen=l1.C=1.000000,0.779299460351,0.675747264319,0.61164273631,0.628062329726
family,current,0-all,LR.pen=l1.C=1.000000,0.878424472627,0.762649897424,0.678459515544,0.70006225344
ghome,current,0-all,LR.pen=l1.C=1.000000,0.893138375564,0.686208659472,0.594003291801,0.61789927065
