dataset,context_set,feature_set,model,test_round,accuracy,precision,recall,f1_score
dstc2,next,0-all w/ similarity,LR.pen=l1.C=1.000000,0,0.84938704028,0.784387844503,0.754270294867,0.767212003501
dstc2,next,0-all w/ similarity,LR.pen=l1.C=1.000000,1,0.810858143608,0.732729824233,0.685690155494,0.703738066007
dstc3,next,0-all w/ similarity,LR.pen=l1.C=1.000000,0,0.79222972973,0.760061534136,0.712059281028,0.732049410785
dstc3,next,0-all w/ similarity,LR.pen=l1.C=1.000000,1,0.793918918919,0.71616439879,0.694955932849,0.70459663125
family,next,0-all w/ similarity,LR.pen=l1.C=1.000000,0,0.863636363636,0.704708910591,0.663074383748,0.681368873805
family,next,0-all w/ similarity,LR.pen=l1.C=1.000000,1,0.886363636364,0.83145801011,0.731673665304,0.756146549529
ghome,next,0-all w/ similarity,LR.pen=l1.C=1.000000,0,0.865900383142,0.618237514518,0.563103492553,0.583207636994
ghome,next,0-all w/ similarity,LR.pen=l1.C=1.000000,1,0.900383141762,0.695282507034,0.633703561034,0.65237829719
