dataset,context_set,feature_set,model,test_round,accuracy,precision,recall,f1_score
dstc2,next,0-all w/ similarity,LR.pen=l1.C=1.000000,0,0.84938704028,0.784387844503,0.754270294867,0.767212003501
dstc2,next,0-all w/ similarity,LR.pen=l1.C=1.000000,1,0.810858143608,0.732729824233,0.685690155494,0.703738066007
