dataset,context_set,feature_set,model,test_round,accuracy,precision,recall,f1_score
dstc3,next,0-all w/ similarity,LR.pen=l1.C=1.000000,0,0.79222972973,0.760061534136,0.712059281028,0.732049410785
dstc3,next,0-all w/ similarity,LR.pen=l1.C=1.000000,1,0.793918918919,0.71616439879,0.694955932849,0.70459663125
