dataset,context_set,feature_set,model,test_round,accuracy,precision,recall,f1_score
family,next,0-all w/ similarity,LR.pen=l1.C=1.000000,0,0.863636363636,0.704708910591,0.663074383748,0.681368873805
family,next,0-all w/ similarity,LR.pen=l1.C=1.000000,1,0.886363636364,0.83145801011,0.731673665304,0.756146549529
