dataset,context_set,feature_set,model,test_round,accuracy,precision,recall,f1_score
ghome,next,0-all w/ similarity,LR.pen=l1.C=1.000000,0,0.865900383142,0.618237514518,0.563103492553,0.583207636994
ghome,next,0-all w/ similarity,LR.pen=l1.C=1.000000,1,0.900383141762,0.695282507034,0.633703561034,0.65237829719
