dataset,A-precision,A-recall,A-f1-score,A-support,C-precision,C-recall,C-f1-score,C-support,F-precision,F-recall,F-f1-score,F-support,R-precision,R-recall,R-f1-score,R-support
dstc2,0.665529,0.367857,0.463377,14.200000,0.777218,0.821025,0.798293,164.500000,0.925048,0.932108,0.928465,268.300000,0.791439,0.757748,0.773774,125.500000
dstc3,0.620715,0.400857,0.480364,20.800000,0.775769,0.803104,0.788909,169.300000,0.887982,0.936064,0.911313,281.200000,0.691271,0.609976,0.647524,122.100000
family,0.642729,0.469148,0.535888,23.200000,0.709781,0.648889,0.673702,27.000000,0.937002,0.972248,0.954250,250.100000,0.698948,0.681806,0.688707,52.700000
ghome,0.709763,0.653761,0.679266,59.500000,0.445071,0.232857,0.297800,12.200000,0.943021,0.979317,0.960788,396.600000,0.702024,0.636087,0.665457,55.800000
all,0.659684,0.472906,0.539724,29.425000,0.676960,0.626469,0.639676,93.250000,0.923263,0.954934,0.938704,299.050000,0.720920,0.671404,0.693865,89.025000
