dataset,context_set,feature_set,model,accuracy,precision,recall,f1_score
dstc2,current,11-[6+1.3.4],LR.pen=l1.C=1.000000,0.654937568364,0.537944731427,0.481368183214,0.487041005319
dstc3,current,11-[6+1.3.4],LR.pen=l1.C=1.000000,0.63145236821,0.528097815309,0.4732478128,0.482475480312
family,current,11-[6+1.3.4],LR.pen=l1.C=1.000000,0.738524610748,0.495569493354,0.38151318927,0.402634286106
ghome,current,11-[6+1.3.4],LR.pen=l1.C=1.000000,0.767339599077,0.514786321486,0.38476448282,0.413082463601
