dataset,context_set,feature_set,model,test_round,accuracy,precision,recall,f1_score
dstc2,next,7-d2v w/ similarity,LR.pen=l1.C=1.000000,0,0.788091068301,0.821836965226,0.592572650684,0.605514835502
dstc3,next,7-d2v w/ similarity,LR.pen=l1.C=1.000000,0,0.778716216216,0.720230800654,0.622584574374,0.648469894474
family,next,7-d2v w/ similarity,LR.pen=l1.C=1.000000,0,0.798295454545,0.550241935484,0.491234856931,0.507756101451
ghome,next,7-d2v w/ similarity,LR.pen=l1.C=1.000000,0,0.860153256705,0.553797507852,0.505457113508,0.525513274773
