dataset,A-precision,A-recall,A-f1-score,A-support,C-precision,C-recall,C-f1-score,C-support,F-precision,F-recall,F-f1-score,F-support,R-precision,R-recall,R-f1-score,R-support
dstc2,0.611913,0.186071,0.275381,14.200000,0.727170,0.747702,0.736907,164.500000,0.872952,0.912272,0.892101,268.300000,0.643928,0.607662,0.624641,125.500000
dstc3,0.600480,0.308286,0.399614,20.800000,0.705231,0.739262,0.721552,169.300000,0.862847,0.927239,0.893833,281.200000,0.568818,0.478450,0.519209,122.100000
family,0.368679,0.255896,0.296449,23.200000,0.600913,0.574815,0.584025,27.000000,0.893177,0.940497,0.916107,250.100000,0.527461,0.468364,0.494749,52.700000
ghome,0.577560,0.515132,0.542626,59.500000,0.261490,0.145714,0.181306,12.200000,0.933385,0.971497,0.952014,396.600000,0.544542,0.499527,0.518530,55.800000
all,0.539658,0.316346,0.378518,29.425000,0.573701,0.551873,0.555948,93.250000,0.890590,0.937877,0.913514,299.050000,0.571187,0.513500,0.539282,89.025000
