dataset,context_set,feature_set,model,accuracy,precision,recall,f1_score
dstc2,next,7-d2v,LR.pen=l1.C=1.000000,0.78019652965,0.71399060778,0.613426764354,0.63225737277
dstc3,next,7-d2v,LR.pen=l1.C=1.000000,0.759493354741,0.684344031184,0.613309375451,0.633552020114
family,next,7-d2v,LR.pen=l1.C=1.000000,0.797045454545,0.597557369418,0.559892858258,0.572832378514
ghome,next,7-d2v,LR.pen=l1.C=1.000000,0.850230308419,0.579244018413,0.532967614162,0.548619024584
