dataset,context_set,feature_set,model,accuracy,precision,recall,f1_score
dstc2,all,2-lexical,LinearSVC.pen=l1.C=0.125000,0.815695414906,0.741025035677,0.656493883381,0.675023955266
dstc3,all,2-lexical,LinearSVC.pen=l1.C=0.125000,0.788266434752,0.695730574811,0.615175481062,0.631780322432
family,all,2-lexical,LinearSVC.pen=l1.C=0.125000,0.8622435334,0.70574374101,0.645910676616,0.660442956074
ghome,all,2-lexical,LinearSVC.pen=l1.C=0.125000,0.882712686014,0.666169789943,0.578878977637,0.606970293701
