dataset,context_set,feature_set,model,accuracy,precision,recall,f1_score
dstc2,current,1-basic,LR.pen=l1.C=1.000000,0.636435509226,0.439495078019,0.434298205498,0.41814962604
dstc3,current,1-basic,LR.pen=l1.C=1.000000,0.622928485416,0.560872777211,0.427669063689,0.420180442861
family,current,1-basic,LR.pen=l1.C=1.000000,0.714152435962,0.469827234568,0.281795486665,0.27060522079
ghome,current,1-basic,LR.pen=l1.C=1.000000,0.756390846934,0.410490816593,0.272250782422,0.261005941451
