dataset,context_set,feature_set,model,test_round,accuracy,precision,recall,f1_score
dstc2,next,13-[8+1.3.4] w/ similarity,LR.pen=l1.C=1.000000,0,0.835376532399,0.786108579974,0.741831452494,0.759774423412
dstc2,next,13-[8+1.3.4] w/ similarity,LR.pen=l1.C=1.000000,1,0.810858143608,0.776009627407,0.700248244839,0.726889299217
dstc3,next,13-[8+1.3.4] w/ similarity,LR.pen=l1.C=1.000000,0,0.771959459459,0.689901191031,0.682796080645,0.685875605974
dstc3,next,13-[8+1.3.4] w/ similarity,LR.pen=l1.C=1.000000,1,0.782094594595,0.665812180975,0.661459142048,0.663245908814
family,next,13-[8+1.3.4] w/ similarity,LR.pen=l1.C=1.000000,0,0.849431818182,0.655564500099,0.629696643131,0.64116489293
family,next,13-[8+1.3.4] w/ similarity,LR.pen=l1.C=1.000000,1,0.866477272727,0.748481416716,0.687128267063,0.70783782709
ghome,next,13-[8+1.3.4] w/ similarity,LR.pen=l1.C=1.000000,0,0.85632183908,0.607563261423,0.569639188495,0.585436633519
ghome,next,13-[8+1.3.4] w/ similarity,LR.pen=l1.C=1.000000,1,0.873563218391,0.655162037037,0.626112823147,0.637481331567
