dataset,context_set,feature_set,model,accuracy,precision,recall,f1_score
dstc2,next,18-[8+1.2.3.4],LR.pen=l1.C=1.000000,0.779575978913,0.710146940324,0.636156511732,0.656819511374
dstc3,next,18-[8+1.2.3.4],LR.pen=l1.C=1.000000,0.757772500223,0.694677232141,0.612264964782,0.63527757316
family,next,18-[8+1.2.3.4],LR.pen=l1.C=1.000000,0.867376318433,0.722407147662,0.645969565237,0.662809851222
ghome,next,18-[8+1.2.3.4],LR.pen=l1.C=1.000000,0.870184373743,0.648388818386,0.53601699764,0.556597088398
