dataset,context_set,feature_set,model,accuracy,precision,recall,f1_score
dstc2,all,8-skipthought,LR.pen=l1.C=1.000000,0.786782424702,0.703824180832,0.644206319053,0.661249439392
dstc3,all,8-skipthought,LR.pen=l1.C=1.000000,0.752836945857,0.65841167869,0.623099174493,0.635730345517
family,all,8-skipthought,LR.pen=l1.C=1.000000,0.802241022099,0.624383262048,0.589463778715,0.602514396574
ghome,all,8-skipthought,LR.pen=l1.C=1.000000,0.856301306069,0.596239914823,0.548837658636,0.562570573851
