dataset,A-precision,A-recall,A-f1-score,A-support,C-precision,C-recall,C-f1-score,C-support,F-precision,F-recall,F-f1-score,F-support,R-precision,R-recall,R-f1-score,R-support
dstc2,0.696317,0.315179,0.425634,14.200000,0.764226,0.789659,0.776490,164.500000,0.910123,0.928967,0.919382,268.300000,0.760835,0.739040,0.749443,125.500000
dstc3,0.768830,0.393000,0.512383,20.800000,0.759666,0.780317,0.769591,169.300000,0.886629,0.936272,0.910701,281.200000,0.671561,0.613599,0.640915,122.100000
family,0.641523,0.267270,0.372171,23.200000,0.687356,0.753333,0.716681,27.000000,0.930690,0.993523,0.961025,250.100000,0.725915,0.640248,0.679255,52.700000
ghome,0.745269,0.696674,0.719150,59.500000,0.427333,0.072619,0.119360,12.200000,0.942057,0.991878,0.966300,396.600000,0.733185,0.640722,0.681847,55.800000
all,0.712985,0.418030,0.507334,29.425000,0.659645,0.598982,0.595530,93.250000,0.917375,0.962660,0.939352,299.050000,0.722874,0.658402,0.687865,89.025000
