dataset,context_set,feature_set,model,accuracy,precision,recall,f1_score
dstc2,next,0-all,LR.pen=l1.C=1.000000,0.832062604974,0.782875401016,0.693211122058,0.717737012978
dstc3,next,0-all,LR.pen=l1.C=1.000000,0.806302515387,0.771671264655,0.680796942448,0.708397577534
family,next,0-all,LR.pen=l1.C=1.000000,0.874641197891,0.746371131399,0.663593291684,0.682282873049
ghome,next,0-all,LR.pen=l1.C=1.000000,0.899585317838,0.711961085223,0.600473002426,0.62166426951
