dataset,context_set,feature_set,model,test_round,accuracy,precision,recall,f1_score
dstc2,next,8-skipthought w/ similarity,LR.pen=l1.C=1.000000,0,0.83887915937,0.862692738996,0.69893314785,0.740959256414
dstc3,next,8-skipthought w/ similarity,LR.pen=l1.C=1.000000,0,0.765202702703,0.690044321806,0.610180364461,0.634248765675
family,next,8-skipthought w/ similarity,LR.pen=l1.C=1.000000,0,0.832386363636,0.712271062271,0.571885668277,0.602722695256
