dataset,context_set,feature_set,model,accuracy,precision,recall,f1_score
dstc2,current,6-w2v,LR.pen=l1.C=1.000000,0.758829548783,0.591903957679,0.552585775157,0.5585538828
dstc3,current,6-w2v,LR.pen=l1.C=1.000000,0.751612924806,0.591513033631,0.549864309127,0.55511632403
family,current,6-w2v,LR.pen=l1.C=1.000000,0.825688410347,0.634956799619,0.594678159731,0.60917916718
ghome,current,6-w2v,LR.pen=l1.C=1.000000,0.843087783917,0.579493334276,0.557576882702,0.566258977233
