dataset,context_set,feature_set,model,test_round,accuracy,precision,recall,f1_score
dstc2,next,11-[6+1.3.4] w/ similarity,LR.pen=l1.C=1.000000,0,0.865148861646,0.787469015877,0.763141427011,0.774283891564
dstc2,next,11-[6+1.3.4] w/ similarity,LR.pen=l1.C=1.000000,1,0.826619964974,0.805169215356,0.688064901971,0.715676290043
dstc2,next,11-[6+1.3.4] w/ similarity,LR.pen=l1.C=1.000000,2,0.851138353765,0.783705696483,0.71531119663,0.739805479819
