dataset,context_set,feature_set,model,test_round,accuracy,precision,recall,f1_score
dstc2,next,0-all w/ similarity,LR.pen=l1.C=1.000000,0,0.856392294221,0.829469952108,0.705094388684,0.736528691151
dstc2,next,0-all w/ similarity,LR.pen=l1.C=1.000000,1,0.835376532399,0.858149494391,0.706451895574,0.743898380529
dstc3,next,0-all w/ similarity,LR.pen=l1.C=1.000000,0,0.783783783784,0.750744707459,0.694841061554,0.716739397752
dstc3,next,0-all w/ similarity,LR.pen=l1.C=1.000000,1,0.782094594595,0.718051534419,0.693361771613,0.704440610824
family,next,0-all w/ similarity,LR.pen=l1.C=1.000000,0,0.855113636364,0.65039155601,0.580473987365,0.601008092458
family,next,0-all w/ similarity,LR.pen=l1.C=1.000000,1,0.889204545455,0.833023131449,0.707839093274,0.735459431039
ghome,next,0-all w/ similarity,LR.pen=l1.C=1.000000,0,0.886973180077,0.822875090711,0.580234548879,0.603799659834
ghome,next,0-all w/ similarity,LR.pen=l1.C=1.000000,1,0.89846743295,0.601997988934,0.584223591851,0.591602632338
