dataset,context_set,feature_set,model,test_round,accuracy,precision,recall,f1_score
dstc3,next,0-all w/ similarity,LR.pen=l1.C=1.000000,0,0.783783783784,0.750744707459,0.694841061554,0.716739397752
dstc3,next,0-all w/ similarity,LR.pen=l1.C=1.000000,1,0.782094594595,0.718051534419,0.693361771613,0.704440610824
