dataset,context_set,feature_set,model,test_round,accuracy,precision,recall,f1_score
dstc2,next,0-all w/ similarity,LR.pen=l1.C=1.000000,0,0.856392294221,0.829469952108,0.705094388684,0.736528691151
dstc2,next,0-all w/ similarity,LR.pen=l1.C=1.000000,1,0.835376532399,0.858149494391,0.706451895574,0.743898380529
