dataset,context_set,feature_set,model,test_round,accuracy,precision,recall,f1_score
family,next,0-all w/ similarity,LR.pen=l1.C=1.000000,0,0.855113636364,0.65039155601,0.580473987365,0.601008092458
family,next,0-all w/ similarity,LR.pen=l1.C=1.000000,1,0.889204545455,0.833023131449,0.707839093274,0.735459431039
