dataset,context_set,feature_set,model,test_round,accuracy,precision,recall,f1_score
ghome,next,0-all w/ similarity,LR.pen=l1.C=1.000000,0,0.886973180077,0.822875090711,0.580234548879,0.603799659834
ghome,next,0-all w/ similarity,LR.pen=l1.C=1.000000,1,0.89846743295,0.601997988934,0.584223591851,0.591602632338
