dataset,context_set,feature_set,model,accuracy,precision,recall,f1_score
dstc2,next,18-[8+1.2.3.4],LR.pen=l1.C=1.000000,0.846532997017,0.808053525711,0.716276791962,0.741246433573
dstc3,next,18-[8+1.2.3.4],LR.pen=l1.C=1.000000,0.816906944073,0.765396863721,0.694494919312,0.718088514416
family,next,18-[8+1.2.3.4],LR.pen=l1.C=1.000000,0.87844173782,0.758101558085,0.69846696227,0.720882777955
ghome,next,18-[8+1.2.3.4],LR.pen=l1.C=1.000000,0.898255964099,0.718089048608,0.643810215229,0.669576881826
