dataset,context_set,feature_set,model,accuracy,precision,recall,f1_score
dstc2,last,7-d2v,LR.pen=l1.C=1.000000,0.606865985667,0.4544776606,0.437258581393,0.433619039847
dstc3,last,7-d2v,LR.pen=l1.C=1.000000,0.584169231112,0.422370574323,0.413248311016,0.410174527519
family,last,7-d2v,LR.pen=l1.C=1.000000,0.661757282772,0.35052189921,0.321383290901,0.327455449623
ghome,last,7-d2v,LR.pen=l1.C=1.000000,0.732210791474,0.367536929598,0.307857461959,0.316369477861
