dataset,context_set,feature_set,model,accuracy,precision,recall,f1_score
dstc2,current,18-[8+1.2.3.4],LR.pen=l1.C=1.000000,0.644091080256,0.521292477066,0.475233582057,0.480328263171
dstc3,current,18-[8+1.2.3.4],LR.pen=l1.C=1.000000,0.617923802515,0.497464616825,0.460945188173,0.466802063463
family,current,18-[8+1.2.3.4],LR.pen=l1.C=1.000000,0.74224949774,0.511722820158,0.383172985617,0.408355874757
ghome,current,18-[8+1.2.3.4],LR.pen=l1.C=1.000000,0.767075845135,0.499291411257,0.364019298142,0.390585958859
