dataset,context_set,feature_set,model,test_round,accuracy,precision,recall,f1_score
dstc2,next,12-[7+1.3.4] w/ similarity,LR.pen=l1.C=1.000000,0,0.840630472855,0.77598765734,0.710421680795,0.733238389838
dstc2,next,12-[7+1.3.4] w/ similarity,LR.pen=l1.C=1.000000,1,0.830122591944,0.85073654308,0.716540927765,0.755029287148
dstc3,next,12-[7+1.3.4] w/ similarity,LR.pen=l1.C=1.000000,0,0.807432432432,0.766526492393,0.725982220559,0.74217698815
dstc3,next,12-[7+1.3.4] w/ similarity,LR.pen=l1.C=1.000000,1,0.809121621622,0.708594474088,0.694890391356,0.700434514862
family,next,12-[7+1.3.4] w/ similarity,LR.pen=l1.C=1.000000,0,0.866477272727,0.702578609806,0.666271770098,0.682821738613
family,next,12-[7+1.3.4] w/ similarity,LR.pen=l1.C=1.000000,1,0.866477272727,0.721938561543,0.699308807135,0.709036137742
ghome,next,12-[7+1.3.4] w/ similarity,LR.pen=l1.C=1.000000,0,0.867816091954,0.700096493389,0.571254922102,0.597834357098
ghome,next,12-[7+1.3.4] w/ similarity,LR.pen=l1.C=1.000000,1,0.862068965517,0.541667274599,0.538850368088,0.539978780826
