dataset,context_set,feature_set,model,test_round,accuracy,precision,recall,f1_score
family,next,12-[7+1.3.4] w/ similarity,LR.pen=l1.C=1.000000,0,0.866477272727,0.702578609806,0.666271770098,0.682821738613
family,next,12-[7+1.3.4] w/ similarity,LR.pen=l1.C=1.000000,1,0.866477272727,0.721938561543,0.699308807135,0.709036137742
