dataset,context_set,feature_set,model,accuracy,precision,recall,f1_score
dstc2,next,12-[7+1.3.4],LR.pen=l1.C=1.000000,0.835376532399,0.81336210021,0.71348130428,0.744133838493
dstc3,next,12-[7+1.3.4],LR.pen=l1.C=1.000000,0.808277027027,0.737560483241,0.710436305957,0.721305751506
family,next,12-[7+1.3.4],LR.pen=l1.C=1.000000,0.866477272727,0.712258585675,0.682790288616,0.695928938177
ghome,next,12-[7+1.3.4],LR.pen=l1.C=1.000000,0.864942528736,0.620881883994,0.555052645095,0.568906568962
