dataset,context_set,feature_set,model,accuracy,precision,recall,f1_score
dstc2,last,13-[8+1.3.4],LR.pen=l1.C=1.000000,0.617620066586,0.470601980601,0.45655325479,0.458288208496
dstc3,last,13-[8+1.3.4],LR.pen=l1.C=1.000000,0.585618811881,0.457665828351,0.438892922663,0.443023284152
family,last,13-[8+1.3.4],LR.pen=l1.C=1.000000,0.729018395279,0.478714305236,0.353220974149,0.371425604575
ghome,last,13-[8+1.3.4],LR.pen=l1.C=1.000000,0.754239326009,0.4667414971,0.335297723848,0.354622007642
