dataset,context_set,feature_set,model,accuracy,precision,recall,f1_score
dstc2,current,8-skipthought,LR.pen=l1.C=1.000000,0.73744368003,0.577448370488,0.557343966885,0.562096212552
dstc3,current,8-skipthought,LR.pen=l1.C=1.000000,0.709626036928,0.54462561826,0.529664279083,0.532660646563
family,current,8-skipthought,LR.pen=l1.C=1.000000,0.800369161226,0.607018080938,0.572118069417,0.583802152517
ghome,current,8-skipthought,LR.pen=l1.C=1.000000,0.841950212739,0.564310723058,0.527885764139,0.539484709975
