dataset,context_set,feature_set,model,accuracy,precision,recall,f1_score
dstc2,next,11-[6+1.3.4],LR.pen=l1.C=2.000000,0.822808437386,0.720590571163,0.696870803359,0.704830165236
dstc3,next,11-[6+1.3.4],LR.pen=l1.C=2.000000,0.799014583891,0.714093288116,0.682225605642,0.694390418102
family,next,11-[6+1.3.4],LR.pen=l1.C=2.000000,0.829915243596,0.64589019973,0.622405597775,0.630924928172
ghome,next,11-[6+1.3.4],LR.pen=l1.C=2.000000,0.861817065684,0.619648051339,0.59835192059,0.60486577271
