dataset,model,accuracy,precision,recall,f1_score,training_time,test_time
family.#percent=0.#feature=49,LR.pen=l1.C=1,0.845642760897,0.761922728074,0.594662875621,0.623743154879,1.02121562958,0.000224828720093
