dataset,context_set,feature_set,model,accuracy,precision,recall,f1_score
dstc2,current,8-skipthought,LR.pen=l1.C=1.000000,0.576190982828,0.448720371243,0.412677258859,0.414661695974
dstc3,current,8-skipthought,LR.pen=l1.C=1.000000,0.553960619035,0.427428230389,0.401129916438,0.399812924862
family,current,8-skipthought,LR.pen=l1.C=1.000000,0.68694249121,0.363707702095,0.292639189193,0.291947570626
ghome,current,8-skipthought,LR.pen=l1.C=1.000000,0.718489871087,0.387978766076,0.341728638922,0.353453971139
