dataset,context_set,feature_set,model,accuracy,precision,recall,f1_score
dstc2,current,3-phrasal,LR.pen=l1.C=1.000000,0.590934412413,0.415220390598,0.413809238493,0.395017045152
dstc3,current,3-phrasal,LR.pen=l1.C=1.000000,0.588595910267,0.439562769076,0.413940948558,0.400018282477
family,current,3-phrasal,LR.pen=l1.C=1.000000,0.701579608237,0.395366205677,0.316261022721,0.322281592914
ghome,current,3-phrasal,LR.pen=l1.C=1.000000,0.758571791452,0.432767193542,0.336484580147,0.354045620909
