dataset,context_set,feature_set,model,accuracy,precision,recall,f1_score
dstc2,next,1-basic,LR.pen=l1.C=1.000000,0.752671141581,0.548724193983,0.53939190205,0.534051790674
dstc3,next,1-basic,LR.pen=l1.C=1.000000,0.696248216038,0.63524919043,0.498406311979,0.495941319765
family,next,1-basic,LR.pen=l1.C=1.000000,0.719419261678,0.464090937137,0.297578054508,0.293445365573
ghome,next,1-basic,LR.pen=l1.C=1.000000,0.762999936496,0.473073463545,0.276185626269,0.266297257458
