dataset,context_set,feature_set,model,accuracy,precision,recall,f1_score
dstc2,next,17-[7+1.2.3.4],LR.pen=l1.C=1.000000,0.800165209231,0.742327556537,0.656595920223,0.678800545145
dstc3,next,17-[7+1.2.3.4],LR.pen=l1.C=1.000000,0.761629537954,0.688939872445,0.628325342571,0.647348525886
family,next,17-[7+1.2.3.4],LR.pen=l1.C=1.000000,0.834233425414,0.654139126797,0.627015368373,0.637017726022
ghome,next,17-[7+1.2.3.4],LR.pen=l1.C=1.000000,0.858618149489,0.603913072658,0.554889194473,0.570990478941
