dataset,context_set,feature_set,model,accuracy,precision,recall,f1_score
dstc2,next,13-[8+1.3.4],LR.pen=l1.C=1.000000,0.80424804098,0.740881437194,0.676342789276,0.696321545819
dstc3,next,13-[8+1.3.4],LR.pen=l1.C=1.000000,0.78315237267,0.707839050739,0.669881088921,0.683768971016
family,next,13-[8+1.3.4],LR.pen=l1.C=1.000000,0.863301104972,0.72783476185,0.678035933489,0.696773479805
ghome,next,13-[8+1.3.4],LR.pen=l1.C=1.000000,0.882932198726,0.675878725394,0.594343471452,0.608649680373
