dataset,context_set,feature_set,model,accuracy,precision,recall,f1_score
dstc2,current,4-syntactic,LR.pen=l1.C=1.000000,0.755939403358,0.583179825782,0.548382555093,0.551740116551
dstc3,current,4-syntactic,LR.pen=l1.C=1.000000,0.762943983588,0.600962766387,0.555972815246,0.560604829283
family,current,4-syntactic,LR.pen=l1.C=1.000000,0.858607169764,0.71157581474,0.641534981862,0.665479066839
ghome,current,4-syntactic,LR.pen=l1.C=1.000000,0.856332423107,0.589149638096,0.541032926461,0.555914445106
