dataset,context_set,feature_set,model,accuracy,precision,recall,f1_score
dstc2,current,18-[8+1.2.3.4],LR.pen=l1.C=1.000000,0.644405420106,0.519103739988,0.475548370065,0.480622382011
dstc3,current,18-[8+1.2.3.4],LR.pen=l1.C=1.000000,0.617926143966,0.496480843729,0.460843224349,0.466597434735
family,current,18-[8+1.2.3.4],LR.pen=l1.C=1.000000,0.742476770467,0.513935782872,0.384098240169,0.409708115226
ghome,current,18-[8+1.2.3.4],LR.pen=l1.C=1.000000,0.766918143138,0.49976075645,0.363945247634,0.390490736467
