dataset,model,accuracy,precision,recall,f1_score,training_time,test_time
family.#percent=5.#feature=3315,Random forest.#tree=100,0.855706953718,0.722375978593,0.594187512189,0.621866210008,34.6708451629,0.473908293247
