dataset,model,accuracy,precision,recall,f1_score,training_time,test_time
family.#percent=10.#feature=5731,Random forest.#tree=100,0.855989058959,0.723629674621,0.594093724723,0.622136734714,34.6794738213,0.477677265803
