dataset,model,accuracy,precision,recall,f1_score,training_time,test_time
family.#percent=60.#feature=29891,Random forest.#tree=100,0.855945279658,0.719781112423,0.5938495409,0.620740143058,35.3430299004,0.449936850866
