dataset,model,accuracy,precision,recall,f1_score,training_time,test_time
family.#percent=40.#feature=20227,Random forest.#tree=100,0.855769481158,0.71998256426,0.593145442497,0.620049117184,35.6889234829,0.465921301842
