dataset,context_set,feature_set,model,test_round,accuracy,precision,recall,f1_score
dstc2,next,6-w2v w/ similarity,LR.pen=l1.C=1.000000,0,0.84938704028,0.634801920768,0.629744994539,0.629555208006
dstc3,next,6-w2v w/ similarity,LR.pen=l1.C=1.000000,0,0.797297297297,0.781598331009,0.617306354638,0.647593997491
family,next,6-w2v w/ similarity,LR.pen=l1.C=1.000000,0,0.801136363636,0.534295204721,0.462948717949,0.480955669561
ghome,next,6-w2v w/ similarity,LR.pen=l1.C=1.000000,0,0.875478927203,0.5956830098,0.538522941277,0.558694287397
