dataset,context_set,feature_set,model,accuracy,precision,recall,f1_score
dstc2,next,10-[5+1.3.4],LR.pen=l1.C=1.000000,0.840787792209,0.796996497003,0.701936474303,0.726564508636
dstc3,next,10-[5+1.3.4],LR.pen=l1.C=1.000000,0.804708433681,0.751444500454,0.653685243754,0.678877998399
family,next,10-[5+1.3.4],LR.pen=l1.C=1.000000,0.863714527875,0.730445007918,0.667812883056,0.690614683793
ghome,next,10-[5+1.3.4],LR.pen=l1.C=1.000000,0.880459558434,0.671202067969,0.59344281922,0.621217692989
