dataset,context_set,feature_set,model,test_round,accuracy,precision,recall,f1_score
dstc2,next,13-[8+1.3.4] w/ similarity,LR.pen=l1.C=1.000000,0,0.84938704028,0.779536040754,0.717452077591,0.738863429802
dstc2,next,13-[8+1.3.4] w/ similarity,LR.pen=l1.C=1.000000,1,0.805604203152,0.741532413506,0.679933875917,0.701247700805
dstc3,next,13-[8+1.3.4] w/ similarity,LR.pen=l1.C=1.000000,0,0.787162162162,0.739646287722,0.698330092146,0.715662744537
dstc3,next,13-[8+1.3.4] w/ similarity,LR.pen=l1.C=1.000000,1,0.793918918919,0.708413522272,0.703107471135,0.7050999592
family,next,13-[8+1.3.4] w/ similarity,LR.pen=l1.C=1.000000,0,0.880681818182,0.739159245123,0.686179982658,0.709828823679
family,next,13-[8+1.3.4] w/ similarity,LR.pen=l1.C=1.000000,1,0.880681818182,0.753245758073,0.678451009538,0.698512611184
ghome,next,13-[8+1.3.4] w/ similarity,LR.pen=l1.C=1.000000,0,0.877394636015,0.695925146265,0.574088341037,0.593487394958
ghome,next,13-[8+1.3.4] w/ similarity,LR.pen=l1.C=1.000000,1,0.875478927203,0.556496305419,0.562532100668,0.55945231631
