dataset,context_set,feature_set,model,test_round,accuracy,precision,recall,f1_score
family,next,13-[8+1.3.4] w/ similarity,LR.pen=l1.C=1.000000,0,0.880681818182,0.739159245123,0.686179982658,0.709828823679
family,next,13-[8+1.3.4] w/ similarity,LR.pen=l1.C=1.000000,1,0.880681818182,0.753245758073,0.678451009538,0.698512611184
