dataset,context_set,feature_set,model,test_round,accuracy,precision,recall,f1_score
ghome,next,13-[8+1.3.4] w/ similarity,LR.pen=l1.C=1.000000,0,0.877394636015,0.695925146265,0.574088341037,0.593487394958
ghome,next,13-[8+1.3.4] w/ similarity,LR.pen=l1.C=1.000000,1,0.875478927203,0.556496305419,0.562532100668,0.55945231631
