dataset,context_set,feature_set,model,accuracy,precision,recall,f1_score
dstc2,next,11-[6+1.3.4],LR.pen=l1.C=1.000000,0.844925374919,0.796680060544,0.711450985681,0.734552146844
dstc3,next,11-[6+1.3.4],LR.pen=l1.C=1.000000,0.817448265097,0.757085435572,0.692160371389,0.714168014629
family,next,11-[6+1.3.4],LR.pen=l1.C=1.000000,0.879046333501,0.76419536448,0.704046721547,0.727430077754
ghome,next,11-[6+1.3.4],LR.pen=l1.C=1.000000,0.893824855528,0.701687145508,0.619184826963,0.644177341188
