dataset,context_set,feature_set,model,accuracy,precision,recall,f1_score
dstc2,next,12-[7+1.3.4],LR.pen=l1.C=1.000000,0.819488114379,0.766807386569,0.684904169568,0.706166691337
dstc3,next,12-[7+1.3.4],LR.pen=l1.C=1.000000,0.797099834983,0.721476644945,0.679834893948,0.694853939412
family,next,12-[7+1.3.4],LR.pen=l1.C=1.000000,0.855529570568,0.700550726877,0.664985213192,0.678861806078
ghome,next,12-[7+1.3.4],LR.pen=l1.C=1.000000,0.879704917339,0.665160468079,0.583820699108,0.594844390277
