dataset,context_set,feature_set,model,accuracy,precision,recall,f1_score
dstc2,next,16-[6+1.2.3.4],LR.pen=l1.C=1.000000,0.795962953444,0.711183142297,0.658203625928,0.673861004807
dstc3,next,16-[6+1.2.3.4],LR.pen=l1.C=1.000000,0.769386540005,0.694073836876,0.643485257254,0.661516381659
family,next,16-[6+1.2.3.4],LR.pen=l1.C=1.000000,0.840740833752,0.670592930326,0.637304757092,0.650165354113
ghome,next,16-[6+1.2.3.4],LR.pen=l1.C=1.000000,0.851513727482,0.595853611309,0.563166675177,0.57341449285
