dataset,model,accuracy,precision,recall,f1_score,training_time,test_time
ghome,LR.pen=l1.C=1,0.918087979094,0.830223210575,0.696381693812,0.739936495383,131.401392579,0.387558460236
