dataset,A-precision,A-recall,A-f1-score,A-support,C-precision,C-recall,C-f1-score,C-support,F-precision,F-recall,F-f1-score,F-support,R-precision,R-recall,R-f1-score,R-support
dstc2,0.441071,0.180357,0.248892,14.200000,0.691815,0.727508,0.708923,164.500000,0.890451,0.921279,0.905474,268.300000,0.614100,0.568246,0.589806,125.500000
dstc3,0.542154,0.331000,0.405699,20.800000,0.692865,0.720041,0.705937,169.300000,0.867782,0.916150,0.891247,281.200000,0.524813,0.461275,0.490324,122.100000
family,0.447852,0.268035,0.329851,23.200000,0.661206,0.660000,0.658026,27.000000,0.918167,0.982729,0.949293,250.100000,0.631515,0.527027,0.572166,52.700000
ghome,0.459799,0.582945,0.512648,59.500000,0.228333,0.037857,0.063371,12.200000,0.922109,0.939585,0.930707,396.600000,0.581952,0.440906,0.498847,55.800000
all,0.472719,0.340584,0.374273,29.425000,0.568555,0.536352,0.534064,93.250000,0.899627,0.939936,0.919180,299.050000,0.588095,0.499364,0.537786,89.025000
