dataset,context_set,feature_set,model,accuracy,precision,recall,f1_score
dstc2,next,3-phrasal,LR.pen=l1.C=1.000000,0.76984315882,0.659359365714,0.59934767904,0.613273793372
dstc3,next,3-phrasal,LR.pen=l1.C=1.000000,0.746138948354,0.656903728113,0.607116469353,0.623301722049
family,next,3-phrasal,LR.pen=l1.C=1.000000,0.843030826218,0.664684879398,0.609447771578,0.62733416292
ghome,next,3-phrasal,LR.pen=l1.C=1.000000,0.825026142546,0.548048263572,0.500323228878,0.501393100978
