dataset,A-precision,A-recall,A-f1-score,A-support,C-precision,C-recall,C-f1-score,C-support,F-precision,F-recall,F-f1-score,F-support,R-precision,R-recall,R-f1-score,R-support
dstc2,0.517192,0.348036,0.406858,14.200000,0.739936,0.750144,0.744586,164.500000,0.897512,0.910409,0.903791,268.300000,0.712343,0.700338,0.705847,125.500000
dstc3,0.532512,0.414714,0.461292,20.800000,0.722128,0.731875,0.726611,169.300000,0.884247,0.899149,0.891549,281.200000,0.600508,0.585903,0.592580,122.100000
family,0.523377,0.476626,0.494262,23.200000,0.670315,0.620000,0.642079,27.000000,0.934956,0.953614,0.944109,250.100000,0.640288,0.623644,0.630586,52.700000
ghome,0.669764,0.675164,0.671234,59.500000,0.391508,0.180000,0.239529,12.200000,0.948678,0.967414,0.957903,396.600000,0.643328,0.620900,0.630507,55.800000
all,0.560711,0.478635,0.508412,29.425000,0.630972,0.570505,0.588201,93.250000,0.916349,0.932646,0.924338,299.050000,0.649117,0.632696,0.639880,89.025000
