dataset,context_set,feature_set,model,accuracy,precision,recall,f1_score
dstc2,all,2-lexical,LR.pen=l1.C=1.000000,0.81560647448,0.749851093846,0.649247716339,0.667931948445
dstc3,all,2-lexical,LR.pen=l1.C=1.000000,0.79352265632,0.712619286842,0.612398120777,0.629062610522
family,all,2-lexical,LR.pen=l1.C=1.000000,0.865141260673,0.71991253398,0.64545828927,0.662911589908
ghome,all,2-lexical,LR.pen=l1.C=1.000000,0.88485679812,0.668173523207,0.575336224361,0.605243083949
