dataset,A-precision,A-recall,A-f1-score,A-support,C-precision,C-recall,C-f1-score,C-support,F-precision,F-recall,F-f1-score,F-support,R-precision,R-recall,R-f1-score,R-support
dstc2,0.618716,0.349286,0.437795,14.200000,0.758765,0.763211,0.760659,164.500000,0.904016,0.923898,0.913758,268.300000,0.743632,0.737809,0.740333,125.500000
dstc3,0.631212,0.455857,0.522930,20.800000,0.741933,0.742268,0.741840,169.300000,0.892604,0.920412,0.906198,281.200000,0.620887,0.603929,0.611764,122.100000
family,0.599776,0.447583,0.507862,23.200000,0.691357,0.648148,0.665693,27.000000,0.939543,0.970971,0.954959,250.100000,0.680666,0.664654,0.671359,52.700000
ghome,0.691389,0.677691,0.683014,59.500000,0.421381,0.105714,0.160657,12.200000,0.952895,0.979109,0.965789,396.600000,0.654505,0.645351,0.648333,55.800000
all,0.635273,0.482604,0.537900,29.425000,0.653359,0.564836,0.582212,93.250000,0.922265,0.948598,0.935176,299.050000,0.674923,0.662936,0.667947,89.025000
