dataset,context_set,feature_set,model,accuracy,precision,recall,f1_score
dstc2,next,14-[1.3.4],LR.pen=l1.C=1.000000,0.808191664226,0.74782794914,0.673001025507,0.694845327103
dstc3,next,14-[1.3.4],LR.pen=l1.C=1.000000,0.785767215235,0.717071646311,0.664020220183,0.682217881795
family,next,14-[1.3.4],LR.pen=l1.C=1.000000,0.872898669011,0.751360357974,0.666197737276,0.685956394529
ghome,next,14-[1.3.4],LR.pen=l1.C=1.000000,0.885636205838,0.655279688098,0.581452157303,0.595549106927
