dataset,model,accuracy,precision,recall,f1_score,training_time,test_time
family.#percent=20.#feature=10563,LR.pen=l1.C=1,0.872264613708,0.738381306716,0.624198245612,0.643051417478,65.96525141,0.228214263916
