dataset,model,accuracy,precision,recall,f1_score,training_time,test_time
family.#percent=10.#feature=5731,LR.pen=l1.C=1,0.871849782744,0.73742442768,0.623401947099,0.642071506434,68.100995779,0.240088820457
