dataset,model,accuracy,precision,recall,f1_score,training_time,test_time
ghome.#percent=10.#feature=4635,LR.pen=l1.C=1,0.870066513858,0.65240829721,0.558253063759,0.573674825246,109.646077967,0.282463637988
