dataset,context_set,feature_set,model,accuracy,precision,recall,f1_score
dstc2,last,4-syntactic,LR.pen=l1.C=2.000000,0.599298518257,0.436108213863,0.431083269014,0.427659716736
dstc3,last,4-syntactic,LR.pen=l1.C=2.000000,0.567911203282,0.413541130054,0.404737917411,0.397005589353
family,last,4-syntactic,LR.pen=l1.C=2.000000,0.683265005023,0.359994113173,0.31515062623,0.32051642766
ghome,last,4-syntactic,LR.pen=l1.C=2.000000,0.726034800279,0.363083722765,0.31123509386,0.321078409675
