dataset,context_set,feature_set,model,accuracy,precision,recall,f1_score
dstc2,next,12-[7+1.3.4],LR.pen=l1.C=1.000000,0.821839357334,0.736649297405,0.691465447074,0.706638829715
dstc3,next,12-[7+1.3.4],LR.pen=l1.C=1.000000,0.803944674873,0.717522501327,0.681261958089,0.694566022205
family,next,12-[7+1.3.4],LR.pen=l1.C=1.000000,0.856015507283,0.700738737968,0.673306743999,0.682733169398
ghome,next,12-[7+1.3.4],LR.pen=l1.C=1.000000,0.877006837281,0.666262354539,0.593091707341,0.610292727787
