dataset,context_set,feature_set,model,accuracy,precision,recall,f1_score
dstc2,last,4-syntactic,LR.pen=l1.C=1.000000,0.601039969397,0.440563743806,0.431516279142,0.427730856868
dstc3,last,4-syntactic,LR.pen=l1.C=1.000000,0.571756310766,0.416213012018,0.406510812375,0.398204648355
family,last,4-syntactic,LR.pen=l1.C=1.000000,0.692726958815,0.373520485924,0.315625475067,0.321331603553
ghome,last,4-syntactic,LR.pen=l1.C=1.000000,0.73390529413,0.381946963285,0.310106538449,0.321030258146
