dataset,A-precision,A-recall,A-f1-score,A-support,C-precision,C-recall,C-f1-score,C-support,F-precision,F-recall,F-f1-score,F-support,R-precision,R-recall,R-f1-score,R-support
dstc2,0.648319,0.358214,0.452021,14.200000,0.745943,0.765940,0.755489,164.500000,0.904514,0.925088,0.914581,268.300000,0.732906,0.706018,0.718961,125.500000
dstc3,0.649391,0.430857,0.510757,20.800000,0.749134,0.756084,0.752323,169.300000,0.891930,0.920628,0.905934,281.200000,0.627211,0.606881,0.616581,122.100000
family,0.682148,0.298296,0.408907,23.200000,0.671218,0.740000,0.701635,27.000000,0.928051,0.991684,0.958761,250.100000,0.739486,0.638866,0.684481,52.700000
ghome,0.726157,0.693935,0.708068,59.500000,0.342667,0.071905,0.116470,12.200000,0.940777,0.986526,0.963070,396.600000,0.721415,0.637224,0.674331,55.800000
all,0.676504,0.445326,0.519938,29.425000,0.627240,0.583482,0.581479,93.250000,0.916318,0.955981,0.935586,299.050000,0.705254,0.647247,0.673588,89.025000
