dataset,context_set,feature_set,model,accuracy,precision,recall,f1_score
dstc2,next,11-[6+1.3.4],LR.pen=l1.C=1.000000,0.817271597042,0.757920300873,0.688815141976,0.710262756646
dstc3,next,11-[6+1.3.4],LR.pen=l1.C=1.000000,0.791908059049,0.729416693406,0.678612449791,0.696398679134
family,next,11-[6+1.3.4],LR.pen=l1.C=1.000000,0.874185082873,0.7552256283,0.667211217178,0.688445709755
ghome,next,11-[6+1.3.4],LR.pen=l1.C=1.000000,0.894835841748,0.682753826456,0.597397378323,0.615484957128
