dataset,context_set,feature_set,model,accuracy,precision,recall,f1_score
dstc2,next,2-lexical,LR.pen=l1.C=1.000000,0.772646156973,0.681733661741,0.620956003825,0.637745965242
dstc3,next,2-lexical,LR.pen=l1.C=1.000000,0.744917268754,0.652665017051,0.593402091509,0.610029073211
family,next,2-lexical,LR.pen=l1.C=1.000000,0.854350514817,0.684674868057,0.63071154051,0.650720696418
ghome,next,2-lexical,LR.pen=l1.C=1.000000,0.861865963887,0.613908733799,0.527118861289,0.546635494211
