dataset,context_set,feature_set,model,accuracy,precision,recall,f1_score
dstc2,next,15-[5+1.2.3.4],LR.pen=l1.C=1.000000,0.849146518592,0.809309207641,0.719819660634,0.745784180682
dstc3,next,15-[5+1.2.3.4],LR.pen=l1.C=1.000000,0.817159040228,0.766210768246,0.690580325262,0.715423091865
family,next,15-[5+1.2.3.4],LR.pen=l1.C=1.000000,0.879581240583,0.767510001129,0.710163065934,0.73110048464
ghome,next,15-[5+1.2.3.4],LR.pen=l1.C=1.000000,0.893257763384,0.72531986242,0.634364434916,0.666010163626
