dataset,context_set,feature_set,model,accuracy,precision,recall,f1_score
dstc2,next,12-[7+1.3.4],LR.pen=l1.C=2.000000,0.809186745008,0.71276536504,0.67496007481,0.687042566922
dstc3,next,12-[7+1.3.4],LR.pen=l1.C=2.000000,0.792671594862,0.710337629921,0.667433673846,0.682340100825
family,next,12-[7+1.3.4],LR.pen=l1.C=2.000000,0.821987380713,0.637395366428,0.625004444583,0.628809530047
ghome,next,12-[7+1.3.4],LR.pen=l1.C=2.000000,0.868300840372,0.631720929937,0.600821275426,0.611592606267
