dataset,model,accuracy,precision,recall,f1_score,training_time,test_time
family.#percent=1.#feature=484,LR.pen=l1.C=1,0.871282796627,0.739391251191,0.621847617409,0.639660204213,52.9913901329,0.206835579872
