dataset,A-precision,A-recall,A-f1-score,A-support,C-precision,C-recall,C-f1-score,C-support,F-precision,F-recall,F-f1-score,F-support,R-precision,R-recall,R-f1-score,R-support
dstc2,0.673167,0.304821,0.412167,14.200000,0.751990,0.778820,0.764926,164.500000,0.907760,0.926145,0.916775,268.300000,0.740140,0.716708,0.727985,125.500000
dstc3,0.718355,0.326286,0.441368,20.800000,0.751599,0.775125,0.762916,169.300000,0.879364,0.930871,0.904295,281.200000,0.653835,0.596228,0.623256,122.100000
family,0.620868,0.271339,0.370495,23.200000,0.693312,0.756296,0.720899,27.000000,0.929599,0.993842,0.960594,250.100000,0.723774,0.628103,0.671315,52.700000
ghome,0.722482,0.655948,0.686399,59.500000,0.391667,0.078333,0.126561,12.200000,0.932482,0.991272,0.960943,396.600000,0.732688,0.603729,0.660148,55.800000
all,0.683718,0.389599,0.477607,29.425000,0.647142,0.597144,0.593825,93.250000,0.912301,0.960532,0.935652,299.050000,0.712609,0.636192,0.670676,89.025000
