dataset,context_set,feature_set,model,accuracy,precision,recall,f1_score
dstc2,next,9-[2+1.3.4],LR.pen=l1.C=1.000000,0.822492304382,0.768264020386,0.681623508629,0.705463396329
dstc3,next,9-[2+1.3.4],LR.pen=l1.C=1.000000,0.796364396575,0.750788156151,0.657127310625,0.682958635572
family,next,9-[2+1.3.4],LR.pen=l1.C=1.000000,0.873514251632,0.741888585532,0.662395164126,0.680825816857
ghome,next,9-[2+1.3.4],LR.pen=l1.C=1.000000,0.890721618933,0.694829426804,0.582320453556,0.608512911735
