dataset,context_set,feature_set,model,test_round,accuracy,precision,recall,f1_score
dstc2,next,10-[5+1.3.4] w/ similarity,LR.pen=l1.C=1.000000,0,0.868651488616,0.793312414082,0.749265900463,0.767410983195
dstc2,next,10-[5+1.3.4] w/ similarity,LR.pen=l1.C=1.000000,1,0.84938704028,0.828166946543,0.724934057933,0.752078645202
dstc3,next,10-[5+1.3.4] w/ similarity,LR.pen=l1.C=1.000000,0,0.807432432432,0.766228031739,0.681250610581,0.710191108008
dstc3,next,10-[5+1.3.4] w/ similarity,LR.pen=l1.C=1.000000,1,0.804054054054,0.75034505251,0.654521219582,0.682350043805
family,next,10-[5+1.3.4] w/ similarity,LR.pen=l1.C=1.000000,0,0.855113636364,0.690950506187,0.677823857302,0.684072871573
family,next,10-[5+1.3.4] w/ similarity,LR.pen=l1.C=1.000000,1,0.875,0.755016955246,0.681603245386,0.708137777075
ghome,next,10-[5+1.3.4] w/ similarity,LR.pen=l1.C=1.000000,0,0.871647509579,0.67942911557,0.588805427153,0.621244783899
ghome,next,10-[5+1.3.4] w/ similarity,LR.pen=l1.C=1.000000,1,0.890804597701,0.6845473066,0.631486474919,0.655169299971
