dataset,context_set,feature_set,model,test_round,accuracy,precision,recall,f1_score
dstc3,next,10-[5+1.3.4] w/ similarity,LR.pen=l1.C=1.000000,0,0.807432432432,0.766228031739,0.681250610581,0.710191108008
dstc3,next,10-[5+1.3.4] w/ similarity,LR.pen=l1.C=1.000000,1,0.804054054054,0.75034505251,0.654521219582,0.682350043805
