dataset,context_set,feature_set,model,test_round,accuracy,precision,recall,f1_score
family,next,10-[5+1.3.4] w/ similarity,LR.pen=l1.C=1.000000,0,0.855113636364,0.690950506187,0.677823857302,0.684072871573
family,next,10-[5+1.3.4] w/ similarity,LR.pen=l1.C=1.000000,1,0.875,0.755016955246,0.681603245386,0.708137777075
