dataset,context_set,feature_set,model,test_round,accuracy,precision,recall,f1_score
ghome,next,10-[5+1.3.4] w/ similarity,LR.pen=l1.C=1.000000,0,0.871647509579,0.67942911557,0.588805427153,0.621244783899
ghome,next,10-[5+1.3.4] w/ similarity,LR.pen=l1.C=1.000000,1,0.890804597701,0.6845473066,0.631486474919,0.655169299971
