dataset,context_set,feature_set,model,accuracy,precision,recall,f1_score
dstc2,current,0-all,LR.pen=l1.C=1.000000,0.643149853858,0.512747127856,0.474335157565,0.479225735721
dstc3,current,0-all,LR.pen=l1.C=1.000000,0.61810989207,0.497594598689,0.461786944028,0.467307255917
family,current,0-all,LR.pen=l1.C=1.000000,0.737303176796,0.49276406921,0.381941498661,0.404934753995
ghome,current,0-all,LR.pen=l1.C=1.000000,0.772374843886,0.510649102873,0.373067424709,0.40150839674
