dataset,A-precision,A-recall,A-f1-score,A-support,C-precision,C-recall,C-f1-score,C-support,F-precision,F-recall,F-f1-score,F-support,R-precision,R-recall,R-f1-score,R-support
dstc2,0.607535,0.293393,0.387553,14.200000,0.707087,0.718746,0.712607,164.500000,0.898638,0.918608,0.908408,268.300000,0.620585,0.612455,0.616052,125.500000
dstc3,0.685177,0.308143,0.416465,20.800000,0.697093,0.729035,0.712519,169.300000,0.865623,0.933573,0.898201,281.200000,0.539523,0.456178,0.493742,122.100000
family,0.550294,0.239513,0.329403,23.200000,0.687819,0.753333,0.716560,27.000000,0.926401,0.993922,0.958925,250.100000,0.699903,0.594844,0.642191,52.700000
ghome,0.598436,0.616319,0.605466,59.500000,0.406667,0.087857,0.139687,12.200000,0.931044,0.991324,0.960200,396.600000,0.610652,0.414136,0.490389,55.800000
all,0.610360,0.364342,0.434722,29.425000,0.624666,0.572243,0.570343,93.250000,0.905427,0.959357,0.931433,299.050000,0.617666,0.519403,0.560593,89.025000
