dataset,context_set,feature_set,model,accuracy,precision,recall,f1_score
dstc2,next,9-[2+1.3.4],LR.pen=l1.C=1.000000,0.778563803399,0.708461172118,0.635800585698,0.65615471414
dstc3,next,9-[2+1.3.4],LR.pen=l1.C=1.000000,0.75503445277,0.696853940398,0.606731998007,0.630231782725
family,next,9-[2+1.3.4],LR.pen=l1.C=1.000000,0.86635359116,0.716104144114,0.64540287918,0.661769660185
ghome,next,9-[2+1.3.4],LR.pen=l1.C=1.000000,0.866310196651,0.636699617284,0.527408831383,0.548935429132
