dataset,A-precision,A-recall,A-f1-score,A-support,C-precision,C-recall,C-f1-score,C-support,F-precision,F-recall,F-f1-score,F-support,R-precision,R-recall,R-f1-score,R-support
dstc2,0.741921,0.364464,0.480077,14.200000,0.772861,0.824910,0.797811,164.500000,0.924643,0.932557,0.928498,268.300000,0.797812,0.757348,0.776751,125.500000
dstc3,0.696556,0.400429,0.501763,20.800000,0.779764,0.808423,0.793595,169.300000,0.885780,0.943318,0.913575,281.200000,0.702744,0.610152,0.652759,122.100000
family,0.699624,0.489009,0.569904,23.200000,0.707221,0.688148,0.693886,27.000000,0.939560,0.977368,0.958038,250.100000,0.723635,0.686128,0.702575,52.700000
ghome,0.740325,0.652876,0.692739,59.500000,0.486399,0.255238,0.324970,12.200000,0.937976,0.983808,0.960301,396.600000,0.736580,0.645535,0.686029,55.800000
all,0.719606,0.476694,0.561121,29.425000,0.686561,0.644180,0.652566,93.250000,0.921989,0.959263,0.940103,299.050000,0.740193,0.674791,0.704528,89.025000
