dataset,A-precision,A-recall,A-f1-score,A-support,C-precision,C-recall,C-f1-score,C-support,F-precision,F-recall,F-f1-score,F-support,R-precision,R-recall,R-f1-score,R-support
dstc2,0.756787,0.340714,0.458201,14.200000,0.773280,0.822492,0.796879,164.500000,0.923676,0.934718,0.929063,268.300000,0.794422,0.755378,0.774043,125.500000
dstc3,0.719684,0.389714,0.498385,20.800000,0.783149,0.811118,0.796606,169.300000,0.881199,0.944882,0.911843,281.200000,0.711813,0.610965,0.656870,122.100000
family,0.676989,0.434574,0.523564,23.200000,0.718941,0.696296,0.704903,27.000000,0.934924,0.980886,0.957298,250.100000,0.727224,0.679342,0.701408,52.700000
ghome,0.738893,0.645625,0.688004,59.500000,0.506762,0.245000,0.314860,12.200000,0.937575,0.987435,0.961832,396.600000,0.750330,0.643810,0.691286,55.800000
all,0.723088,0.452657,0.542038,29.425000,0.695533,0.643727,0.653312,93.250000,0.919343,0.961980,0.940009,299.050000,0.745947,0.672374,0.705902,89.025000
