dataset,context_set,feature_set,model,accuracy,precision,recall,f1_score
dstc2,current,12-[7+1.3.4],LR.pen=l1.C=1.000000,0.761270628739,0.616984339915,0.583373361489,0.591316379993
dstc3,current,12-[7+1.3.4],LR.pen=l1.C=1.000000,0.727344572295,0.577894027714,0.550534754193,0.557353248262
family,current,12-[7+1.3.4],LR.pen=l1.C=1.000000,0.864622049221,0.715121463924,0.641236138505,0.657147236019
ghome,current,12-[7+1.3.4],LR.pen=l1.C=1.000000,0.862296098728,0.61734733527,0.551522149267,0.571855719532
