dataset,context_set,feature_set,model,test_round,accuracy,precision,recall,f1_score
dstc2,next,9-[2+1.3.4] w/ similarity,LR.pen=l1.C=1.000000,0,0.873905429072,0.827497116686,0.736323209735,0.766301581097
dstc2,next,9-[2+1.3.4] w/ similarity,LR.pen=l1.C=1.000000,1,0.84588441331,0.869199016706,0.715946071039,0.7540986593
dstc3,next,9-[2+1.3.4] w/ similarity,LR.pen=l1.C=1.000000,0,0.814189189189,0.748500538582,0.706870469399,0.723126387633
dstc3,next,9-[2+1.3.4] w/ similarity,LR.pen=l1.C=1.000000,1,0.805743243243,0.763799032373,0.691951531312,0.71796683407
family,next,9-[2+1.3.4] w/ similarity,LR.pen=l1.C=1.000000,0,0.869318181818,0.715158674945,0.683790288616,0.697706382142
family,next,9-[2+1.3.4] w/ similarity,LR.pen=l1.C=1.000000,1,0.900568181818,0.802793010503,0.730934349065,0.758404553973
ghome,next,9-[2+1.3.4] w/ similarity,LR.pen=l1.C=1.000000,0,0.892720306513,0.72159677268,0.593254579695,0.618939449128
ghome,next,9-[2+1.3.4] w/ similarity,LR.pen=l1.C=1.000000,1,0.890804597701,0.588457482424,0.578708697141,0.583086564151
