dataset,context_set,feature_set,model,test_round,accuracy,precision,recall,f1_score
dstc2,next,9-[2+1.3.4] w/ similarity,LR.pen=l1.C=1.000000,0,0.873905429072,0.827497116686,0.736323209735,0.766301581097
dstc2,next,9-[2+1.3.4] w/ similarity,LR.pen=l1.C=1.000000,1,0.84588441331,0.869199016706,0.715946071039,0.7540986593
