dataset,context_set,feature_set,model,test_round,accuracy,precision,recall,f1_score
family,next,9-[2+1.3.4] w/ similarity,LR.pen=l1.C=1.000000,0,0.869318181818,0.715158674945,0.683790288616,0.697706382142
family,next,9-[2+1.3.4] w/ similarity,LR.pen=l1.C=1.000000,1,0.900568181818,0.802793010503,0.730934349065,0.758404553973
