dataset,context_set,feature_set,model,test_round,accuracy,precision,recall,f1_score
ghome,next,9-[2+1.3.4] w/ similarity,LR.pen=l1.C=1.000000,0,0.892720306513,0.72159677268,0.593254579695,0.618939449128
ghome,next,9-[2+1.3.4] w/ similarity,LR.pen=l1.C=1.000000,1,0.890804597701,0.588457482424,0.578708697141,0.583086564151
