dataset,context_set,feature_set,model,test_round,accuracy,precision,recall,f1_score
dstc2,next,10-[5+1.3.4] w/ similarity,LR.pen=l1.C=1.000000,0,0.873905429072,0.823343235267,0.771598653076,0.793060103241
dstc2,next,10-[5+1.3.4] w/ similarity,LR.pen=l1.C=1.000000,1,0.840630472855,0.801754609003,0.732333974726,0.755879789325
dstc3,next,10-[5+1.3.4] w/ similarity,LR.pen=l1.C=1.000000,0,0.824324324324,0.790187161643,0.729616371039,0.753762741389
dstc3,next,10-[5+1.3.4] w/ similarity,LR.pen=l1.C=1.000000,1,0.8125,0.718105925855,0.663607620609,0.682922517601
family,next,10-[5+1.3.4] w/ similarity,LR.pen=l1.C=1.000000,0,0.869318181818,0.740880922147,0.71178867831,0.725145129898
family,next,10-[5+1.3.4] w/ similarity,LR.pen=l1.C=1.000000,1,0.877840909091,0.757754936634,0.694026322309,0.716422525595
ghome,next,10-[5+1.3.4] w/ similarity,LR.pen=l1.C=1.000000,0,0.869731800766,0.63605811422,0.585184471837,0.606390013337
ghome,next,10-[5+1.3.4] w/ similarity,LR.pen=l1.C=1.000000,1,0.885057471264,0.66952490268,0.614552302688,0.639152306106
