dataset,context_set,feature_set,model,test_round,accuracy,precision,recall,f1_score
family,next,10-[5+1.3.4] w/ similarity,LR.pen=l1.C=1.000000,0,0.869318181818,0.740880922147,0.71178867831,0.725145129898
family,next,10-[5+1.3.4] w/ similarity,LR.pen=l1.C=1.000000,1,0.877840909091,0.757754936634,0.694026322309,0.716422525595
