dataset,context_set,feature_set,model,test_round,accuracy,precision,recall,f1_score
ghome,next,10-[5+1.3.4] w/ similarity,LR.pen=l1.C=1.000000,0,0.869731800766,0.63605811422,0.585184471837,0.606390013337
ghome,next,10-[5+1.3.4] w/ similarity,LR.pen=l1.C=1.000000,1,0.885057471264,0.66952490268,0.614552302688,0.639152306106
