dataset,context_set,feature_set,model,accuracy,precision,recall,f1_score
dstc2,next,10-[5+1.3.4],LR.pen=l1.C=1.000000,0.857267950963,0.812548922135,0.751966313901,0.774469946283
dstc3,next,10-[5+1.3.4],LR.pen=l1.C=1.000000,0.818412162162,0.754146543749,0.696611995824,0.718342629495
family,next,10-[5+1.3.4],LR.pen=l1.C=1.000000,0.873579545455,0.749317929391,0.70290750031,0.720783827746
ghome,next,10-[5+1.3.4],LR.pen=l1.C=1.000000,0.877394636015,0.65279150845,0.599868387262,0.622771159722
