dataset,context_set,feature_set,model,accuracy,precision,recall,f1_score
dstc2,last,8-skipthought,LR.pen=l1.C=1.000000,0.579255363024,0.429701603315,0.42612561811,0.426265610188
dstc3,last,8-skipthought,LR.pen=l1.C=1.000000,0.551060677014,0.409334045162,0.405074984399,0.405240885575
family,last,8-skipthought,LR.pen=l1.C=1.000000,0.647069625816,0.34573487621,0.307553337265,0.314304568509
ghome,last,8-skipthought,LR.pen=l1.C=1.000000,0.691949154336,0.344741030298,0.325699020712,0.329959322853
