dataset,model,accuracy,precision,recall,f1_score,training_time,test_time
family.#percent=20.#feature=10563,Random forest.#tree=100,0.855645448214,0.721230208521,0.593121674897,0.620432246915,35.0802066565,0.454199725389
