dataset,model,accuracy,precision,recall,f1_score,training_time,test_time
family.#percent=100.#feature=49219,Random forest.#tree=100,0.855990446776,0.719913629249,0.593719454879,0.620456094634,34.5463223904,0.445472350717
