dataset,model,accuracy,precision,recall,f1_score,training_time,test_time
family.#percent=80.#feature=39555,Random forest.#tree=100,0.855911233095,0.719482820615,0.593836107289,0.620717260944,34.9142825467,0.455717253685
