dataset,context_set,feature_set,model,accuracy,precision,recall,f1_score
dstc2,current,5-lda,LR.pen=l1.C=1.000000,0.564500218167,0.385524856697,0.385022325714,0.364183769115
dstc3,current,5-lda,LR.pen=l1.C=1.000000,0.559208255285,0.374592023495,0.381910646142,0.358875406623
family,current,5-lda,LR.pen=l1.C=1.000000,0.706022727273,0.383958156174,0.267845562139,0.246648406617
ghome,current,5-lda,LR.pen=l1.C=1.000000,0.755711564107,0.288148071225,0.253141251933,0.223061034951
