dataset,context_set,feature_set,model,test_round,accuracy,precision,recall,f1_score
dstc2,next,13-[8+1.3.4] w/ similarity,LR.pen=l1.C=1.000000,0,0.84238178634,0.797622299969,0.764261766082,0.778533947481
dstc2,next,13-[8+1.3.4] w/ similarity,LR.pen=l1.C=1.000000,1,0.803852889667,0.761994069118,0.681251313121,0.706614169974
dstc3,next,13-[8+1.3.4] w/ similarity,LR.pen=l1.C=1.000000,0,0.782094594595,0.723549518012,0.691652100452,0.705046420488
dstc3,next,13-[8+1.3.4] w/ similarity,LR.pen=l1.C=1.000000,1,0.785472972973,0.664047284454,0.662668611092,0.662664951165
family,next,13-[8+1.3.4] w/ similarity,LR.pen=l1.C=1.000000,0,0.84375,0.643312955813,0.611178124613,0.62539032092
family,next,13-[8+1.3.4] w/ similarity,LR.pen=l1.C=1.000000,1,0.866477272727,0.760066736966,0.675061315496,0.701261074494
ghome,next,13-[8+1.3.4] w/ similarity,LR.pen=l1.C=1.000000,0,0.867816091954,0.66227503923,0.584553158706,0.611139003051
ghome,next,13-[8+1.3.4] w/ similarity,LR.pen=l1.C=1.000000,1,0.873563218391,0.656590290381,0.630026964561,0.640116801438
