dataset,context_set,feature_set,model,test_round,accuracy,precision,recall,f1_score
family,next,13-[8+1.3.4] w/ similarity,LR.pen=l1.C=1.000000,0,0.84375,0.643312955813,0.611178124613,0.62539032092
family,next,13-[8+1.3.4] w/ similarity,LR.pen=l1.C=1.000000,1,0.866477272727,0.760066736966,0.675061315496,0.701261074494
