dataset,context_set,feature_set,model,test_round,accuracy,precision,recall,f1_score
ghome,next,13-[8+1.3.4] w/ similarity,LR.pen=l1.C=1.000000,0,0.867816091954,0.66227503923,0.584553158706,0.611139003051
ghome,next,13-[8+1.3.4] w/ similarity,LR.pen=l1.C=1.000000,1,0.873563218391,0.656590290381,0.630026964561,0.640116801438
