dataset,context_set,feature_set,model,accuracy,precision,recall,f1_score
dstc2,next,13-[8+1.3.4],LR.pen=l1.C=1.000000,0.823117338004,0.779808184544,0.722756539602,0.742574058727
dstc3,next,13-[8+1.3.4],LR.pen=l1.C=1.000000,0.783783783784,0.693798401233,0.677160355772,0.683855685827
family,next,13-[8+1.3.4],LR.pen=l1.C=1.000000,0.855113636364,0.70168984639,0.643119720055,0.663325697707
ghome,next,13-[8+1.3.4],LR.pen=l1.C=1.000000,0.870689655172,0.659432664806,0.607290061633,0.625627902244
