dataset,context_set,feature_set,model,accuracy,precision,recall,f1_score
dstc2,current,9-[2+1.3.4],LR.pen=l1.C=1.000000,0.760415593265,0.621243320281,0.582964935615,0.592287113465
dstc3,current,9-[2+1.3.4],LR.pen=l1.C=1.000000,0.733011885648,0.58764928485,0.544179808463,0.551919816698
family,current,9-[2+1.3.4],LR.pen=l1.C=1.000000,0.867144337017,0.717625867123,0.645642052561,0.661515960413
ghome,current,9-[2+1.3.4],LR.pen=l1.C=1.000000,0.859888232679,0.6047935139,0.520263220513,0.543280821624
