dataset,A-precision,A-recall,A-f1-score,A-support,C-precision,C-recall,C-f1-score,C-support,F-precision,F-recall,F-f1-score,F-support,R-precision,R-recall,R-f1-score,R-support
dstc2,0.743771,0.646017,0.690277,59.500000,0.496755,0.241429,0.313010,12.200000,0.937679,0.987487,0.961907,396.600000,0.751115,0.649351,0.695068,55.800000
dstc3,0.743771,0.646017,0.690277,59.500000,0.496755,0.241429,0.313010,12.200000,0.937679,0.987487,0.961907,396.600000,0.751115,0.649351,0.695068,55.800000
family,0.743771,0.646017,0.690277,59.500000,0.496755,0.241429,0.313010,12.200000,0.937679,0.987487,0.961907,396.600000,0.751115,0.649351,0.695068,55.800000
ghome,0.743771,0.646017,0.690277,59.500000,0.496755,0.241429,0.313010,12.200000,0.937679,0.987487,0.961907,396.600000,0.751115,0.649351,0.695068,55.800000
all,0.743771,0.646017,0.690277,59.500000,0.496755,0.241429,0.313010,12.200000,0.937679,0.987487,0.961907,396.600000,0.751115,0.649351,0.695068,55.800000
