dataset,A-precision,A-recall,A-f1-score,A-support,C-precision,C-recall,C-f1-score,C-support,F-precision,F-recall,F-f1-score,F-support,R-precision,R-recall,R-f1-score,R-support
dstc2,0.799927,0.354464,0.478810,14.200000,0.780242,0.830512,0.804383,164.500000,0.926976,0.933374,0.930072,268.300000,0.797150,0.766215,0.780969,125.500000
dstc3,0.713519,0.396714,0.503890,20.800000,0.784292,0.809935,0.796616,169.300000,0.884408,0.943814,0.913066,281.200000,0.707896,0.617838,0.659178,122.100000
family,0.674477,0.431026,0.520990,23.200000,0.718070,0.689630,0.700725,27.000000,0.935140,0.982166,0.958022,250.100000,0.724149,0.676943,0.698508,52.700000
ghome,0.746501,0.650318,0.693692,59.500000,0.436181,0.233095,0.294666,12.200000,0.938380,0.986376,0.961746,396.600000,0.744321,0.646349,0.690204,55.800000
all,0.733606,0.458131,0.549346,29.425000,0.679696,0.640793,0.649098,93.250000,0.921226,0.961432,0.940727,299.050000,0.743379,0.676836,0.707215,89.025000
