dataset,context_set,feature_set,model,accuracy,precision,recall,f1_score
dstc2,next,12-[7+1.3.4],LR.pen=l1.C=1.000000,0.821770201371,0.736850681708,0.691439184297,0.706669622185
dstc3,next,12-[7+1.3.4],LR.pen=l1.C=1.000000,0.803910110606,0.717376077632,0.6809654482,0.694308899861
family,next,12-[7+1.3.4],LR.pen=l1.C=1.000000,0.855958689101,0.700428470656,0.673121558813,0.682535977637
ghome,next,12-[7+1.3.4],LR.pen=l1.C=1.000000,0.877196926399,0.668449184891,0.593721877077,0.61105666678
