dataset,context_set,feature_set,model,accuracy,precision,recall,f1_score
dstc2,all,13-[8+1.3.4],LR.pen=l1.C=1.000000,0.782611608877,0.720158868133,0.63266033686,0.653605189981
dstc3,all,13-[8+1.3.4],LR.pen=l1.C=1.000000,0.756923222728,0.694177834681,0.609999097248,0.631478217905
family,all,13-[8+1.3.4],LR.pen=l1.C=1.000000,0.861732169764,0.718465078028,0.634027893338,0.64655490627
ghome,all,13-[8+1.3.4],LR.pen=l1.C=1.000000,0.868519083,0.637715094491,0.532193476565,0.548947443154
