dataset,context_set,feature_set,model,accuracy,precision,recall,f1_score
dstc2,next,16-[6+1.2.3.4],LR.pen=l1.C=1.000000,0.798725545866,0.717041140957,0.663958710737,0.680074553739
dstc3,next,16-[6+1.2.3.4],LR.pen=l1.C=1.000000,0.76510614575,0.689289366304,0.640448999251,0.657945728981
family,next,16-[6+1.2.3.4],LR.pen=l1.C=1.000000,0.843949648418,0.676155539338,0.645905838406,0.657932509255
ghome,next,16-[6+1.2.3.4],LR.pen=l1.C=1.000000,0.853952498889,0.606048415628,0.564553921832,0.577346907633
