dataset,context_set,feature_set,model,test_round,accuracy,precision,recall,f1_score
dstc2,next,5-lda w/ similarity,LR.pen=l1.C=1.000000,0,0.810858143608,0.608901178158,0.597727520932,0.598540762118
dstc3,next,5-lda w/ similarity,LR.pen=l1.C=1.000000,0,0.738175675676,0.535223847743,0.537328402885,0.532432302877
family,next,5-lda w/ similarity,LR.pen=l1.C=1.000000,0,0.704545454545,0.404525222552,0.284200854701,0.277201427433
ghome,next,5-lda w/ similarity,LR.pen=l1.C=1.000000,0,0.850574712644,0.587023726718,0.473760914227,0.510202687817
