dataset,context_set,feature_set,model,accuracy,precision,recall,f1_score
dstc2,current,1-basic,LR.pen=l1.C=1.000000,0.636401379533,0.439449776901,0.434279755314,0.418129053917
dstc3,current,1-basic,LR.pen=l1.C=1.000000,0.622928485416,0.560876810768,0.427669063689,0.420181907624
family,current,1-basic,LR.pen=l1.C=1.000000,0.714152435962,0.469827234568,0.281795486665,0.27060522079
ghome,current,1-basic,LR.pen=l1.C=1.000000,0.756390846934,0.410490816593,0.272250782422,0.261005941451
