dataset,context_set,feature_set,model,accuracy,precision,recall,f1_score
dstc2,current,14-[1.3.4],LR.pen=l1.C=1.000000,0.657313078666,0.512164264562,0.474275621469,0.474680170345
dstc3,current,14-[1.3.4],LR.pen=l1.C=1.000000,0.63868209794,0.54705256395,0.474365021747,0.483850638257
family,current,14-[1.3.4],LR.pen=l1.C=1.000000,0.735581052235,0.494937669673,0.378399375681,0.399335625913
ghome,current,14-[1.3.4],LR.pen=l1.C=1.000000,0.762494443386,0.468727859662,0.354614210468,0.378003398546
