dataset,context_set,feature_set,model,accuracy,precision,recall,f1_score
dstc2,current,0-all,LR.pen=l1.C=1.000000,0.642870540277,0.5128162246,0.474129273816,0.479005222471
dstc3,current,0-all,LR.pen=l1.C=1.000000,0.618142895371,0.497775215942,0.461678252017,0.467230831914
family,current,0-all,LR.pen=l1.C=1.000000,0.737303176796,0.492544229944,0.382295098404,0.405195487097
ghome,current,0-all,LR.pen=l1.C=1.000000,0.772603247179,0.513616151479,0.373135590426,0.401683190811
