dataset,context_set,feature_set,model,accuracy,precision,recall,f1_score
dstc2,next,4-syntactic,LinearSVC.pen=l1.C=0.062500,0.368811198843,0.260869006059,0.252811403548,0.251629858626
ghome,next,4-syntactic,LinearSVC.pen=l1.C=2.000000,0.647561440274,0.261438531518,0.257283010335,0.255777765206
dstc3,next,4-syntactic,LinearSVC.pen=l1.C=0.062500,0.381740924092,0.263932358568,0.258476168721,0.25568319418
family,next,4-syntactic,LinearSVC.pen=l1.C=2.000000,0.657565607735,0.266199158093,0.259129989806,0.246396612833
