dataset,context_set,feature_set,model,accuracy,precision,recall,f1_score
dstc2,next,11-[6+1.3.4],LR.pen=l1.C=1.000000,0.838639474486,0.773202959809,0.708220128678,0.727829822875
dstc3,next,11-[6+1.3.4],LR.pen=l1.C=1.000000,0.814876795112,0.743502226409,0.699603470234,0.716067431724
family,next,11-[6+1.3.4],LR.pen=l1.C=1.000000,0.871055374184,0.741292506071,0.688796631505,0.70979206151
ghome,next,11-[6+1.3.4],LR.pen=l1.C=1.000000,0.89151288076,0.686531364743,0.616741251992,0.637466595966
