dataset,context_set,feature_set,model,accuracy,precision,recall,f1_score
dstc2,all,9-[2+1.3.4],LR.pen=l1.C=1.000000,0.785968751308,0.729791604466,0.623957898793,0.644465071704
dstc3,all,9-[2+1.3.4],LR.pen=l1.C=1.000000,0.767612389617,0.706798434879,0.590073285919,0.610686134752
family,all,9-[2+1.3.4],LR.pen=l1.C=1.000000,0.861448078855,0.70541399924,0.633125852284,0.642524111886
ghome,all,9-[2+1.3.4],LR.pen=l1.C=1.000000,0.864642154061,0.627078008153,0.519548244047,0.54143962162
