dataset,context_set,feature_set,model,accuracy,precision,recall,f1_score
dstc2,next,9-[2+1.3.4],LR.pen=l1.C=1.000000,0.766310825269,0.749403315217,0.595925593768,0.622227848254
dstc3,next,9-[2+1.3.4],LR.pen=l1.C=1.000000,0.73874576309,0.718795657941,0.546357589485,0.565312308381
family,next,9-[2+1.3.4],LR.pen=l1.C=1.000000,0.840377636866,0.735009892089,0.598197688518,0.631291807849
ghome,next,9-[2+1.3.4],LR.pen=l1.C=1.000000,0.856895493321,0.62549547947,0.514506326307,0.544754961213
