dataset,context_set,feature_set,model,accuracy,precision,recall,f1_score
dstc2,next,13-[8+1.3.4],LR.pen=l1.C=1.000000,0.824815693682,0.737024182053,0.693436236029,0.708260561081
dstc3,next,13-[8+1.3.4],LR.pen=l1.C=1.000000,0.807444920168,0.732165920125,0.689807861263,0.704745549888
family,next,13-[8+1.3.4],LR.pen=l1.C=1.000000,0.865071885987,0.727642407744,0.690225633924,0.704892714266
ghome,next,13-[8+1.3.4],LR.pen=l1.C=1.000000,0.884000550369,0.688737427319,0.610365884728,0.629536457178
