dataset,A-precision,A-recall,A-f1-score,A-support,C-precision,C-recall,C-f1-score,C-support,F-precision,F-recall,F-f1-score,F-support,R-precision,R-recall,R-f1-score,R-support
dstc2,0.579287,0.383929,0.450800,14.200000,0.778420,0.805423,0.791358,164.500000,0.922247,0.930617,0.926309,268.300000,0.785727,0.761662,0.772966,125.500000
dstc3,0.593749,0.424857,0.487444,20.800000,0.775768,0.802996,0.788849,169.300000,0.890815,0.934995,0.912299,281.200000,0.695155,0.612772,0.650699,122.100000
family,0.590868,0.461252,0.511924,23.200000,0.670083,0.617037,0.639335,27.000000,0.939284,0.967611,0.953176,250.100000,0.681483,0.670085,0.674581,52.700000
ghome,0.707078,0.675975,0.689984,59.500000,0.394061,0.215952,0.269518,12.200000,0.948643,0.973825,0.961043,396.600000,0.674114,0.638078,0.653962,55.800000
all,0.617745,0.486503,0.535038,29.425000,0.654583,0.610352,0.622265,93.250000,0.925247,0.951762,0.938207,299.050000,0.709120,0.670649,0.688052,89.025000
