dataset,context_set,feature_set,model,accuracy,precision,recall,f1_score
dstc2,last,0-all,LR.pen=l1.C=1.000000,0.624337041177,0.475712299461,0.458634450647,0.460223471499
dstc3,last,0-all,LR.pen=l1.C=1.000000,0.606386696102,0.485434835368,0.448951881785,0.454085007551
family,last,0-all,LR.pen=l1.C=1.000000,0.736078289804,0.495175170767,0.366340114115,0.388133322173
ghome,last,0-all,LR.pen=l1.C=1.000000,0.767921720539,0.515398365392,0.348283414559,0.373909818326
