dataset,context_set,feature_set,model,test_round,accuracy,precision,recall,f1_score
dstc2,next,14-[1.3.4] w/ similarity,LR.pen=l1.C=1.000000,0,0.854640980736,0.786151342084,0.718475921785,0.742606541027
dstc2,next,14-[1.3.4] w/ similarity,LR.pen=l1.C=1.000000,1,0.826619964974,0.796773666875,0.735752275209,0.758586604809
dstc3,next,14-[1.3.4] w/ similarity,LR.pen=l1.C=1.000000,0,0.809121621622,0.74694816704,0.716361921087,0.729247017461
dstc3,next,14-[1.3.4] w/ similarity,LR.pen=l1.C=1.000000,1,0.810810810811,0.731996249268,0.671399929889,0.693064085428
family,next,14-[1.3.4] w/ similarity,LR.pen=l1.C=1.000000,0,0.869318181818,0.700072784033,0.664051158182,0.679342410063
family,next,14-[1.3.4] w/ similarity,LR.pen=l1.C=1.000000,1,0.894886363636,0.814166666667,0.707584912672,0.730310862359
ghome,next,14-[1.3.4] w/ similarity,LR.pen=l1.C=1.000000,0,0.873563218391,0.681572629052,0.553563174114,0.578755453964
ghome,next,14-[1.3.4] w/ similarity,LR.pen=l1.C=1.000000,1,0.871647509579,0.552637295794,0.550143382982,0.550982982851
