dataset,context_set,feature_set,model,test_round,accuracy,precision,recall,f1_score
dstc2,next,14-[1.3.4] w/ similarity,LR.pen=l1.C=1.000000,0,0.854640980736,0.786151342084,0.718475921785,0.742606541027
dstc2,next,14-[1.3.4] w/ similarity,LR.pen=l1.C=1.000000,1,0.826619964974,0.796773666875,0.735752275209,0.758586604809
