dataset,context_set,feature_set,model,test_round,accuracy,precision,recall,f1_score
dstc3,next,14-[1.3.4] w/ similarity,LR.pen=l1.C=1.000000,0,0.809121621622,0.74694816704,0.716361921087,0.729247017461
dstc3,next,14-[1.3.4] w/ similarity,LR.pen=l1.C=1.000000,1,0.810810810811,0.731996249268,0.671399929889,0.693064085428
