dataset,context_set,feature_set,model,test_round,accuracy,precision,recall,f1_score
family,next,14-[1.3.4] w/ similarity,LR.pen=l1.C=1.000000,0,0.869318181818,0.700072784033,0.664051158182,0.679342410063
family,next,14-[1.3.4] w/ similarity,LR.pen=l1.C=1.000000,1,0.894886363636,0.814166666667,0.707584912672,0.730310862359
