dataset,context_set,feature_set,model,test_round,accuracy,precision,recall,f1_score
ghome,next,14-[1.3.4] w/ similarity,LR.pen=l1.C=1.000000,0,0.873563218391,0.681572629052,0.553563174114,0.578755453964
ghome,next,14-[1.3.4] w/ similarity,LR.pen=l1.C=1.000000,1,0.871647509579,0.552637295794,0.550143382982,0.550982982851
