dataset,context_set,feature_set,model,accuracy,precision,recall,f1_score
dstc2,next,10-[5+1.3.4],LR.pen=l1.C=1.000000,0.845014315344,0.802815687916,0.713213413488,0.737455454132
dstc3,next,10-[5+1.3.4],LR.pen=l1.C=1.000000,0.806997145661,0.74560958741,0.658779462649,0.682620537038
family,next,10-[5+1.3.4],LR.pen=l1.C=1.000000,0.867466097438,0.739231942569,0.682463758271,0.703395775798
ghome,next,10-[5+1.3.4],LR.pen=l1.C=1.000000,0.885568468068,0.6974291273,0.617326058796,0.645814873547
