dataset,context_set,feature_set,model,accuracy,precision,recall,f1_score
dstc2,next,9-[2+1.3.4],LR.pen=l1.C=1.000000,0.788305649032,0.77377563541,0.63461399067,0.662566285564
dstc3,next,9-[2+1.3.4],LR.pen=l1.C=1.000000,0.760350437071,0.726947958745,0.604737691453,0.632456611065
family,next,9-[2+1.3.4],LR.pen=l1.C=1.000000,0.870392390758,0.752985370005,0.65904185011,0.6867583369
ghome,next,9-[2+1.3.4],LR.pen=l1.C=1.000000,0.861058402659,0.631125577466,0.533774473274,0.56199956831
