dataset,A-precision,A-recall,A-f1-score,A-support,C-precision,C-recall,C-f1-score,C-support,F-precision,F-recall,F-f1-score,F-support,R-precision,R-recall,R-f1-score,R-support
dstc2,0.717749,0.362857,0.469752,14.200000,0.777928,0.822101,0.799136,164.500000,0.925813,0.931360,0.928478,268.300000,0.798021,0.770585,0.783519,125.500000
dstc3,0.664606,0.419571,0.507143,20.800000,0.780467,0.813728,0.796514,169.300000,0.889631,0.937485,0.912831,281.200000,0.703585,0.616859,0.656733,122.100000
family,0.645744,0.461391,0.532188,23.200000,0.692579,0.662963,0.673977,27.000000,0.940312,0.977926,0.958708,250.100000,0.709289,0.672914,0.689358,52.700000
ghome,0.737397,0.689788,0.711603,59.500000,0.435781,0.227619,0.288797,12.200000,0.947833,0.981129,0.964163,396.600000,0.705087,0.642216,0.670293,55.800000
all,0.691374,0.483402,0.555171,29.425000,0.671689,0.631603,0.639606,93.250000,0.925897,0.956975,0.941045,299.050000,0.728995,0.675643,0.699976,89.025000
