dataset,context_set,feature_set,model,test_round,accuracy,precision,recall,f1_score
dstc2,next,10-[5+1.3.4] w/ similarity,LR.pen=l1.C=1.000000,0,0.84238178634,0.760912698413,0.692179936554,0.714298851556
dstc2,next,10-[5+1.3.4] w/ similarity,LR.pen=l1.C=1.000000,1,0.814360770578,0.77690047143,0.691940428519,0.719454708201
dstc3,next,10-[5+1.3.4] w/ similarity,LR.pen=l1.C=1.000000,0,0.79222972973,0.737916741118,0.681335871914,0.70271309291
dstc3,next,10-[5+1.3.4] w/ similarity,LR.pen=l1.C=1.000000,1,0.778716216216,0.713424625468,0.667772161388,0.685921814954
family,next,10-[5+1.3.4] w/ similarity,LR.pen=l1.C=1.000000,0,0.869318181818,0.701511860745,0.627092840332,0.64782375499
family,next,10-[5+1.3.4] w/ similarity,LR.pen=l1.C=1.000000,1,0.883522727273,0.853164160401,0.674999442586,0.717059981222
ghome,next,10-[5+1.3.4] w/ similarity,LR.pen=l1.C=1.000000,0,0.879310344828,0.822434774759,0.573486988529,0.600005062505
ghome,next,10-[5+1.3.4] w/ similarity,LR.pen=l1.C=1.000000,1,0.867816091954,0.534073177294,0.528385550419,0.529638290543
