dataset,context_set,feature_set,model,test_round,accuracy,precision,recall,f1_score
dstc3,next,10-[5+1.3.4] w/ similarity,LR.pen=l1.C=1.000000,0,0.79222972973,0.737916741118,0.681335871914,0.70271309291
dstc3,next,10-[5+1.3.4] w/ similarity,LR.pen=l1.C=1.000000,1,0.778716216216,0.713424625468,0.667772161388,0.685921814954
