dataset,context_set,feature_set,model,accuracy,precision,recall,f1_score
dstc2,next,10-[5+1.3.4],LR.pen=l1.C=1.000000,0.828371278459,0.768906584922,0.692060182537,0.716876779879
dstc3,next,10-[5+1.3.4],LR.pen=l1.C=1.000000,0.785472972973,0.725670683293,0.674554016651,0.694317453932
family,next,10-[5+1.3.4],LR.pen=l1.C=1.000000,0.876420454545,0.777338010573,0.651046141459,0.682441868106
ghome,next,10-[5+1.3.4],LR.pen=l1.C=1.000000,0.873563218391,0.678253976026,0.550936269474,0.564821676524
