dataset,context_set,feature_set,model,accuracy,precision,recall,f1_score
dstc2,last,17-[7+1.2.3.4],LR.pen=l1.C=1.000000,0.621767511641,0.476512822843,0.458013676829,0.460625442706
dstc3,last,17-[7+1.2.3.4],LR.pen=l1.C=1.000000,0.606037708501,0.481738643177,0.445051128203,0.448756312289
family,last,17-[7+1.2.3.4],LR.pen=l1.C=1.000000,0.73411005776,0.492348091307,0.362266441108,0.383310270474
ghome,last,17-[7+1.2.3.4],LR.pen=l1.C=1.000000,0.764765352131,0.47387776285,0.334701680299,0.355339886111
