dataset,context_set,feature_set,model,test_round,accuracy,precision,recall,f1_score
dstc2,next,0-all w/ similarity,LR.pen=l1.C=1.000000,0,0.84588441331,0.763318921437,0.719031618909,0.735734281299
dstc2,next,0-all w/ similarity,LR.pen=l1.C=1.000000,1,0.819614711033,0.778195022696,0.692013053201,0.720079331467
dstc3,next,0-all w/ similarity,LR.pen=l1.C=1.000000,0,0.804054054054,0.787543815335,0.733415300834,0.755558762653
dstc3,next,0-all w/ similarity,LR.pen=l1.C=1.000000,1,0.79222972973,0.721096985376,0.692356581973,0.704753287189
family,next,0-all w/ similarity,LR.pen=l1.C=1.000000,0,0.857954545455,0.689603533721,0.643589433916,0.6637138966
family,next,0-all w/ similarity,LR.pen=l1.C=1.000000,1,0.900568181818,0.828637028371,0.74209166357,0.773451309245
ghome,next,0-all w/ similarity,LR.pen=l1.C=1.000000,0,0.875478927203,0.67265337593,0.577386149632,0.603689246809
ghome,next,0-all w/ similarity,LR.pen=l1.C=1.000000,1,0.89846743295,0.752847716353,0.633380414313,0.65534333526
