dataset,context_set,feature_set,model,test_round,accuracy,precision,recall,f1_score
dstc2,next,0-all w/ similarity,LR.pen=l1.C=1.000000,0,0.84588441331,0.763318921437,0.719031618909,0.735734281299
dstc2,next,0-all w/ similarity,LR.pen=l1.C=1.000000,1,0.819614711033,0.778195022696,0.692013053201,0.720079331467
