dataset,context_set,feature_set,model,test_round,accuracy,precision,recall,f1_score
dstc3,next,0-all w/ similarity,LR.pen=l1.C=1.000000,0,0.804054054054,0.787543815335,0.733415300834,0.755558762653
dstc3,next,0-all w/ similarity,LR.pen=l1.C=1.000000,1,0.79222972973,0.721096985376,0.692356581973,0.704753287189
