dataset,context_set,feature_set,model,test_round,accuracy,precision,recall,f1_score
family,next,0-all w/ similarity,LR.pen=l1.C=1.000000,0,0.857954545455,0.689603533721,0.643589433916,0.6637138966
family,next,0-all w/ similarity,LR.pen=l1.C=1.000000,1,0.900568181818,0.828637028371,0.74209166357,0.773451309245
