dataset,context_set,feature_set,model,test_round,accuracy,precision,recall,f1_score
ghome,next,0-all w/ similarity,LR.pen=l1.C=1.000000,0,0.875478927203,0.67265337593,0.577386149632,0.603689246809
ghome,next,0-all w/ similarity,LR.pen=l1.C=1.000000,1,0.89846743295,0.752847716353,0.633380414313,0.65534333526
