dataset,context_set,feature_set,model,accuracy,precision,recall,f1_score
dstc2,current,2-lexical,LR.pen=l1.C=1.000000,0.586071977191,0.414282622925,0.404352887989,0.400013733022
dstc3,current,2-lexical,LR.pen=l1.C=1.000000,0.584189746677,0.438923180866,0.420429957487,0.41517834999
family,current,2-lexical,LR.pen=l1.C=1.000000,0.701180311401,0.416447175828,0.34017213151,0.354392956493
ghome,current,2-lexical,LR.pen=l1.C=1.000000,0.758014648293,0.426254602423,0.349190069804,0.366134416186
