dataset,context_set,feature_set,model,accuracy,precision,recall,f1_score
dstc2,last,1-basic,LR.pen=l1.C=1.000000,0.64634256409,0.458080807537,0.446887766144,0.435403772719
dstc3,last,1-basic,LR.pen=l1.C=1.000000,0.626671461065,0.564249329867,0.433312612545,0.426457923361
family,last,1-basic,LR.pen=l1.C=1.000000,0.711253139126,0.430246807876,0.276749265209,0.262163241326
ghome,last,1-basic,LR.pen=l1.C=1.000000,0.755932558583,0.446690995765,0.280231914879,0.276251443883
