dataset,context_set,feature_set,model,test_round,accuracy,precision,recall,f1_score
dstc2,next,14-[1.3.4] w/ similarity,LR.pen=l1.C=1.000000,0,0.844133099825,0.827279203866,0.707774975298,0.741962960696
dstc2,next,14-[1.3.4] w/ similarity,LR.pen=l1.C=1.000000,1,0.789842381786,0.696880962973,0.59292576317,0.603944962638
