dataset,context_set,feature_set,model,accuracy,precision,recall,f1_score
dstc2,next,16-[6+1.2.3.4],LR.pen=l1.C=1.000000,0.844028140559,0.779866045362,0.715608584745,0.735338906478
dstc3,next,16-[6+1.2.3.4],LR.pen=l1.C=1.000000,0.817642382481,0.751347651302,0.701083077155,0.7197230972
family,next,16-[6+1.2.3.4],LR.pen=l1.C=1.000000,0.868219173782,0.732754150113,0.682569795051,0.702447210121
ghome,next,16-[6+1.2.3.4],LR.pen=l1.C=1.000000,0.894772549269,0.699782794948,0.637212159387,0.658559001846
