dataset,context_set,feature_set,model,accuracy,precision,recall,f1_score
dstc2,last,10-[5+1.3.4],LR.pen=l1.C=1.000000,0.62657513613,0.481550095909,0.464492710694,0.467149510381
dstc3,last,10-[5+1.3.4],LR.pen=l1.C=1.000000,0.592991704576,0.4716604875,0.44590707227,0.451172678166
family,last,10-[5+1.3.4],LR.pen=l1.C=1.000000,0.727487443496,0.460508393301,0.354267552464,0.370274295621
ghome,last,10-[5+1.3.4],LR.pen=l1.C=1.000000,0.754094959887,0.431146455534,0.329349882996,0.345551952328
