dataset,context_set,feature_set,model,test_round,accuracy,precision,recall,f1_score
dstc2,next,14-[1.3.4] w/ similarity,LR.pen=l1.C=1.000000,0,0.866900175131,0.827629347191,0.74322913308,0.7730182166
dstc2,next,14-[1.3.4] w/ similarity,LR.pen=l1.C=1.000000,1,0.819614711033,0.720251717602,0.626913932082,0.633200834885
dstc3,next,14-[1.3.4] w/ similarity,LR.pen=l1.C=1.000000,0,0.827702702703,0.775233207073,0.697193819518,0.724653351438
dstc3,next,14-[1.3.4] w/ similarity,LR.pen=l1.C=1.000000,1,0.815878378378,0.714580673704,0.676977580485,0.692184170472
family,next,14-[1.3.4] w/ similarity,LR.pen=l1.C=1.000000,0,0.894886363636,0.794594017094,0.736663322185,0.762458153993
family,next,14-[1.3.4] w/ similarity,LR.pen=l1.C=1.000000,1,0.897727272727,0.81636582106,0.724516350799,0.753200737162
ghome,next,14-[1.3.4] w/ similarity,LR.pen=l1.C=1.000000,0,0.879310344828,0.671498528489,0.572053158706,0.606442577031
ghome,next,14-[1.3.4] w/ similarity,LR.pen=l1.C=1.000000,1,0.879310344828,0.644483363318,0.580390772128,0.600988811468
