dataset,context_set,feature_set,model,test_round,accuracy,precision,recall,f1_score
dstc2,next,14-[1.3.4] w/ similarity,LR.pen=l1.C=1.000000,0,0.866900175131,0.827629347191,0.74322913308,0.7730182166
dstc2,next,14-[1.3.4] w/ similarity,LR.pen=l1.C=1.000000,1,0.819614711033,0.720251717602,0.626913932082,0.633200834885
