dataset,context_set,feature_set,model,test_round,accuracy,precision,recall,f1_score
dstc3,next,14-[1.3.4] w/ similarity,LR.pen=l1.C=1.000000,0,0.827702702703,0.775233207073,0.697193819518,0.724653351438
dstc3,next,14-[1.3.4] w/ similarity,LR.pen=l1.C=1.000000,1,0.815878378378,0.714580673704,0.676977580485,0.692184170472
