dataset,context_set,feature_set,model,test_round,accuracy,precision,recall,f1_score
family,next,14-[1.3.4] w/ similarity,LR.pen=l1.C=1.000000,0,0.894886363636,0.794594017094,0.736663322185,0.762458153993
family,next,14-[1.3.4] w/ similarity,LR.pen=l1.C=1.000000,1,0.897727272727,0.81636582106,0.724516350799,0.753200737162
