dataset,context_set,feature_set,model,test_round,accuracy,precision,recall,f1_score
ghome,next,14-[1.3.4] w/ similarity,LR.pen=l1.C=1.000000,0,0.879310344828,0.671498528489,0.572053158706,0.606442577031
ghome,next,14-[1.3.4] w/ similarity,LR.pen=l1.C=1.000000,1,0.879310344828,0.644483363318,0.580390772128,0.600988811468
