dataset,context_set,feature_set,model,accuracy,precision,recall,f1_score
dstc2,current,12-[7+1.3.4],LR.pen=l1.C=1.000000,0.79216391816,0.688519212229,0.631731992386,0.646025819509
dstc3,current,12-[7+1.3.4],LR.pen=l1.C=1.000000,0.770755284988,0.659809254828,0.617635854763,0.630580077101
family,current,12-[7+1.3.4],LR.pen=l1.C=1.000000,0.877643144149,0.765689244575,0.678354051631,0.701095780866
ghome,current,12-[7+1.3.4],LR.pen=l1.C=1.000000,0.886902055418,0.684900909344,0.605332623103,0.628761466422
