dataset,context_set,feature_set,model,accuracy,precision,recall,f1_score
dstc2,next,6-w2v,LR.pen=l1.C=1.000000,0.818678027292,0.733681535426,0.673286125927,0.691674183265
dstc3,next,6-w2v,LR.pen=l1.C=1.000000,0.798840201588,0.727458153431,0.672027153726,0.691583480994
family,next,6-w2v,LR.pen=l1.C=1.000000,0.827994412356,0.64612253335,0.605792210963,0.620748099996
ghome,next,6-w2v,LR.pen=l1.C=1.000000,0.86469359243,0.621963162254,0.594843187599,0.604293724436
