dataset,context_set,feature_set,model,accuracy,precision,recall,f1_score
dstc2,current,9-[2+1.3.4],LR.pen=l1.C=1.000000,0.65148520947,0.51859905497,0.474369666279,0.477939478998
dstc3,current,9-[2+1.3.4],LR.pen=l1.C=1.000000,0.6279905896,0.520953765042,0.46536932765,0.47255880214
family,current,9-[2+1.3.4],LR.pen=l1.C=1.000000,0.737561840784,0.502797073436,0.369720992262,0.392390039733
ghome,current,9-[2+1.3.4],LR.pen=l1.C=1.000000,0.766815054719,0.491064476623,0.357757862559,0.38342123321
