dataset,context_set,feature_set,model,accuracy,precision,recall,f1_score
dstc2,current,12-[7+1.3.4],LR.pen=l1.C=1.000000,0.654793876978,0.52479986413,0.480322532855,0.484472487082
dstc3,current,12-[7+1.3.4],LR.pen=l1.C=1.000000,0.630853625903,0.521094638772,0.471141861539,0.479388859416
family,current,12-[7+1.3.4],LR.pen=l1.C=1.000000,0.727923154194,0.47130891493,0.376870716919,0.395205110775
ghome,current,12-[7+1.3.4],LR.pen=l1.C=1.000000,0.758076670689,0.458606558226,0.360102441735,0.382565511785
