dataset,context_set,feature_set,model,test_round,accuracy,precision,recall,f1_score
dstc2,next,11-[6+1.3.4] w/ similarity,LR.pen=l1.C=1.000000,0,0.844133099825,0.79794737651,0.708738025898,0.738081505321
dstc2,next,11-[6+1.3.4] w/ similarity,LR.pen=l1.C=1.000000,1,0.816112084063,0.78974853607,0.720550782672,0.747370074906
dstc3,next,11-[6+1.3.4] w/ similarity,LR.pen=l1.C=1.000000,0,0.802364864865,0.798741966202,0.712822922064,0.743855937371
dstc3,next,11-[6+1.3.4] w/ similarity,LR.pen=l1.C=1.000000,1,0.761824324324,0.697550083278,0.651328750334,0.669569447053
family,next,11-[6+1.3.4] w/ similarity,LR.pen=l1.C=1.000000,0,0.860795454545,0.638003868936,0.602156323548,0.611626393243
family,next,11-[6+1.3.4] w/ similarity,LR.pen=l1.C=1.000000,1,0.869318181818,0.761904761905,0.628116065899,0.666344569592
ghome,next,11-[6+1.3.4] w/ similarity,LR.pen=l1.C=1.000000,0,0.885057471264,0.818140719662,0.567860811505,0.594881148255
ghome,next,11-[6+1.3.4] w/ similarity,LR.pen=l1.C=1.000000,1,0.89846743295,0.601997988934,0.584223591851,0.591602632338
