dataset,context_set,feature_set,model,test_round,accuracy,precision,recall,f1_score
ghome,next,11-[6+1.3.4] w/ similarity,LR.pen=l1.C=1.000000,0,0.885057471264,0.818140719662,0.567860811505,0.594881148255
ghome,next,11-[6+1.3.4] w/ similarity,LR.pen=l1.C=1.000000,1,0.89846743295,0.601997988934,0.584223591851,0.591602632338
