dataset,context_set,feature_set,model,accuracy,precision,recall,f1_score
dstc2,last,14-[1.3.4],LR.pen=l1.C=1.000000,0.630900462036,0.483952032696,0.466226307458,0.468174712753
dstc3,last,14-[1.3.4],LR.pen=l1.C=1.000000,0.597682967621,0.471523198052,0.448164254355,0.453304018334
family,last,14-[1.3.4],LR.pen=l1.C=1.000000,0.727086577097,0.474899458303,0.347392999762,0.363421708336
ghome,last,14-[1.3.4],LR.pen=l1.C=1.000000,0.75241654495,0.425571754122,0.325120062446,0.340503357517
