dataset,context_set,feature_set,model,accuracy,precision,recall,f1_score
dstc2,current,8-skipthought,LR.pen=l1.C=1.000000,0.576261035367,0.448786883345,0.412682788868,0.414689278306
dstc3,current,8-skipthought,LR.pen=l1.C=1.000000,0.553924493801,0.426245070403,0.400799542969,0.399274386388
family,current,8-skipthought,LR.pen=l1.C=1.000000,0.686999309392,0.363991437354,0.292659189193,0.291987376698
ghome,current,8-skipthought,LR.pen=l1.C=1.000000,0.718414724498,0.387820761569,0.341703574849,0.353393342102
