dataset,context_set,feature_set,model,accuracy,precision,recall,f1_score
dstc2,last,16-[6+1.2.3.4],LR.pen=l1.C=1.000000,0.62714003933,0.476626036599,0.460038403126,0.461346845144
dstc3,last,16-[6+1.2.3.4],LR.pen=l1.C=1.000000,0.605735215413,0.476870327469,0.446013822629,0.449761335046
family,last,16-[6+1.2.3.4],LR.pen=l1.C=1.000000,0.736494851833,0.492776579477,0.363436288863,0.384659222366
ghome,last,16-[6+1.2.3.4],LR.pen=l1.C=1.000000,0.769132956542,0.506019833481,0.345440776538,0.369369687428
