dataset,context_set,feature_set,model,accuracy,precision,recall,f1_score
dstc2,all,3-phrasal,LR.pen=l1.C=1.000000,0.759662110064,0.63443200541,0.590190028502,0.601254208132
dstc3,all,3-phrasal,LR.pen=l1.C=1.000000,0.719582887343,0.621846211763,0.569447498438,0.584014422744
family,all,3-phrasal,LR.pen=l1.C=1.000000,0.8527216223,0.689114228455,0.626535512214,0.632486744452
ghome,all,3-phrasal,LR.pen=l1.C=1.000000,0.815599796787,0.499631910294,0.425321756759,0.446563615861
