dataset,context_set,feature_set,model,test_round,accuracy,precision,recall,f1_score
dstc2,next,9-[2+1.3.4] w/ similarity,LR.pen=l1.C=1.000000,0,0.882661996497,0.846281552012,0.762528186593,0.792154323078
dstc2,next,9-[2+1.3.4] w/ similarity,LR.pen=l1.C=1.000000,1,0.870402802102,0.828146002136,0.75588239118,0.780537851445
dstc3,next,9-[2+1.3.4] w/ similarity,LR.pen=l1.C=1.000000,0,0.814189189189,0.777723782253,0.706850749561,0.733689979323
dstc3,next,9-[2+1.3.4] w/ similarity,LR.pen=l1.C=1.000000,1,0.8125,0.725227880938,0.673449110217,0.692850664846
family,next,9-[2+1.3.4] w/ similarity,LR.pen=l1.C=1.000000,0,0.889204545455,0.773104843974,0.741369069739,0.755946568294
family,next,9-[2+1.3.4] w/ similarity,LR.pen=l1.C=1.000000,1,0.894886363636,0.791906693712,0.730222098353,0.755130034566
ghome,next,9-[2+1.3.4] w/ similarity,LR.pen=l1.C=1.000000,0,0.883141762452,0.709124165624,0.563931689779,0.596386952564
ghome,next,9-[2+1.3.4] w/ similarity,LR.pen=l1.C=1.000000,1,0.896551724138,0.706887654112,0.600496490327,0.631296659712
