dataset,context_set,feature_set,model,test_round,accuracy,precision,recall,f1_score
dstc3,next,9-[2+1.3.4] w/ similarity,LR.pen=l1.C=1.000000,0,0.814189189189,0.777723782253,0.706850749561,0.733689979323
dstc3,next,9-[2+1.3.4] w/ similarity,LR.pen=l1.C=1.000000,1,0.8125,0.725227880938,0.673449110217,0.692850664846
