dataset,context_set,feature_set,model,test_round,accuracy,precision,recall,f1_score
family,next,9-[2+1.3.4] w/ similarity,LR.pen=l1.C=1.000000,0,0.889204545455,0.773104843974,0.741369069739,0.755946568294
family,next,9-[2+1.3.4] w/ similarity,LR.pen=l1.C=1.000000,1,0.894886363636,0.791906693712,0.730222098353,0.755130034566
