dataset,context_set,feature_set,model,test_round,accuracy,precision,recall,f1_score
ghome,next,9-[2+1.3.4] w/ similarity,LR.pen=l1.C=1.000000,0,0.883141762452,0.709124165624,0.563931689779,0.596386952564
ghome,next,9-[2+1.3.4] w/ similarity,LR.pen=l1.C=1.000000,1,0.896551724138,0.706887654112,0.600496490327,0.631296659712
