dataset,A-precision,A-recall,A-f1-score,A-support,C-precision,C-recall,C-f1-score,C-support,F-precision,F-recall,F-f1-score,F-support,R-precision,R-recall,R-f1-score,R-support
dstc2,0.547896,0.377143,0.440878,14.200000,0.764836,0.784423,0.774150,164.500000,0.911678,0.921220,0.916317,268.300000,0.760189,0.742425,0.750603,125.500000
dstc3,0.562492,0.450143,0.493865,20.800000,0.762811,0.777477,0.769778,169.300000,0.891159,0.918985,0.904781,281.200000,0.661450,0.617021,0.638047,122.100000
family,0.554879,0.454817,0.496663,23.200000,0.635666,0.623704,0.626840,27.000000,0.938772,0.957855,0.948165,250.100000,0.650086,0.639635,0.643652,52.700000
ghome,0.668012,0.659989,0.662534,59.500000,0.363904,0.195952,0.249905,12.200000,0.948815,0.965497,0.957042,396.600000,0.637590,0.628398,0.631813,55.800000
all,0.583320,0.485523,0.523485,29.425000,0.631804,0.595389,0.605168,93.250000,0.922606,0.940889,0.931577,299.050000,0.677328,0.656870,0.666029,89.025000
