dataset,context_set,feature_set,model,accuracy,precision,recall,f1_score
dstc2,next,12-[7+1.3.4],LR.pen=l1.C=1.000000,0.821770201371,0.73659123741,0.691386985535,0.706567248114
dstc3,next,12-[7+1.3.4],LR.pen=l1.C=1.000000,0.804046806708,0.717653668548,0.681362234928,0.694675175721
family,next,12-[7+1.3.4],LR.pen=l1.C=1.000000,0.855903440482,0.700518695299,0.673086743999,0.682493661267
ghome,next,12-[7+1.3.4],LR.pen=l1.C=1.000000,0.877235240575,0.667764575212,0.594138543744,0.611636285284
