dataset,context_set,feature_set,model,accuracy,precision,recall,f1_score
dstc2,next,12-[7+1.3.4],LR.pen=l1.C=1.000000,0.810984800033,0.748866056953,0.678231760615,0.698944783872
dstc3,next,12-[7+1.3.4],LR.pen=l1.C=1.000000,0.780469182053,0.716602254392,0.659876270739,0.678814092699
family,next,12-[7+1.3.4],LR.pen=l1.C=1.000000,0.874761112506,0.751214857052,0.669685277065,0.689116075043
ghome,next,12-[7+1.3.4],LR.pen=l1.C=1.000000,0.890453419699,0.692376532829,0.594734761161,0.614310313804
