dataset,context_set,feature_set,model,accuracy,precision,recall,f1_score
dstc2,next,11-[6+1.3.4],LR.pen=l1.C=1.000000,0.832039234204,0.744887580367,0.704643736447,0.71840579763
dstc3,next,11-[6+1.3.4],LR.pen=l1.C=1.000000,0.808138769958,0.725928616233,0.692063438804,0.704813501802
family,next,11-[6+1.3.4],LR.pen=l1.C=1.000000,0.856822262682,0.708108264089,0.669926701923,0.684539000703
ghome,next,11-[6+1.3.4],LR.pen=l1.C=1.000000,0.884531021782,0.672141873469,0.609716027164,0.628063589935
