dataset,context_set,feature_set,model,accuracy,precision,recall,f1_score
dstc2,last,11-[6+1.3.4],LR.pen=l1.C=1.000000,0.630165806949,0.469719348277,0.461102338468,0.461102520214
dstc3,last,11-[6+1.3.4],LR.pen=l1.C=1.000000,0.597214677549,0.476436654805,0.450465665682,0.455813329944
family,last,11-[6+1.3.4],LR.pen=l1.C=1.000000,0.730762493722,0.483623879191,0.355414529076,0.373849438904
ghome,last,11-[6+1.3.4],LR.pen=l1.C=1.000000,0.760250206389,0.463222392608,0.349324092967,0.370452525371
