dataset,context_set,feature_set,model,test_round,accuracy,precision,recall,f1_score
dstc2,next,0-all w/ similarity,LR.pen=l1.C=1.000000,0,0.84938704028,0.773470315553,0.754270294867,0.762974010358
dstc2,next,0-all w/ similarity,LR.pen=l1.C=1.000000,1,0.800350262697,0.70117585133,0.676775703365,0.687432535792
dstc3,next,0-all w/ similarity,LR.pen=l1.C=1.000000,0,0.785472972973,0.75169674419,0.697460132269,0.719131673212
dstc3,next,0-all w/ similarity,LR.pen=l1.C=1.000000,1,0.775337837838,0.699505695949,0.66369352057,0.678466101869
family,next,0-all w/ similarity,LR.pen=l1.C=1.000000,0,0.860795454545,0.697822822823,0.647753251579,0.668643320371
family,next,0-all w/ similarity,LR.pen=l1.C=1.000000,1,0.886363636364,0.83434111265,0.715155146786,0.749458743103
ghome,next,0-all w/ similarity,LR.pen=l1.C=1.000000,0,0.867816091954,0.64080895087,0.563734805684,0.589401130823
ghome,next,0-all w/ similarity,LR.pen=l1.C=1.000000,1,0.902298850575,0.715897480553,0.634334874165,0.653911847208
