dataset,context_set,feature_set,model,test_round,accuracy,precision,recall,f1_score
family,next,0-all w/ similarity,LR.pen=l1.C=1.000000,0,0.860795454545,0.697822822823,0.647753251579,0.668643320371
family,next,0-all w/ similarity,LR.pen=l1.C=1.000000,1,0.886363636364,0.83434111265,0.715155146786,0.749458743103
