dataset,context_set,feature_set,model,test_round,accuracy,precision,recall,f1_score
ghome,next,0-all w/ similarity,LR.pen=l1.C=1.000000,0,0.867816091954,0.64080895087,0.563734805684,0.589401130823
ghome,next,0-all w/ similarity,LR.pen=l1.C=1.000000,1,0.902298850575,0.715897480553,0.634334874165,0.653911847208
