dataset,context_set,feature_set,model,accuracy,precision,recall,f1_score
dstc2,next,9-[2+1.3.4],LR.pen=l1.C=1.000000,0.833317274645,0.781923146881,0.701230743737,0.724587607038
dstc3,next,9-[2+1.3.4],LR.pen=l1.C=1.000000,0.807627330301,0.745173441942,0.685569934913,0.705847473185
family,next,9-[2+1.3.4],LR.pen=l1.C=1.000000,0.872250125565,0.745700405141,0.686087327204,0.708240283362
ghome,next,9-[2+1.3.4],LR.pen=l1.C=1.000000,0.894579496624,0.702168018785,0.599878048274,0.617514574642
