dataset,context_set,feature_set,model,accuracy,precision,recall,f1_score
dstc2,next,10-[5+1.3.4],LR.pen=l1.C=2.000000,0.808667686772,0.733671426516,0.679054289989,0.696517569514
dstc3,next,10-[5+1.3.4],LR.pen=l1.C=2.000000,0.774656810276,0.70469021651,0.659560813238,0.674699870331
family,next,10-[5+1.3.4],LR.pen=l1.C=2.000000,0.873346936213,0.748852215187,0.6690231316,0.68849905391
ghome,next,10-[5+1.3.4],LR.pen=l1.C=2.000000,0.890559471645,0.680080834498,0.583454590172,0.606247959257
