dataset,context_set,feature_set,model,accuracy,precision,recall,f1_score
dstc2,next,18-[8+1.2.3.4],LR.pen=l1.C=1.000000,0.779923551879,0.702666177645,0.649382179511,0.666642871643
dstc3,next,18-[8+1.2.3.4],LR.pen=l1.C=1.000000,0.739626482919,0.655195552272,0.624192199294,0.635924979174
family,next,18-[8+1.2.3.4],LR.pen=l1.C=1.000000,0.841072325465,0.667856794357,0.631349475195,0.645229595108
ghome,next,18-[8+1.2.3.4],LR.pen=l1.C=1.000000,0.857976969158,0.610039299949,0.554535812641,0.57074396814
