dataset,context_set,feature_set,model,accuracy,precision,recall,f1_score
dstc2,next,18-[8+1.2.3.4],LR.pen=l1.C=1.000000,0.842718719927,0.783401469306,0.709136004606,0.731496947186
dstc3,next,18-[8+1.2.3.4],LR.pen=l1.C=1.000000,0.815377308001,0.755252266985,0.692709996445,0.713758528404
family,next,18-[8+1.2.3.4],LR.pen=l1.C=1.000000,0.873110246107,0.744729544897,0.690722719622,0.711170509014
ghome,next,18-[8+1.2.3.4],LR.pen=l1.C=1.000000,0.894853411232,0.706463197761,0.635188360587,0.659035442458
