dataset,context_set,feature_set,model,accuracy,precision,recall,f1_score
dstc2,next,9-[2+1.3.4],LR.pen=l1.C=2.000000,0.767240336396,0.695173558598,0.563821864714,0.578178122231
dstc3,next,9-[2+1.3.4],LR.pen=l1.C=2.000000,0.780322339666,0.786874844199,0.600610016401,0.626623984894
family,next,9-[2+1.3.4],LR.pen=l1.C=2.000000,0.809438096434,0.718185599312,0.555148876247,0.588407113724
ghome,next,9-[2+1.3.4],LR.pen=l1.C=2.000000,0.880695370547,0.685316745676,0.552754925114,0.587610739586
