dataset,context_set,feature_set,model,accuracy,precision,recall,f1_score
dstc2,current,4-syntactic,LR.pen=l1.C=1.000000,0.583353376807,0.414045711681,0.413472016019,0.397670609703
dstc3,current,4-syntactic,LR.pen=l1.C=1.000000,0.562830924984,0.453267444995,0.393143162489,0.379245503395
family,current,4-syntactic,LR.pen=l1.C=1.000000,0.719578729282,0.41283345905,0.30670686022,0.305430082188
ghome,current,4-syntactic,LR.pen=l1.C=1.000000,0.759218687157,0.431291583624,0.303234902619,0.311490482069
