dataset,context_set,feature_set,model,accuracy,precision,recall,f1_score
dstc2,next,12-[7+1.3.4],LR.pen=l1.C=1.000000,0.821840253911,0.736656732666,0.691466985535,0.706643055124
dstc3,next,12-[7+1.3.4],LR.pen=l1.C=1.000000,0.803809539738,0.717034001911,0.680946780986,0.694229539756
family,next,12-[7+1.3.4],LR.pen=l1.C=1.000000,0.855788234555,0.699977731509,0.672788013663,0.682120918973
ghome,next,12-[7+1.3.4],LR.pen=l1.C=1.000000,0.87712177981,0.667241199099,0.593605746033,0.610986049823
