dataset,context_set,feature_set,model,accuracy,precision,recall,f1_score
dstc2,next,12-[7+1.3.4],LR.pen=l1.C=1.000000,0.829071863625,0.796194109435,0.693188808435,0.719481492757
dstc3,next,12-[7+1.3.4],LR.pen=l1.C=1.000000,0.815896552493,0.765245091243,0.686934051839,0.712003570112
family,next,12-[7+1.3.4],LR.pen=l1.C=1.000000,0.881670956806,0.772279430275,0.701818981903,0.727062092082
ghome,next,12-[7+1.3.4],LR.pen=l1.C=1.000000,0.888247496878,0.713448006595,0.602989277037,0.633652078343
