dataset,context_set,feature_set,model,accuracy,precision,recall,f1_score
dstc2,next,15-[5+1.2.3.4],LR.pen=l1.C=1.000000,0.800838777547,0.763239151058,0.656004369296,0.681427114549
dstc3,next,15-[5+1.2.3.4],LR.pen=l1.C=1.000000,0.774203572384,0.720210993315,0.63702119818,0.66165670409
family,next,15-[5+1.2.3.4],LR.pen=l1.C=1.000000,0.859053867403,0.709383352565,0.65113561484,0.672815599078
ghome,next,15-[5+1.2.3.4],LR.pen=l1.C=1.000000,0.862329967613,0.620980660192,0.55252865709,0.576649869662
