dataset,context_set,feature_set,model,accuracy,precision,recall,f1_score
dstc2,next,16-[6+1.2.3.4],LR.pen=l1.C=1.000000,0.853390973264,0.823334450605,0.724185074406,0.751434163796
dstc3,next,16-[6+1.2.3.4],LR.pen=l1.C=1.000000,0.818971657301,0.772361586895,0.693489868117,0.719358604022
family,next,16-[6+1.2.3.4],LR.pen=l1.C=1.000000,0.877622739829,0.756980010273,0.695178820696,0.717971030154
ghome,next,16-[6+1.2.3.4],LR.pen=l1.C=1.000000,0.894482123579,0.717955842152,0.635743301438,0.665093458101
