dataset,context_set,feature_set,model,accuracy,precision,recall,f1_score
dstc2,next,12-[7+1.3.4],LR.pen=l1.C=1.000000,0.821874383603,0.73668101028,0.691495934878,0.706669086271
dstc3,next,12-[7+1.3.4],LR.pen=l1.C=1.000000,0.80397923914,0.71719277899,0.681059853514,0.694357286621
family,next,12-[7+1.3.4],LR.pen=l1.C=1.000000,0.855845052737,0.700176120679,0.673005404967,0.682363964414
ghome,next,12-[7+1.3.4],LR.pen=l1.C=1.000000,0.87712177981,0.667181357753,0.593352107958,0.610485014864
