dataset,context_set,feature_set,model,accuracy,precision,recall,f1_score
dstc2,all,2-lexical,LinearSVC.pen=l1.C=0.062500,0.823112914891,0.765600010737,0.657339489786,0.677419756835
dstc3,all,2-lexical,LinearSVC.pen=l1.C=0.062500,0.794131544911,0.711324845799,0.616685032068,0.634300483779
family,all,2-lexical,LinearSVC.pen=l1.C=0.062500,0.862516637368,0.708144278891,0.644944507636,0.660399912319
ghome,all,2-lexical,LinearSVC.pen=l1.C=0.062500,0.88405664571,0.670102090848,0.574969797048,0.603753123059
