dataset,context_set,feature_set,model,test_round,accuracy,precision,recall,f1_score
dstc2,next,11-[6+1.3.4] w/ similarity,LR.pen=l1.C=1.000000,0,0.866900175131,0.806244329523,0.748333064642,0.770679478908
dstc2,next,11-[6+1.3.4] w/ similarity,LR.pen=l1.C=1.000000,1,0.809106830123,0.76770303096,0.687958812211,0.71284720786
dstc3,next,11-[6+1.3.4] w/ similarity,LR.pen=l1.C=1.000000,0,0.809121621622,0.791437690225,0.713492749313,0.742873281494
dstc3,next,11-[6+1.3.4] w/ similarity,LR.pen=l1.C=1.000000,1,0.797297297297,0.712156062496,0.693315949958,0.701209622292
family,next,11-[6+1.3.4] w/ similarity,LR.pen=l1.C=1.000000,0,0.84375,0.647329703198,0.635312027747,0.638605558389
family,next,11-[6+1.3.4] w/ similarity,LR.pen=l1.C=1.000000,1,0.857954545455,0.738807245386,0.655864114951,0.683858393211
ghome,next,11-[6+1.3.4] w/ similarity,LR.pen=l1.C=1.000000,0,0.875478927203,0.658146615096,0.616542544085,0.63374558733
ghome,next,11-[6+1.3.4] w/ similarity,LR.pen=l1.C=1.000000,1,0.873563218391,0.678008483452,0.646931176168,0.658195592287
