dataset,context_set,feature_set,model,test_round,accuracy,precision,recall,f1_score
family,next,11-[6+1.3.4] w/ similarity,LR.pen=l1.C=1.000000,0,0.84375,0.647329703198,0.635312027747,0.638605558389
family,next,11-[6+1.3.4] w/ similarity,LR.pen=l1.C=1.000000,1,0.857954545455,0.738807245386,0.655864114951,0.683858393211
