dataset,context_set,feature_set,model,accuracy,precision,recall,f1_score
dstc2,next,11-[6+1.3.4],LR.pen=l1.C=1.000000,0.838003502627,0.786973680242,0.718145938426,0.741763343384
dstc3,next,11-[6+1.3.4],LR.pen=l1.C=1.000000,0.803209459459,0.751796876361,0.703404349635,0.722041451893
family,next,11-[6+1.3.4],LR.pen=l1.C=1.000000,0.850852272727,0.693068474292,0.645588071349,0.6612319758
ghome,next,11-[6+1.3.4],LR.pen=l1.C=1.000000,0.874521072797,0.668077549274,0.631736860127,0.645970589808
