dataset,A-precision,A-recall,A-f1-score,A-support,C-precision,C-recall,C-f1-score,C-support,F-precision,F-recall,F-f1-score,F-support,R-precision,R-recall,R-f1-score,R-support
dstc2,0.595699,0.377679,0.452498,14.200000,0.761204,0.764922,0.762760,164.500000,0.905136,0.924047,0.914412,268.300000,0.746829,0.738400,0.742214,125.500000
dstc3,0.638314,0.457000,0.527135,20.800000,0.746263,0.744395,0.745133,169.300000,0.892518,0.921054,0.906488,281.200000,0.621285,0.606223,0.613344,122.100000
family,0.597067,0.476209,0.524780,23.200000,0.688304,0.654815,0.668170,27.000000,0.940339,0.969691,0.954743,250.100000,0.692008,0.661441,0.675188,52.700000
ghome,0.695332,0.676361,0.684571,59.500000,0.373333,0.167143,0.224878,12.200000,0.953902,0.978606,0.966061,396.600000,0.664866,0.639123,0.650200,55.800000
all,0.631603,0.496812,0.547246,29.425000,0.642276,0.582819,0.600236,93.250000,0.922974,0.948349,0.935426,299.050000,0.681247,0.661297,0.670237,89.025000
