dataset,context_set,feature_set,model,test_round,accuracy,precision,recall,f1_score
dstc2,next,8-skipthought w/ similarity,LR.pen=l1.C=1.000000,0,0.812609457093,0.714430775714,0.678665401217,0.692927070637
dstc3,next,8-skipthought w/ similarity,LR.pen=l1.C=1.000000,0,0.768581081081,0.691905011045,0.65030862626,0.665717940304
family,next,8-skipthought w/ similarity,LR.pen=l1.C=1.000000,0,0.778409090909,0.55615353849,0.556106280193,0.555406888811
