dataset,context_set,feature_set,model,accuracy,precision,recall,f1_score
dstc2,next,9-[2+1.3.4],LR.pen=l1.C=1.000000,0.670742544963,0.591000070909,0.460914672466,0.467674070085
dstc3,next,9-[2+1.3.4],LR.pen=l1.C=1.000000,0.73066887432,0.731281082551,0.527699079876,0.542259931293
family,next,9-[2+1.3.4],LR.pen=l1.C=1.000000,0.793634480161,0.677630982308,0.493927957004,0.497690694612
ghome,next,9-[2+1.3.4],LR.pen=l1.C=1.000000,0.849646916873,0.53815211051,0.470036118453,0.487486673869
