dataset,context_set,feature_set,model,accuracy,precision,recall,f1_score
dstc2,next,17-[7+1.2.3.4],LR.pen=l1.C=1.000000,0.835443058403,0.766704518986,0.703485516301,0.723189288488
dstc3,next,17-[7+1.2.3.4],LR.pen=l1.C=1.000000,0.802832931942,0.729278700616,0.681628676305,0.698904938627
family,next,17-[7+1.2.3.4],LR.pen=l1.C=1.000000,0.855038611251,0.695653280746,0.667032849108,0.677473420129
ghome,next,17-[7+1.2.3.4],LR.pen=l1.C=1.000000,0.885285451197,0.679945648006,0.620881157813,0.640135527688
