dataset,context_set,feature_set,model,test_round,accuracy,precision,recall,f1_score
dstc2,next,10-[5+1.3.4] w/ similarity,LR.pen=l1.C=1.000000,0,0.858143607706,0.80329327253,0.738692729731,0.763834666238
dstc2,next,10-[5+1.3.4] w/ similarity,LR.pen=l1.C=1.000000,1,0.823117338004,0.790895393573,0.668799313537,0.692309309412
dstc3,next,10-[5+1.3.4] w/ similarity,LR.pen=l1.C=1.000000,0,0.800675675676,0.716583874971,0.664312740759,0.683831558121
dstc3,next,10-[5+1.3.4] w/ similarity,LR.pen=l1.C=1.000000,1,0.807432432432,0.764859442856,0.645830039502,0.674817752441
family,next,10-[5+1.3.4] w/ similarity,LR.pen=l1.C=1.000000,0,0.823863636364,0.637254901961,0.614691564474,0.624969594891
family,next,10-[5+1.3.4] w/ similarity,LR.pen=l1.C=1.000000,1,0.857954545455,0.725891673382,0.649859036294,0.678201609287
ghome,next,10-[5+1.3.4] w/ similarity,LR.pen=l1.C=1.000000,0,0.850574712644,0.544788782012,0.510745163499,0.524154473431
ghome,next,10-[5+1.3.4] w/ similarity,LR.pen=l1.C=1.000000,1,0.883141762452,0.638119741893,0.569602807738,0.595203611748
