dataset,context_set,feature_set,model,test_round,accuracy,precision,recall,f1_score
family,next,10-[5+1.3.4] w/ similarity,LR.pen=l1.C=1.000000,0,0.823863636364,0.637254901961,0.614691564474,0.624969594891
family,next,10-[5+1.3.4] w/ similarity,LR.pen=l1.C=1.000000,1,0.857954545455,0.725891673382,0.649859036294,0.678201609287
