dataset,context_set,feature_set,model,accuracy,precision,recall,f1_score
dstc2,next,10-[5+1.3.4],LR.pen=l1.C=1.000000,0.840630472855,0.797094333052,0.703746021634,0.728071987825
dstc3,next,10-[5+1.3.4],LR.pen=l1.C=1.000000,0.804054054054,0.740721658914,0.65507139013,0.679324655281
family,next,10-[5+1.3.4],LR.pen=l1.C=1.000000,0.840909090909,0.681573287672,0.632275300384,0.651585602089
ghome,next,10-[5+1.3.4],LR.pen=l1.C=1.000000,0.866858237548,0.591454261952,0.540173985619,0.559679042589
