dataset,context_set,feature_set,model,accuracy,precision,recall,f1_score
dstc2,next,18-[8+1.2.3.4],LR.pen=l1.C=1.000000,0.81353364853,0.784992731125,0.677039432283,0.704123244976
dstc3,next,18-[8+1.2.3.4],LR.pen=l1.C=1.000000,0.774334805102,0.727758336743,0.635267794809,0.661633451071
family,next,18-[8+1.2.3.4],LR.pen=l1.C=1.000000,0.867385735811,0.728476838384,0.66282060963,0.686748772841
ghome,next,18-[8+1.2.3.4],LR.pen=l1.C=1.000000,0.86858682077,0.635067805802,0.567241376619,0.589837700098
