dataset,context_set,feature_set,model,test_round,accuracy,precision,recall,f1_score
dstc2,next,11-[6+1.3.4] w/ similarity,LR.pen=l1.C=1.000000,0,0.872154115587,0.821976958935,0.738359977118,0.765234703056
dstc2,next,11-[6+1.3.4] w/ similarity,LR.pen=l1.C=1.000000,1,0.816112084063,0.800988647819,0.694416038276,0.723396252413
dstc3,next,11-[6+1.3.4] w/ similarity,LR.pen=l1.C=1.000000,0,0.787162162162,0.719620885561,0.686759211538,0.700930952627
dstc3,next,11-[6+1.3.4] w/ similarity,LR.pen=l1.C=1.000000,1,0.787162162162,0.719614280447,0.689097932601,0.702309364493
family,next,11-[6+1.3.4] w/ similarity,LR.pen=l1.C=1.000000,0,0.855113636364,0.691864295125,0.684908955779,0.68582349043
family,next,11-[6+1.3.4] w/ similarity,LR.pen=l1.C=1.000000,1,0.866477272727,0.737623095215,0.688472810603,0.709915130644
ghome,next,11-[6+1.3.4] w/ similarity,LR.pen=l1.C=1.000000,0,0.875478927203,0.633353801806,0.571608029447,0.583631806026
ghome,next,11-[6+1.3.4] w/ similarity,LR.pen=l1.C=1.000000,1,0.871647509579,0.795878744371,0.609193631228,0.627625998074
