dataset,A-precision,A-recall,A-f1-score,A-support,C-precision,C-recall,C-f1-score,C-support,F-precision,F-recall,F-f1-score,F-support,R-precision,R-recall,R-f1-score,R-support
dstc2,0.668253,0.327143,0.428374,14.200000,0.755765,0.783314,0.769046,164.500000,0.909129,0.927777,0.918262,268.300000,0.747911,0.719594,0.733228,125.500000
dstc3,0.750608,0.362857,0.481750,20.800000,0.758244,0.779620,0.768471,169.300000,0.883042,0.936913,0.909097,281.200000,0.669929,0.606220,0.635918,122.100000
family,0.647695,0.274017,0.377989,23.200000,0.691830,0.754815,0.719678,27.000000,0.929581,0.993762,0.960552,250.100000,0.726069,0.635769,0.676807,52.700000
ghome,0.741794,0.696647,0.717302,59.500000,0.409667,0.075238,0.123737,12.200000,0.939384,0.990566,0.964262,396.600000,0.739382,0.631861,0.679206,55.800000
all,0.702087,0.415166,0.501354,29.425000,0.653876,0.598247,0.595233,93.250000,0.915284,0.962255,0.938043,299.050000,0.720823,0.648361,0.681290,89.025000
