dataset,context_set,feature_set,model,accuracy,precision,recall,f1_score
dstc2,next,16-[6+1.2.3.4],LR.pen=l1.C=1.000000,0.825733609081,0.77026458472,0.689457118894,0.712227540763
dstc3,next,16-[6+1.2.3.4],LR.pen=l1.C=1.000000,0.803843323522,0.765455756793,0.671402482161,0.698809299006
family,next,16-[6+1.2.3.4],LR.pen=l1.C=1.000000,0.874696446509,0.748793652067,0.664590916991,0.683756483614
ghome,next,16-[6+1.2.3.4],LR.pen=l1.C=1.000000,0.897712368493,0.707556603269,0.598578230428,0.621126695443
