dataset,context_set,feature_set,model,accuracy,precision,recall,f1_score
dstc2,current,17-[7+1.2.3.4],LR.pen=l1.C=1.000000,0.647087141295,0.51571453266,0.473438759879,0.477234012162
dstc3,current,17-[7+1.2.3.4],LR.pen=l1.C=1.000000,0.623167313353,0.509424423625,0.46579623097,0.473354256745
family,current,17-[7+1.2.3.4],LR.pen=l1.C=1.000000,0.731049723757,0.480200669647,0.370246512495,0.390871928677
ghome,current,17-[7+1.2.3.4],LR.pen=l1.C=1.000000,0.765305984209,0.491749025352,0.35610543628,0.381360674849
