dataset,context_set,feature_set,model,test_round,accuracy,precision,recall,f1_score
dstc2,next,0-all w/ similarity,LR.pen=l1.C=1.000000,0,0.854640980736,0.774676453545,0.775060273545,0.774845192138
dstc2,next,0-all w/ similarity,LR.pen=l1.C=1.000000,1,0.805604203152,0.737840610822,0.694839799262,0.712543683997
dstc3,next,0-all w/ similarity,LR.pen=l1.C=1.000000,0,0.785472972973,0.751391216422,0.698030022656,0.719390098357
dstc3,next,0-all w/ similarity,LR.pen=l1.C=1.000000,1,0.775337837838,0.698761308792,0.664283130796,0.678497822531
family,next,0-all w/ similarity,LR.pen=l1.C=1.000000,0,0.860795454545,0.690804195804,0.648397126223,0.667422783067
family,next,0-all w/ similarity,LR.pen=l1.C=1.000000,1,0.886363636364,0.854624131518,0.721217019695,0.759848353493
ghome,next,0-all w/ similarity,LR.pen=l1.C=1.000000,0,0.862068965517,0.626374988606,0.550714774867,0.575710654632
ghome,next,0-all w/ similarity,LR.pen=l1.C=1.000000,1,0.906130268199,0.845670452168,0.663935969868,0.698084631053
