dataset,context_set,feature_set,model,test_round,accuracy,precision,recall,f1_score
dstc2,next,0-all w/ similarity,LR.pen=l1.C=1.000000,0,0.854640980736,0.774676453545,0.775060273545,0.774845192138
dstc2,next,0-all w/ similarity,LR.pen=l1.C=1.000000,1,0.805604203152,0.737840610822,0.694839799262,0.712543683997
