dataset,context_set,feature_set,model,test_round,accuracy,precision,recall,f1_score
dstc3,next,0-all w/ similarity,LR.pen=l1.C=1.000000,0,0.785472972973,0.751391216422,0.698030022656,0.719390098357
dstc3,next,0-all w/ similarity,LR.pen=l1.C=1.000000,1,0.775337837838,0.698761308792,0.664283130796,0.678497822531
