dataset,context_set,feature_set,model,test_round,accuracy,precision,recall,f1_score
family,next,0-all w/ similarity,LR.pen=l1.C=1.000000,0,0.860795454545,0.690804195804,0.648397126223,0.667422783067
family,next,0-all w/ similarity,LR.pen=l1.C=1.000000,1,0.886363636364,0.854624131518,0.721217019695,0.759848353493
