dataset,context_set,feature_set,model,test_round,accuracy,precision,recall,f1_score
ghome,next,0-all w/ similarity,LR.pen=l1.C=1.000000,0,0.862068965517,0.626374988606,0.550714774867,0.575710654632
ghome,next,0-all w/ similarity,LR.pen=l1.C=1.000000,1,0.906130268199,0.845670452168,0.663935969868,0.698084631053
