dataset,context_set,feature_set,model,accuracy,precision,recall,f1_score
dstc2,current,7-d2v,LR.pen=l1.C=1.000000,0.57814342839,0.40171625037,0.403397800922,0.392374083626
dstc3,current,7-d2v,LR.pen=l1.C=1.000000,0.578011997146,0.405463383507,0.395659909248,0.385167306333
family,current,7-d2v,LR.pen=l1.C=1.000000,0.696080801105,0.373311018975,0.302765459924,0.304365576058
ghome,current,7-d2v,LR.pen=l1.C=1.000000,0.752624415233,0.390769691365,0.288113720511,0.288746604863
