dataset,context_set,feature_set,model,test_round,accuracy,precision,recall,f1_score
dstc2,next,9-[2+1.3.4] w/ similarity,LR.pen=l1.C=1.000000,0,0.870402802102,0.810553210472,0.753156508399,0.774903934137
dstc2,next,9-[2+1.3.4] w/ similarity,LR.pen=l1.C=1.000000,1,0.828371278459,0.734516028634,0.637737375839,0.645406191937
dstc3,next,9-[2+1.3.4] w/ similarity,LR.pen=l1.C=1.000000,0,0.8125,0.790416743303,0.694350749561,0.727462091376
dstc3,next,9-[2+1.3.4] w/ similarity,LR.pen=l1.C=1.000000,1,0.807432432432,0.836012444905,0.67716277868,0.721171883531
family,next,9-[2+1.3.4] w/ similarity,LR.pen=l1.C=1.000000,0,0.875,0.733289092664,0.695280502911,0.710155782089
family,next,9-[2+1.3.4] w/ similarity,LR.pen=l1.C=1.000000,1,0.886363636364,0.84001252016,0.721804100087,0.751056645179
ghome,next,9-[2+1.3.4] w/ similarity,LR.pen=l1.C=1.000000,0,0.88122605364,0.690193057672,0.592578325629,0.631271918418
ghome,next,9-[2+1.3.4] w/ similarity,LR.pen=l1.C=1.000000,1,0.888888888889,0.674839948314,0.604057524397,0.634618778391
