dataset,context_set,feature_set,model,test_round,accuracy,precision,recall,f1_score
dstc3,next,9-[2+1.3.4] w/ similarity,LR.pen=l1.C=1.000000,0,0.8125,0.790416743303,0.694350749561,0.727462091376
dstc3,next,9-[2+1.3.4] w/ similarity,LR.pen=l1.C=1.000000,1,0.807432432432,0.836012444905,0.67716277868,0.721171883531
