dataset,context_set,feature_set,model,test_round,accuracy,precision,recall,f1_score
ghome,next,9-[2+1.3.4] w/ similarity,LR.pen=l1.C=1.000000,0,0.88122605364,0.690193057672,0.592578325629,0.631271918418
ghome,next,9-[2+1.3.4] w/ similarity,LR.pen=l1.C=1.000000,1,0.888888888889,0.674839948314,0.604057524397,0.634618778391
