dataset,A-precision,A-recall,A-f1-score,A-support,C-precision,C-recall,C-f1-score,C-support,F-precision,F-recall,F-f1-score,F-support,R-precision,R-recall,R-f1-score,R-support
dstc2,0.598460,0.263929,0.360201,14.200000,0.706911,0.749334,0.727244,164.500000,0.854941,0.902276,0.877895,268.300000,0.595327,0.514535,0.551441,125.500000
dstc3,0.536386,0.312143,0.387055,20.800000,0.701364,0.760064,0.729353,169.300000,0.856574,0.938412,0.895570,281.200000,0.552277,0.404568,0.466211,122.100000
family,0.420773,0.309739,0.353730,23.200000,0.656810,0.529630,0.582126,27.000000,0.923035,0.982167,0.951644,250.100000,0.664964,0.602288,0.630545,52.700000
ghome,0.553896,0.517797,0.534018,59.500000,0.317415,0.151667,0.195132,12.200000,0.938457,0.974023,0.955872,396.600000,0.554954,0.504975,0.527157,55.800000
all,0.527379,0.350902,0.408751,29.425000,0.595625,0.547674,0.558464,93.250000,0.893252,0.949219,0.920245,299.050000,0.591881,0.506592,0.543838,89.025000
