dataset,context_set,feature_set,model,accuracy,precision,recall,f1_score
dstc2,next,4-syntactic,LR.pen=l1.C=1.000000,0.757486835263,0.688909728956,0.607518405277,0.629195238546
dstc3,next,4-syntactic,LR.pen=l1.C=1.000000,0.755689835875,0.661650434159,0.603796532901,0.619547148703
family,next,4-syntactic,LR.pen=l1.C=1.000000,0.846605662983,0.666395392111,0.605955976902,0.629511189907
ghome,next,4-syntactic,LR.pen=l1.C=1.000000,0.853181981753,0.59118049461,0.537115453074,0.553044832103
