dataset,context_set,feature_set,model,accuracy,precision,recall,f1_score
dstc2,next,7-d2v,LR.pen=l1.C=1.000000,0.771427350376,0.708598911841,0.60374220998,0.622046980821
dstc3,next,7-d2v,LR.pen=l1.C=1.000000,0.744566162697,0.663419383706,0.592555156659,0.611347863741
family,next,7-d2v,LR.pen=l1.C=1.000000,0.795399296836,0.598656035601,0.558784837782,0.572333150986
ghome,next,7-d2v,LR.pen=l1.C=1.000000,0.844862090134,0.569115715339,0.521144721776,0.537360854855
