dataset,context_set,feature_set,model,accuracy,precision,recall,f1_score
dstc2,current,9-[2+1.3.4],LR.pen=l1.C=1.000000,0.651063997657,0.519631844528,0.474480414468,0.478196133522
dstc3,current,9-[2+1.3.4],LR.pen=l1.C=1.000000,0.627922241548,0.520822577444,0.465216087063,0.472426122448
family,current,9-[2+1.3.4],LR.pen=l1.C=1.000000,0.737105725766,0.501369482785,0.369772730468,0.392617586084
ghome,current,9-[2+1.3.4],LR.pen=l1.C=1.000000,0.767273343071,0.492951663028,0.358022775766,0.383883494544
