dataset,context_set,feature_set,model,accuracy,precision,recall,f1_score
dstc2,next,18-[8+1.2.3.4],LR.pen=l1.C=1.000000,0.839551950652,0.755307525969,0.712125572091,0.727194596508
dstc3,next,18-[8+1.2.3.4],LR.pen=l1.C=1.000000,0.809067322273,0.734073179171,0.689527150729,0.705191532577
family,next,18-[8+1.2.3.4],LR.pen=l1.C=1.000000,0.862674535409,0.720333512881,0.681773472046,0.696917556726
ghome,next,18-[8+1.2.3.4],LR.pen=l1.C=1.000000,0.886738426367,0.677970515875,0.62329674804,0.640589039081
