dataset,A-precision,A-recall,A-f1-score,A-support,C-precision,C-recall,C-f1-score,C-support,F-precision,F-recall,F-f1-score,F-support,R-precision,R-recall,R-f1-score,R-support
dstc2,0.537724,0.286250,0.362452,14.200000,0.746065,0.772694,0.758905,164.500000,0.896990,0.920170,0.908342,268.300000,0.727840,0.688972,0.707350,125.500000
dstc3,0.594914,0.289571,0.383370,20.800000,0.727348,0.759634,0.742902,169.300000,0.873575,0.933706,0.902545,281.200000,0.616318,0.532830,0.571092,122.100000
family,0.566102,0.366817,0.440565,23.200000,0.719003,0.681481,0.697368,27.000000,0.929053,0.987285,0.957219,250.100000,0.703143,0.618149,0.656414,52.700000
ghome,0.685986,0.638326,0.659831,59.500000,0.309595,0.105238,0.151354,12.200000,0.933157,0.986431,0.959015,396.600000,0.736118,0.598049,0.658167,55.800000
all,0.596181,0.395241,0.461554,29.425000,0.625503,0.579762,0.587632,93.250000,0.908194,0.956898,0.931780,299.050000,0.695855,0.609500,0.648256,89.025000
