dataset,context_set,feature_set,model,accuracy,precision,recall,f1_score
dstc2,next,2-lexical,LR.pen=l1.C=1.000000,0.811392563194,0.727155111358,0.667021629067,0.684262360093
dstc3,next,2-lexical,LR.pen=l1.C=1.000000,0.778978235661,0.703038668585,0.628935161382,0.6499772724
family,next,2-lexical,LR.pen=l1.C=1.000000,0.867952348066,0.729325229322,0.663433150854,0.687891259186
ghome,next,2-lexical,LR.pen=l1.C=1.000000,0.885054296056,0.666214000458,0.582011226861,0.607091408864
