dataset,context_set,feature_set,model,accuracy,precision,recall,f1_score
dstc2,current,2-lexical,LR.pen=l1.C=1.000000,0.744474994471,0.56578103663,0.54929981611,0.551658805455
dstc3,current,2-lexical,LR.pen=l1.C=1.000000,0.722726563197,0.541826443014,0.528197409086,0.530160854142
family,current,2-lexical,LR.pen=l1.C=1.000000,0.85314791562,0.686717561979,0.623669781896,0.647524093778
ghome,current,2-lexical,LR.pen=l1.C=1.000000,0.856354649563,0.595348573951,0.529661759428,0.549039350106
