dataset,context_set,feature_set,model,test_round,accuracy,precision,recall,f1_score
dstc2,next,7-d2v w/ similarity,LR.pen=l1.C=1.000000,0,0.800350262697,0.705168710863,0.603371158147,0.613376861703
dstc3,next,7-d2v w/ similarity,LR.pen=l1.C=1.000000,0,0.787162162162,0.730986978177,0.664147901032,0.688225082305
family,next,7-d2v w/ similarity,LR.pen=l1.C=1.000000,0,0.803977272727,0.612126836341,0.578783537718,0.593834829605
ghome,next,7-d2v w/ similarity,LR.pen=l1.C=1.000000,0,0.842911877395,0.545771072177,0.496492467043,0.515355157391
