dataset,context_set,feature_set,model,test_round,accuracy,precision,recall,f1_score
dstc2,next,10-[5+1.3.4] w/ similarity,LR.pen=l1.C=1.000000,0,0.877408056042,0.804246205748,0.75938184513,0.777828258914
dstc2,next,10-[5+1.3.4] w/ similarity,LR.pen=l1.C=1.000000,1,0.851138353765,0.798024705116,0.758172733892,0.77348553898
dstc3,next,10-[5+1.3.4] w/ similarity,LR.pen=l1.C=1.000000,0,0.820945945946,0.802595702114,0.722648838609,0.752400511135
dstc3,next,10-[5+1.3.4] w/ similarity,LR.pen=l1.C=1.000000,1,0.804054054054,0.691850986205,0.657410111194,0.670621204687
family,next,10-[5+1.3.4] w/ similarity,LR.pen=l1.C=1.000000,0,0.872159090909,0.718105897197,0.692462467484,0.703929036049
family,next,10-[5+1.3.4] w/ similarity,LR.pen=l1.C=1.000000,1,0.889204545455,0.817631041747,0.711703579834,0.745379096308
ghome,next,10-[5+1.3.4] w/ similarity,LR.pen=l1.C=1.000000,0,0.877394636015,0.624028821265,0.562654083205,0.583559703859
ghome,next,10-[5+1.3.4] w/ similarity,LR.pen=l1.C=1.000000,1,0.894636015326,0.659093546445,0.60408748502,0.620562308259
