dataset,context_set,feature_set,model,test_round,accuracy,precision,recall,f1_score
dstc2,next,10-[5+1.3.4] w/ similarity,LR.pen=l1.C=1.000000,0,0.877408056042,0.804246205748,0.75938184513,0.777828258914
dstc2,next,10-[5+1.3.4] w/ similarity,LR.pen=l1.C=1.000000,1,0.851138353765,0.798024705116,0.758172733892,0.77348553898
