dataset,context_set,feature_set,model,test_round,accuracy,precision,recall,f1_score
dstc3,next,10-[5+1.3.4] w/ similarity,LR.pen=l1.C=1.000000,0,0.820945945946,0.802595702114,0.722648838609,0.752400511135
dstc3,next,10-[5+1.3.4] w/ similarity,LR.pen=l1.C=1.000000,1,0.804054054054,0.691850986205,0.657410111194,0.670621204687
