dataset,context_set,feature_set,model,test_round,accuracy,precision,recall,f1_score
family,next,10-[5+1.3.4] w/ similarity,LR.pen=l1.C=1.000000,0,0.872159090909,0.718105897197,0.692462467484,0.703929036049
family,next,10-[5+1.3.4] w/ similarity,LR.pen=l1.C=1.000000,1,0.889204545455,0.817631041747,0.711703579834,0.745379096308
