dataset,context_set,feature_set,model,test_round,accuracy,precision,recall,f1_score
ghome,next,10-[5+1.3.4] w/ similarity,LR.pen=l1.C=1.000000,0,0.877394636015,0.624028821265,0.562654083205,0.583559703859
ghome,next,10-[5+1.3.4] w/ similarity,LR.pen=l1.C=1.000000,1,0.894636015326,0.659093546445,0.60408748502,0.620562308259
