dataset,context_set,feature_set,model,accuracy,precision,recall,f1_score
dstc2,next,12-[7+1.3.4],LR.pen=l1.C=1.000000,0.821665122562,0.736498088651,0.691339195651,0.70650193605
dstc3,next,12-[7+1.3.4],LR.pen=l1.C=1.000000,0.803911671573,0.717350188646,0.681221096117,0.694529873146
family,next,12-[7+1.3.4],LR.pen=l1.C=1.000000,0.855845052737,0.700176120679,0.673005404967,0.682363964414
ghome,next,12-[7+1.3.4],LR.pen=l1.C=1.000000,0.877160093986,0.666917755164,0.593768774624,0.611009949547
