dataset,context_set,feature_set,model,accuracy,precision,recall,f1_score
dstc2,last,5-lda,LR.pen=l1.C=1.000000,0.604708761947,0.439511248929,0.433073158516,0.427015565193
dstc3,last,5-lda,LR.pen=l1.C=1.000000,0.593314713228,0.419239543607,0.412973862898,0.399001504685
family,last,5-lda,LR.pen=l1.C=1.000000,0.700534907082,0.417318002343,0.296829412259,0.29824833646
ghome,last,5-lda,LR.pen=l1.C=1.000000,0.75166804259,0.372995090201,0.271563350759,0.261434972559
