dataset,context_set,feature_set,model,accuracy,precision,recall,f1_score
dstc2,all,7-d2v,LR.pen=l1.C=1.000000,0.768307322642,0.665235243409,0.605998824347,0.620212771324
dstc3,all,7-d2v,LR.pen=l1.C=1.000000,0.734818035858,0.628327626284,0.584209202855,0.597215234319
family,all,7-d2v,LR.pen=l1.C=1.000000,0.780649799096,0.569741561017,0.546254338747,0.5549095281
ghome,all,7-d2v,LR.pen=l1.C=1.000000,0.831642640926,0.549879854046,0.510155625543,0.523859326899
