dataset,A-precision,A-recall,A-f1-score,A-support,C-precision,C-recall,C-f1-score,C-support,F-precision,F-recall,F-f1-score,F-support,R-precision,R-recall,R-f1-score,R-support
dstc2,0.638245,0.336786,0.427452,14.200000,0.745770,0.764466,0.754750,164.500000,0.905084,0.926430,0.915516,268.300000,0.735345,0.710468,0.722429,125.500000
dstc3,0.635488,0.402143,0.485572,20.800000,0.746959,0.748508,0.747493,169.300000,0.889159,0.917357,0.902927,281.200000,0.617514,0.607561,0.612158,122.100000
family,0.674629,0.300487,0.410339,23.200000,0.667228,0.742963,0.700714,27.000000,0.929150,0.991444,0.959236,250.100000,0.738540,0.637536,0.683113,52.700000
ghome,0.729433,0.658581,0.690337,59.500000,0.327000,0.066905,0.108551,12.200000,0.932853,0.989656,0.960376,396.600000,0.730694,0.618453,0.667942,55.800000
all,0.669449,0.424499,0.503425,29.425000,0.621739,0.580710,0.577877,93.250000,0.914062,0.956222,0.934514,299.050000,0.705523,0.643504,0.671410,89.025000
