dataset,context_set,feature_set,model,accuracy,precision,recall,f1_score
dstc2,current,7-d2v,LR.pen=l1.C=1.000000,0.578245817469,0.40181559127,0.403484934899,0.392463401945
dstc3,current,7-d2v,LR.pen=l1.C=1.000000,0.578181696548,0.405696896521,0.395818573006,0.385368139705
family,current,7-d2v,LR.pen=l1.C=1.000000,0.696080801105,0.373311018975,0.302765459924,0.304365576058
ghome,current,7-d2v,LR.pen=l1.C=1.000000,0.752662729409,0.390837244805,0.288126346774,0.288759813473
