dataset,context_set,feature_set,model,accuracy,precision,recall,f1_score
dstc2,current,0-all,LR.pen=l1.C=1.000000,0.643046568203,0.511829338225,0.473969359434,0.478664879059
dstc3,current,0-all,LR.pen=l1.C=1.000000,0.618243466239,0.498401566649,0.461893662535,0.467464037338
family,current,0-all,LR.pen=l1.C=1.000000,0.736959128579,0.491868773525,0.382622805487,0.405592717715
ghome,current,0-all,LR.pen=l1.C=1.000000,0.772684320823,0.513132986338,0.373535572542,0.402094144118
