dataset,A-precision,A-recall,A-f1-score,A-support,C-precision,C-recall,C-f1-score,C-support,F-precision,F-recall,F-f1-score,F-support,R-precision,R-recall,R-f1-score,R-support
dstc2,0.792307,0.362857,0.486245,14.200000,0.782315,0.831857,0.806069,164.500000,0.927074,0.935016,0.930920,268.300000,0.799529,0.766086,0.782069,125.500000
dstc3,0.713055,0.407714,0.511488,20.800000,0.784736,0.816562,0.800085,169.300000,0.886745,0.942603,0.913746,281.200000,0.711191,0.617512,0.660419,122.100000
family,0.666559,0.437635,0.521277,23.200000,0.708398,0.687407,0.694481,27.000000,0.937719,0.981126,0.958879,250.100000,0.726749,0.681402,0.701894,52.700000
ghome,0.751209,0.680588,0.713062,59.500000,0.440336,0.225238,0.284644,12.200000,0.943827,0.985165,0.964024,396.600000,0.734132,0.648306,0.687011,55.800000
all,0.730783,0.472199,0.558018,29.425000,0.678946,0.640266,0.646320,93.250000,0.923841,0.960978,0.941892,299.050000,0.742900,0.678326,0.707848,89.025000
