dataset,context_set,feature_set,model,accuracy,precision,recall,f1_score
dstc2,current,18-[8+1.2.3.4],LR.pen=l1.C=1.000000,0.6439877946,0.518725571792,0.475110397774,0.480188386194
dstc3,current,18-[8+1.2.3.4],LR.pen=l1.C=1.000000,0.617925363482,0.49614756734,0.46083131051,0.46652341762
family,current,18-[8+1.2.3.4],LR.pen=l1.C=1.000000,0.74236156454,0.513624335444,0.383803943964,0.409346643779
ghome,current,18-[8+1.2.3.4],LR.pen=l1.C=1.000000,0.767223174785,0.499196401816,0.364328114973,0.391073570768
