dataset,context_set,feature_set,model,accuracy,precision,recall,f1_score
dstc2,current,10-[5+1.3.4],LR.pen=l1.C=1.000000,0.652431815329,0.511669078315,0.473243593924,0.475718654056
dstc3,current,10-[5+1.3.4],LR.pen=l1.C=1.000000,0.630811256801,0.529331297366,0.470400573527,0.479075112117
family,current,10-[5+1.3.4],LR.pen=l1.C=1.000000,0.732768709191,0.489462044558,0.389802585044,0.410812439526
ghome,current,10-[5+1.3.4],LR.pen=l1.C=1.000000,0.759588493046,0.467440507266,0.362155557714,0.385643729604
