dataset,context_set,feature_set,model,test_round,accuracy,precision,recall,f1_score
dstc2,next,7-d2v w/ similarity,LR.pen=l1.C=1.000000,0,0.796847635727,0.57924913283,0.58173935202,0.57943087219
dstc3,next,7-d2v w/ similarity,LR.pen=l1.C=1.000000,0,0.768581081081,0.728374890957,0.650269186583,0.67732160089
family,next,7-d2v w/ similarity,LR.pen=l1.C=1.000000,0,0.809659090909,0.604823361257,0.54962133036,0.566697764364
ghome,next,7-d2v w/ similarity,LR.pen=l1.C=1.000000,0,0.840996168582,0.518900105569,0.480497774354,0.496540445152
