dataset,context_set,feature_set,model,accuracy,precision,recall,f1_score
dstc2,current,14-[1.3.4],LR.pen=l1.C=1.000000,0.796712850337,0.68954034472,0.63577651313,0.651200413336
dstc3,current,14-[1.3.4],LR.pen=l1.C=1.000000,0.776548144679,0.663111361007,0.620349564679,0.633245037368
family,current,14-[1.3.4],LR.pen=l1.C=1.000000,0.875659216474,0.765046993968,0.673400793923,0.696142484282
ghome,current,14-[1.3.4],LR.pen=l1.C=1.000000,0.881414449313,0.67840580675,0.588189681431,0.609877623399
