dataset,context_set,feature_set,model,accuracy,precision,recall,f1_score
dstc2,current,10-[5+1.3.4],LR.pen=l1.C=1.000000,0.763709915542,0.621166854506,0.584728663585,0.593265325432
dstc3,current,10-[5+1.3.4],LR.pen=l1.C=1.000000,0.730087525644,0.581446652084,0.552566611272,0.55982395045
family,current,10-[5+1.3.4],LR.pen=l1.C=1.000000,0.863654570568,0.716324951095,0.64062655824,0.65753736168
ghome,current,10-[5+1.3.4],LR.pen=l1.C=1.000000,0.861313266019,0.60987524192,0.535064560335,0.558794202615
