dataset,context_set,feature_set,model,accuracy,precision,recall,f1_score
dstc2,next,9-[2+1.3.4],LR.pen=l1.C=1.000000,0.840878466017,0.821534685131,0.694524333216,0.722817317042
dstc3,next,9-[2+1.3.4],LR.pen=l1.C=1.000000,0.813575617697,0.783361233014,0.675192250253,0.705611648417
family,next,9-[2+1.3.4],LR.pen=l1.C=1.000000,0.876342604219,0.766504252327,0.687900586223,0.714320314218
ghome,next,9-[2+1.3.4],LR.pen=l1.C=1.000000,0.894734235092,0.724102471244,0.61903923795,0.653977553834
