dataset,context_set,feature_set,model,accuracy,precision,recall,f1_score
dstc2,all,10-[5+1.3.4],LR.pen=l1.C=1.000000,0.772496129777,0.700830624763,0.619354599032,0.63822407642
dstc3,all,10-[5+1.3.4],LR.pen=l1.C=1.000000,0.747621532424,0.697723551734,0.602859331095,0.626666770533
family,all,10-[5+1.3.4],LR.pen=l1.C=1.000000,0.859404193872,0.70805872003,0.632001398646,0.640811602054
ghome,all,10-[5+1.3.4],LR.pen=l1.C=1.000000,0.865056201181,0.631246652076,0.520667782781,0.541883397871
