dataset,A-precision,A-recall,A-f1-score,A-support,C-precision,C-recall,C-f1-score,C-support,F-precision,F-recall,F-f1-score,F-support,R-precision,R-recall,R-f1-score,R-support
dstc2,0.884429,0.289643,0.424721,14.200000,0.727231,0.770363,0.743847,164.500000,0.909912,0.920914,0.915064,268.300000,0.675851,0.638892,0.649331,125.500000
dstc3,0.800757,0.343714,0.466668,20.800000,0.718132,0.782749,0.745497,169.300000,0.869718,0.959035,0.911931,281.200000,0.620946,0.437850,0.502645,122.100000
family,0.678062,0.360661,0.457323,23.200000,0.713075,0.697778,0.695832,27.000000,0.935598,0.991844,0.962821,250.100000,0.713337,0.647419,0.674191,52.700000
ghome,0.637235,0.580969,0.602522,59.500000,0.464324,0.194524,0.258141,12.200000,0.950560,0.987439,0.968608,396.600000,0.605239,0.562101,0.578425,55.800000
all,0.750121,0.393747,0.487809,29.425000,0.655690,0.611353,0.610829,93.250000,0.916447,0.964808,0.939606,299.050000,0.653843,0.571566,0.601148,89.025000
