dataset,context_set,feature_set,model,accuracy,precision,recall,f1_score
dstc2,last,8-skipthought,LR.pen=l1.C=1.000000,0.57939905441,0.427406368997,0.425256544345,0.424852830296
dstc3,last,8-skipthought,LR.pen=l1.C=1.000000,0.551932811524,0.412516522822,0.4075566896,0.40801804158
family,last,8-skipthought,LR.pen=l1.C=1.000000,0.647418382722,0.345137674078,0.307123801956,0.313833391263
ghome,last,8-skipthought,LR.pen=l1.C=1.000000,0.692093520459,0.344963274809,0.32583927352,0.330148156677
