dataset,context_set,feature_set,model,test_round,accuracy,precision,recall,f1_score
dstc2,next,10-[5+1.3.4] w/ similarity,LR.pen=l1.C=1.000000,0,0.84588441331,0.776977812948,0.711921134744,0.735122853439
dstc2,next,10-[5+1.3.4] w/ similarity,LR.pen=l1.C=1.000000,1,0.814360770578,0.75227769001,0.686964272713,0.710266479663
dstc3,next,10-[5+1.3.4] w/ similarity,LR.pen=l1.C=1.000000,0,0.797297297297,0.778692682747,0.712374284951,0.737538482534
dstc3,next,10-[5+1.3.4] w/ similarity,LR.pen=l1.C=1.000000,1,0.771959459459,0.67250809315,0.63922397128,0.652494634721
family,next,10-[5+1.3.4] w/ similarity,LR.pen=l1.C=1.000000,0,0.866477272727,0.676921596157,0.640735290474,0.647322321456
family,next,10-[5+1.3.4] w/ similarity,LR.pen=l1.C=1.000000,1,0.872159090909,0.752927833138,0.659897683637,0.678516938433
ghome,next,10-[5+1.3.4] w/ similarity,LR.pen=l1.C=1.000000,0,0.873563218391,0.691364074652,0.570159219312,0.606074439121
ghome,next,10-[5+1.3.4] w/ similarity,LR.pen=l1.C=1.000000,1,0.894636015326,0.595197175593,0.576057181989,0.584740227933
