dataset,context_set,feature_set,model,test_round,accuracy,precision,recall,f1_score
dstc3,next,10-[5+1.3.4] w/ similarity,LR.pen=l1.C=1.000000,0,0.797297297297,0.778692682747,0.712374284951,0.737538482534
dstc3,next,10-[5+1.3.4] w/ similarity,LR.pen=l1.C=1.000000,1,0.771959459459,0.67250809315,0.63922397128,0.652494634721
