dataset,context_set,feature_set,model,test_round,accuracy,precision,recall,f1_score
family,next,10-[5+1.3.4] w/ similarity,LR.pen=l1.C=1.000000,0,0.866477272727,0.676921596157,0.640735290474,0.647322321456
family,next,10-[5+1.3.4] w/ similarity,LR.pen=l1.C=1.000000,1,0.872159090909,0.752927833138,0.659897683637,0.678516938433
