dataset,context_set,feature_set,model,accuracy,precision,recall,f1_score
dstc2,next,10-[5+1.3.4],LR.pen=l1.C=1.000000,0.830122591944,0.764627751479,0.699442703729,0.722694666551
dstc3,next,10-[5+1.3.4],LR.pen=l1.C=1.000000,0.784628378378,0.725600387948,0.675799128116,0.695016558627
family,next,10-[5+1.3.4],LR.pen=l1.C=1.000000,0.869318181818,0.714924714648,0.650316487056,0.662919629944
ghome,next,10-[5+1.3.4],LR.pen=l1.C=1.000000,0.884099616858,0.643280625122,0.573108200651,0.595407333527
