dataset,context_set,feature_set,model,accuracy,precision,recall,f1_score
dstc2,next,9-[2+1.3.4],LR.pen=l1.C=2.000000,0.771222631991,0.69609377288,0.631054187058,0.649638368505
dstc3,next,9-[2+1.3.4],LR.pen=l1.C=2.000000,0.74896273749,0.684495796626,0.603445963865,0.625036584047
family,next,9-[2+1.3.4],LR.pen=l1.C=2.000000,0.866524045706,0.716058389735,0.645823232797,0.662370375819
ghome,next,9-[2+1.3.4],LR.pen=l1.C=2.000000,0.865252217354,0.639041762092,0.527163783345,0.549387481195
