dataset,context_set,feature_set,model,accuracy,precision,recall,f1_score
dstc2,current,10-[5+1.3.4],LR.pen=l1.C=1.000000,0.795485137744,0.68417834217,0.634898387658,0.648947960486
dstc3,current,10-[5+1.3.4],LR.pen=l1.C=1.000000,0.772202524306,0.656545670842,0.613599434242,0.626056249608
family,current,10-[5+1.3.4],LR.pen=l1.C=1.000000,0.876391574586,0.76534088883,0.676219022905,0.699139588862
ghome,current,10-[5+1.3.4],LR.pen=l1.C=1.000000,0.888023538875,0.684820197263,0.598717061487,0.627219328882
