dataset,context_set,feature_set,model,accuracy,precision,recall,f1_score
dstc2,next,12-[7+1.3.4],LR.pen=l1.C=1.000000,0.821735175101,0.736828229931,0.691377841014,0.706626081218
dstc3,next,12-[7+1.3.4],LR.pen=l1.C=1.000000,0.803810320221,0.71706076635,0.680935508928,0.694229746113
family,next,12-[7+1.3.4],LR.pen=l1.C=1.000000,0.855903440482,0.700518695299,0.673086743999,0.682493661267
ghome,next,12-[7+1.3.4],LR.pen=l1.C=1.000000,0.87712177981,0.667244192545,0.593611909361,0.610991592636
