dataset,context_set,feature_set,model,accuracy,precision,recall,f1_score
dstc2,all,6-w2v,LR.pen=l1.C=1.000000,0.765930019187,0.660392514258,0.618401432576,0.631866174982
dstc3,all,6-w2v,LR.pen=l1.C=1.000000,0.756212982785,0.667189542294,0.630372830497,0.643590952379
family,all,6-w2v,LR.pen=l1.C=1.000000,0.80820567554,0.602725091951,0.580107004665,0.588510466779
ghome,all,6-w2v,LR.pen=l1.C=1.000000,0.840329163227,0.565009151527,0.540871555549,0.548748554198
