dataset,context_set,feature_set,model,accuracy,precision,recall,f1_score
dstc2,current,7-d2v,LR.pen=l1.C=1.000000,0.578175764929,0.401734170938,0.403426278183,0.392401724928
dstc3,current,7-d2v,LR.pen=l1.C=1.000000,0.578045780929,0.405582178007,0.395700104061,0.385265776624
family,current,7-d2v,LR.pen=l1.C=1.000000,0.696080801105,0.373311018975,0.302765459924,0.304365576058
ghome,current,7-d2v,LR.pen=l1.C=1.000000,0.752624415233,0.390769691365,0.288113720511,0.288746604863
