dataset,context_set,feature_set,model,accuracy,precision,recall,f1_score
dstc2,all,18-[8+1.2.3.4],LR.pen=l1.C=1.000000,0.831775222202,0.782536185748,0.674300139815,0.696494594265
dstc3,all,18-[8+1.2.3.4],LR.pen=l1.C=1.000000,0.809764293997,0.764102180733,0.643830090523,0.667182087634
family,all,18-[8+1.2.3.4],LR.pen=l1.C=1.000000,0.866437091914,0.730223800998,0.645813198608,0.659386807067
ghome,all,18-[8+1.2.3.4],LR.pen=l1.C=1.000000,0.898127897377,0.696507019401,0.593733400801,0.616626035041
