dataset,context_set,feature_set,model,accuracy,precision,recall,f1_score
dstc2,all,5-lda,LR.pen=l1.C=1.000000,0.767702013712,0.686394575267,0.601148511775,0.6184551437
dstc3,all,5-lda,LR.pen=l1.C=1.000000,0.751270404067,0.667474842723,0.580848678944,0.59928102748
family,all,5-lda,LR.pen=l1.C=1.000000,0.81621390005,0.631713852026,0.581813564578,0.598120573122
ghome,all,5-lda,LR.pen=l1.C=1.000000,0.83656865858,0.554707696417,0.494077153635,0.515743350344
