dataset,context_set,feature_set,model,accuracy,precision,recall,f1_score
dstc2,current,11-[6+1.3.4],LR.pen=l1.C=1.000000,0.655287831061,0.539144013183,0.482023615114,0.487897541352
dstc3,current,11-[6+1.3.4],LR.pen=l1.C=1.000000,0.631386361609,0.528548122151,0.473328143881,0.482742098246
family,current,11-[6+1.3.4],LR.pen=l1.C=1.000000,0.73846936213,0.496646320246,0.381417115105,0.402616253378
ghome,current,11-[6+1.3.4],LR.pen=l1.C=1.000000,0.766884274253,0.513861889122,0.384217464616,0.412335151251
