dataset,context_set,feature_set,model,accuracy,precision,recall,f1_score
dstc2,next,4-syntactic,LR.pen=l1.C=1.000000,0.784794893098,0.747384419895,0.631564623443,0.659327814091
dstc3,next,4-syntactic,LR.pen=l1.C=1.000000,0.789448086701,0.737480922363,0.630289890807,0.655658490873
family,next,4-syntactic,LR.pen=l1.C=1.000000,0.871980160723,0.749245983837,0.665208860449,0.694147686395
ghome,next,4-syntactic,LR.pen=l1.C=1.000000,0.859900086789,0.631930880772,0.527348220845,0.546311108342
