dataset,context_set,feature_set,model,test_round,accuracy,precision,recall,f1_score
dstc2,next,10-[5+1.3.4] w/ similarity,LR.pen=l1.C=1.000000,0,0.866900175131,0.807536764706,0.750467393,0.772368488892
dstc2,next,10-[5+1.3.4] w/ similarity,LR.pen=l1.C=1.000000,1,0.830122591944,0.793463141142,0.674189375423,0.696274928935
dstc3,next,10-[5+1.3.4] w/ similarity,LR.pen=l1.C=1.000000,0,0.798986486486,0.70537004662,0.674443771103,0.68728325733
dstc3,next,10-[5+1.3.4] w/ similarity,LR.pen=l1.C=1.000000,1,0.804054054054,0.760790014533,0.643461069846,0.672212258961
family,next,10-[5+1.3.4] w/ similarity,LR.pen=l1.C=1.000000,0,0.840909090909,0.655626393534,0.6410177753,0.647977444586
family,next,10-[5+1.3.4] w/ similarity,LR.pen=l1.C=1.000000,1,0.883522727273,0.776608923788,0.692218630001,0.72411512837
ghome,next,10-[5+1.3.4] w/ similarity,LR.pen=l1.C=1.000000,0,0.862068965517,0.622955892835,0.566063174114,0.587890324517
ghome,next,10-[5+1.3.4] w/ similarity,LR.pen=l1.C=1.000000,1,0.88122605364,0.667586146473,0.597001797637,0.623986915446
