dataset,context_set,feature_set,model,test_round,accuracy,precision,recall,f1_score
family,next,10-[5+1.3.4] w/ similarity,LR.pen=l1.C=1.000000,0,0.840909090909,0.655626393534,0.6410177753,0.647977444586
family,next,10-[5+1.3.4] w/ similarity,LR.pen=l1.C=1.000000,1,0.883522727273,0.776608923788,0.692218630001,0.72411512837
