dataset,context_set,feature_set,model,test_round,accuracy,precision,recall,f1_score
ghome,next,10-[5+1.3.4] w/ similarity,LR.pen=l1.C=1.000000,0,0.862068965517,0.622955892835,0.566063174114,0.587890324517
ghome,next,10-[5+1.3.4] w/ similarity,LR.pen=l1.C=1.000000,1,0.88122605364,0.667586146473,0.597001797637,0.623986915446
