dataset,A-precision,A-recall,A-f1-score,A-support,C-precision,C-recall,C-f1-score,C-support,F-precision,F-recall,F-f1-score,F-support,R-precision,R-recall,R-f1-score,R-support
dstc2,0.645468,0.346607,0.442112,14.200000,0.756030,0.763060,0.759224,164.500000,0.903955,0.924793,0.914181,268.300000,0.746335,0.737938,0.741702,125.500000
dstc3,0.657145,0.443143,0.522571,20.800000,0.744977,0.747218,0.745858,169.300000,0.894779,0.922828,0.908513,281.200000,0.623753,0.609663,0.616128,122.100000
family,0.626541,0.443096,0.514049,23.200000,0.717723,0.658519,0.683300,27.000000,0.937455,0.978887,0.957690,250.100000,0.711296,0.677934,0.693146,52.700000
ghome,0.695733,0.689921,0.691745,59.500000,0.303333,0.073095,0.114859,12.200000,0.951746,0.980527,0.965891,396.600000,0.669444,0.645443,0.655767,55.800000
all,0.656222,0.480692,0.542619,29.425000,0.630516,0.560473,0.575810,93.250000,0.921984,0.951759,0.936569,299.050000,0.687707,0.667744,0.676686,89.025000
