dataset,context_set,feature_set,model,test_round,accuracy,precision,recall,f1_score
dstc2,next,11-[6+1.3.4] w/ similarity,LR.pen=l1.C=1.000000,0,0.859894921191,0.784451648538,0.741643949243,0.759351262772
dstc2,next,11-[6+1.3.4] w/ similarity,LR.pen=l1.C=1.000000,1,0.805604203152,0.765128092572,0.682891648032,0.709098234368
dstc3,next,11-[6+1.3.4] w/ similarity,LR.pen=l1.C=1.000000,0,0.810810810811,0.793342888995,0.716681710415,0.745999400028
dstc3,next,11-[6+1.3.4] w/ similarity,LR.pen=l1.C=1.000000,1,0.800675675676,0.720023488094,0.692776308163,0.704080623452
family,next,11-[6+1.3.4] w/ similarity,LR.pen=l1.C=1.000000,0,0.84375,0.643804867901,0.627696643131,0.634626580322
family,next,11-[6+1.3.4] w/ similarity,LR.pen=l1.C=1.000000,1,0.855113636364,0.734463691525,0.668541372476,0.690346913552
ghome,next,11-[6+1.3.4] w/ similarity,LR.pen=l1.C=1.000000,0,0.871647509579,0.630760630761,0.591163756206,0.606692368887
ghome,next,11-[6+1.3.4] w/ similarity,LR.pen=l1.C=1.000000,1,0.867816091954,0.660436389121,0.637208953946,0.64661939457
