dataset,context_set,feature_set,model,accuracy,precision,recall,f1_score
dstc2,next,11-[6+1.3.4],LR.pen=l1.C=1.000000,0.832749562172,0.774789870555,0.712267798637,0.73422474857
dstc3,next,11-[6+1.3.4],LR.pen=l1.C=1.000000,0.805743243243,0.756683188545,0.704729009289,0.72504001174
family,next,11-[6+1.3.4],LR.pen=l1.C=1.000000,0.849431818182,0.689134279713,0.648119007804,0.662486746937
ghome,next,11-[6+1.3.4],LR.pen=l1.C=1.000000,0.869731800766,0.645598509941,0.614186355076,0.626655881729
