dataset,context_set,feature_set,model,accuracy,precision,recall,f1_score
dstc2,next,18-[8+1.2.3.4],LR.pen=l1.C=1.000000,0.806024518389,0.792135325788,0.664057749412,0.693072869114
dstc3,next,18-[8+1.2.3.4],LR.pen=l1.C=1.000000,0.76860092766,0.720333850741,0.622489141031,0.648368824848
family,next,18-[8+1.2.3.4],LR.pen=l1.C=1.000000,0.868064414867,0.732253733423,0.659384712015,0.684724378519
ghome,next,18-[8+1.2.3.4],LR.pen=l1.C=1.000000,0.863255434898,0.638788101999,0.550581882643,0.579834419872
