dataset,context_set,feature_set,model,test_round,accuracy,precision,recall,f1_score
dstc2,next,6-w2v w/ similarity,LR.pen=l1.C=1.000000,0,0.847635726795,0.741078622176,0.694502834261,0.712533411154
dstc3,next,6-w2v w/ similarity,LR.pen=l1.C=1.000000,0,0.797297297297,0.780174012068,0.700248828115,0.730579471392
family,next,6-w2v w/ similarity,LR.pen=l1.C=1.000000,0,0.849431818182,0.663408523688,0.640210082993,0.651091587394
ghome,next,6-w2v w/ similarity,LR.pen=l1.C=1.000000,0,0.867816091954,0.644616450866,0.582381013525,0.601332946382
