dataset,context_set,feature_set,model,accuracy,precision,recall,f1_score
dstc2,current,0-all,LR.pen=l1.C=1.000000,0.64301243851,0.51248492704,0.473952591688,0.478679063814
dstc3,current,0-all,LR.pen=l1.C=1.000000,0.61861508786,0.497928420332,0.462207492833,0.467684702525
family,current,0-all,LR.pen=l1.C=1.000000,0.737303176796,0.493498243172,0.382424176724,0.405580712098
ghome,current,0-all,LR.pen=l1.C=1.000000,0.772373362122,0.513620812107,0.373294681335,0.401887246487
