dataset,context_set,feature_set,model,test_round,accuracy,precision,recall,f1_score
dstc2,next,8-skipthought w/ similarity,LR.pen=l1.C=1.000000,0,0.791593695271,0.57592054798,0.575251911176,0.572222176347
dstc3,next,8-skipthought w/ similarity,LR.pen=l1.C=1.000000,0,0.724662162162,0.763325764,0.522109775033,0.527518330632
family,next,8-skipthought w/ similarity,LR.pen=l1.C=1.000000,0,0.803977272727,0.719489966555,0.512328874025,0.539484980428
