dataset,context_set,feature_set,model,accuracy,precision,recall,f1_score
dstc2,current,4-syntactic,LR.pen=l1.C=1.000000,0.583353376807,0.414085261191,0.413472016019,0.397672647338
dstc3,current,4-syntactic,LR.pen=l1.C=1.000000,0.562797141201,0.450693346095,0.393113971087,0.379174633073
family,current,4-syntactic,LR.pen=l1.C=1.000000,0.719692365645,0.408614049845,0.306670706374,0.305302224227
ghome,current,4-syntactic,LR.pen=l1.C=1.000000,0.759330666159,0.431739692518,0.303336851613,0.311680730947
