dataset,context_set,feature_set,model,accuracy,precision,recall,f1_score
dstc2,current,9-[2+1.3.4],LR.pen=l1.C=1.000000,0.792505215089,0.681273039614,0.624555352986,0.638296463953
dstc3,current,9-[2+1.3.4],LR.pen=l1.C=1.000000,0.776742819552,0.671413304925,0.604630078065,0.619930352285
family,current,9-[2+1.3.4],LR.pen=l1.C=1.000000,0.87710980663,0.756594206886,0.674477163058,0.695263828051
ghome,current,9-[2+1.3.4],LR.pen=l1.C=1.000000,0.886194830761,0.672175564159,0.580003498978,0.60738975872
