dataset,context_set,feature_set,model,accuracy,precision,recall,f1_score
dstc2,current,1-basic,LR.pen=l1.C=1.000000,0.652031224784,0.451806539022,0.445117516486,0.430167327306
dstc3,current,1-basic,LR.pen=l1.C=1.000000,0.624239809116,0.564346469284,0.430818836033,0.4257101581
family,current,1-basic,LR.pen=l1.C=1.000000,0.716702975892,0.504800896611,0.289712879523,0.283916635388
ghome,current,1-basic,LR.pen=l1.C=1.000000,0.756320145636,0.408218299026,0.272437987938,0.261408984987
