dataset,context_set,feature_set,model,accuracy,precision,recall,f1_score
dstc2,next,11-[6+1.3.4],LR.pen=l1.C=1.000000,0.818808210253,0.721474228981,0.695833829559,0.705277529838
dstc3,next,11-[6+1.3.4],LR.pen=l1.C=1.000000,0.79037452056,0.703853087385,0.675720663197,0.686532029361
family,next,11-[6+1.3.4],LR.pen=l1.C=1.000000,0.847178867403,0.688674375567,0.664305900498,0.673437966912
ghome,next,11-[6+1.3.4],LR.pen=l1.C=1.000000,0.867405008361,0.636600669083,0.591766281586,0.602621344275
