dataset,context_set,feature_set,model,accuracy,precision,recall,f1_score
dstc2,last,18-[8+1.2.3.4],LR.pen=l1.C=1.000000,0.623927484863,0.473875558814,0.458918483627,0.460759467229
dstc3,last,18-[8+1.2.3.4],LR.pen=l1.C=1.000000,0.605565739006,0.485385952952,0.448202371833,0.45344891324
family,last,18-[8+1.2.3.4],LR.pen=l1.C=1.000000,0.738246798091,0.522568790783,0.365131140777,0.388574994551
ghome,last,18-[8+1.2.3.4],LR.pen=l1.C=1.000000,0.764284837324,0.497491828301,0.336298940936,0.358195526761
