dataset,context_set,feature_set,model,accuracy,precision,recall,f1_score
dstc2,last,18-[8+1.2.3.4],LR.pen=l1.C=1.000000,0.623364374817,0.477249044317,0.460001427859,0.462477695104
dstc3,last,18-[8+1.2.3.4],LR.pen=l1.C=1.000000,0.605575104808,0.481803588613,0.447523121688,0.451998856508
family,last,18-[8+1.2.3.4],LR.pen=l1.C=1.000000,0.738813410347,0.519436594632,0.365449583646,0.388759267196
ghome,last,18-[8+1.2.3.4],LR.pen=l1.C=1.000000,0.764849177621,0.495601225449,0.33628797825,0.357954745183
