dataset,A-precision,A-recall,A-f1-score,A-support,C-precision,C-recall,C-f1-score,C-support,F-precision,F-recall,F-f1-score,F-support,R-precision,R-recall,R-f1-score,R-support
dstc2,0.532395,0.285179,0.363399,14.200000,0.768572,0.776374,0.772115,164.500000,0.887299,0.925543,0.905947,268.300000,0.746461,0.706049,0.725236,125.500000
dstc3,0.610853,0.395286,0.474888,20.800000,0.764361,0.778509,0.771058,169.300000,0.879244,0.937411,0.907321,281.200000,0.655374,0.576903,0.613068,122.100000
family,0.441723,0.317357,0.364997,23.200000,0.622184,0.585185,0.600263,27.000000,0.915706,0.957452,0.936031,250.100000,0.604876,0.563175,0.581702,52.700000
ghome,0.615902,0.598538,0.606073,59.500000,0.313160,0.220952,0.253279,12.200000,0.947064,0.961966,0.954409,396.600000,0.611727,0.597916,0.603414,55.800000
all,0.550218,0.399090,0.452339,29.425000,0.617069,0.590255,0.599179,93.250000,0.907328,0.945593,0.925927,299.050000,0.654610,0.611011,0.630855,89.025000
