dataset,context_set,feature_set,model,accuracy,precision,recall,f1_score
dstc2,next,16-[6+1.2.3.4],LR.pen=l1.C=1.000000,0.795892004327,0.711089655624,0.658122087466,0.673771633126
dstc3,next,16-[6+1.2.3.4],LR.pen=l1.C=1.000000,0.769691374543,0.693679470073,0.643518261482,0.661449954809
family,next,16-[6+1.2.3.4],LR.pen=l1.C=1.000000,0.840740833752,0.670433092987,0.637139571907,0.650027548833
ghome,next,16-[6+1.2.3.4],LR.pen=l1.C=1.000000,0.851553523422,0.596368828333,0.563649028981,0.573871959918
