dataset,context_set,feature_set,model,accuracy,precision,recall,f1_score
dstc2,current,13-[8+1.3.4],LR.pen=l1.C=1.000000,0.790861670143,0.682543855245,0.631684147773,0.645851293136
dstc3,current,13-[8+1.3.4],LR.pen=l1.C=1.000000,0.773724355544,0.658117274482,0.617912405334,0.629829210308
family,current,13-[8+1.3.4],LR.pen=l1.C=1.000000,0.87559612004,0.768271015554,0.672671875015,0.697992601785
ghome,current,13-[8+1.3.4],LR.pen=l1.C=1.000000,0.88916407358,0.68199474328,0.603736918579,0.626211330531
