dataset,context_set,feature_set,model,accuracy,precision,recall,f1_score
dstc2,next,17-[7+1.2.3.4],LR.pen=l1.C=1.000000,0.823640998667,0.767798204402,0.685104962688,0.707942149084
dstc3,next,17-[7+1.2.3.4],LR.pen=l1.C=1.000000,0.79629526804,0.754176133103,0.65457751947,0.680723700986
family,next,17-[7+1.2.3.4],LR.pen=l1.C=1.000000,0.874241901055,0.74343200265,0.664649350129,0.684153855715
ghome,next,17-[7+1.2.3.4],LR.pen=l1.C=1.000000,0.893161872103,0.695934562192,0.587672891219,0.612561308741
