dataset,context_set,feature_set,model,accuracy,precision,recall,f1_score
dstc2,current,14-[1.3.4],LR.pen=l1.C=1.000000,0.657420847205,0.511828748294,0.473988559175,0.47423633898
dstc3,current,14-[1.3.4],LR.pen=l1.C=1.000000,0.638548523771,0.54531544957,0.474061701402,0.483375927499
family,current,14-[1.3.4],LR.pen=l1.C=1.000000,0.73461828227,0.493002782182,0.377578794303,0.398237243324
ghome,current,14-[1.3.4],LR.pen=l1.C=1.000000,0.762534239326,0.46958739424,0.354927560856,0.378361945082
