dataset,context_set,feature_set,model,accuracy,precision,recall,f1_score
dstc2,next,13-[8+1.3.4],LR.pen=l1.C=1.000000,0.806831019169,0.718195289004,0.679233026902,0.692626689429
dstc3,next,13-[8+1.3.4],LR.pen=l1.C=1.000000,0.794562929266,0.713382440729,0.683747775037,0.694740739284
family,next,13-[8+1.3.4],LR.pen=l1.C=1.000000,0.846028063787,0.690124638619,0.663975709107,0.673933277517
ghome,next,13-[8+1.3.4],LR.pen=l1.C=1.000000,0.869965919434,0.646318972948,0.590848358864,0.602700074506
