dataset,context_set,feature_set,model,accuracy,precision,recall,f1_score
dstc2,last,5-lda,LR.pen=l1.C=1.000000,0.606141252697,0.44294534773,0.43379416339,0.427805295121
dstc3,last,5-lda,LR.pen=l1.C=1.000000,0.595097448934,0.427335464377,0.416664689632,0.403982025433
family,last,5-lda,LR.pen=l1.C=1.000000,0.700313912607,0.419142004907,0.296004368261,0.296955188227
ghome,last,5-lda,LR.pen=l1.C=1.000000,0.751592896001,0.371960667949,0.271226126469,0.260821160844
