dataset,context_set,feature_set,model,accuracy,precision,recall,f1_score
dstc2,current,8-skipthought,LR.pen=l1.C=1.000000,0.576155956558,0.448685358791,0.412625427771,0.414615558058
dstc3,current,8-skipthought,LR.pen=l1.C=1.000000,0.553925274284,0.426069454453,0.400856263361,0.399330568428
family,current,8-skipthought,LR.pen=l1.C=1.000000,0.687056127574,0.363840744856,0.292679189193,0.291982657112
ghome,current,8-skipthought,LR.pen=l1.C=1.000000,0.718414724498,0.387857800672,0.341703574849,0.353403270164
