dataset,context_set,feature_set,model,test_round,accuracy,precision,recall,f1_score
dstc2,next,8-skipthought w/ similarity,LR.pen=l1.C=1.000000,0,0.775831873905,0.672651515152,0.649007592699,0.659266838274
dstc3,next,8-skipthought w/ similarity,LR.pen=l1.C=1.000000,0,0.733108108108,0.635292557717,0.632111957592,0.632249234881
family,next,8-skipthought w/ similarity,LR.pen=l1.C=1.000000,0,0.795454545455,0.590989367775,0.582432491019,0.586498742678
