dataset,context_set,feature_set,model,accuracy,precision,recall,f1_score
dstc2,next,10-[5+1.3.4],LR.pen=l1.C=2.000000,0.763351523882,0.677568744138,0.626800927575,0.642600352278
dstc3,next,10-[5+1.3.4],LR.pen=l1.C=2.000000,0.724677214343,0.648504224116,0.601380427676,0.617706172409
family,next,10-[5+1.3.4],LR.pen=l1.C=2.000000,0.864614201406,0.714848380269,0.644842469191,0.660500620027
ghome,next,10-[5+1.3.4],LR.pen=l1.C=2.000000,0.867004297115,0.634279579149,0.533669292585,0.555296985761
