dataset,context_set,feature_set,model,accuracy,precision,recall,f1_score
dstc2,next,13-[8+1.3.4],LR.pen=l1.C=1.000000,0.828743178544,0.795498818344,0.691625781977,0.718993091207
dstc3,next,13-[8+1.3.4],LR.pen=l1.C=1.000000,0.816096913745,0.765340546481,0.686940058911,0.711728664729
family,next,13-[8+1.3.4],LR.pen=l1.C=1.000000,0.88217604219,0.773644398972,0.702976601127,0.728694042516
ghome,next,13-[8+1.3.4],LR.pen=l1.C=1.000000,0.887733113186,0.707546869172,0.602703816471,0.634248945469
