dataset,context_set,feature_set,model,accuracy,precision,recall,f1_score
dstc2,current,3-phrasal,LR.pen=l1.C=1.000000,0.591039491223,0.415459348948,0.413968333256,0.395272085901
dstc3,current,3-phrasal,LR.pen=l1.C=1.000000,0.588191285345,0.439020388578,0.413681382717,0.39969886493
family,current,3-phrasal,LR.pen=l1.C=1.000000,0.702150929181,0.397177774647,0.316987807873,0.32330377442
ghome,current,3-phrasal,LR.pen=l1.C=1.000000,0.75834783345,0.432129839807,0.336410816457,0.353829050869
