dataset,context_set,feature_set,model,accuracy,precision,recall,f1_score
dstc2,next,17-[7+1.2.3.4],LR.pen=l1.C=1.000000,0.836614226882,0.753600031585,0.70613017126,0.72164818141
dstc3,next,17-[7+1.2.3.4],LR.pen=l1.C=1.000000,0.803877887789,0.718710576909,0.680570012885,0.694488729099
family,next,17-[7+1.2.3.4],LR.pen=l1.C=1.000000,0.857203980412,0.703262277533,0.672703185673,0.683797025328
ghome,next,17-[7+1.2.3.4],LR.pen=l1.C=1.000000,0.88138925933,0.668184819507,0.612849377365,0.630102339812
