dataset,A-precision,A-recall,A-f1-score,A-support,C-precision,C-recall,C-f1-score,C-support,F-precision,F-recall,F-f1-score,F-support,R-precision,R-recall,R-f1-score,R-support
dstc2,0.879857,0.280179,0.408236,14.200000,0.724747,0.785040,0.751626,164.500000,0.902470,0.922257,0.911846,268.300000,0.697613,0.632289,0.658785,125.500000
dstc3,0.783875,0.361429,0.482440,20.800000,0.718156,0.765363,0.738307,169.300000,0.875593,0.951923,0.911901,281.200000,0.597343,0.463076,0.513330,122.100000
family,0.667130,0.381600,0.476812,23.200000,0.718447,0.697037,0.700769,27.000000,0.939561,0.986565,0.962412,250.100000,0.704695,0.666460,0.682187,52.700000
ghome,0.637935,0.616086,0.623748,59.500000,0.496063,0.252857,0.312125,12.200000,0.955739,0.983404,0.969308,396.600000,0.613493,0.564012,0.583574,55.800000
all,0.742199,0.409823,0.497809,29.425000,0.664353,0.625074,0.625706,93.250000,0.918341,0.961037,0.938867,299.050000,0.653286,0.581459,0.609469,89.025000
