dataset,context_set,feature_set,model,test_round,accuracy,precision,recall,f1_score
dstc2,next,12-[7+1.3.4] w/ similarity,LR.pen=l1.C=1.000000,0,0.84938704028,0.782829695545,0.717220188257,0.740640483866
dstc2,next,12-[7+1.3.4] w/ similarity,LR.pen=l1.C=1.000000,1,0.800350262697,0.746788369449,0.658784232149,0.683671837856
dstc3,next,12-[7+1.3.4] w/ similarity,LR.pen=l1.C=1.000000,0,0.790540540541,0.759798132902,0.71291871215,0.732618788256
dstc3,next,12-[7+1.3.4] w/ similarity,LR.pen=l1.C=1.000000,1,0.771959459459,0.680101185152,0.649674790952,0.662397251596
family,next,12-[7+1.3.4] w/ similarity,LR.pen=l1.C=1.000000,0,0.880681818182,0.724908581677,0.679151678434,0.694203899683
family,next,12-[7+1.3.4] w/ similarity,LR.pen=l1.C=1.000000,1,0.877840909091,0.75902764367,0.678416202155,0.689778929175
ghome,next,12-[7+1.3.4] w/ similarity,LR.pen=l1.C=1.000000,0,0.883141762452,0.735227272727,0.591961992809,0.624401535729
ghome,next,12-[7+1.3.4] w/ similarity,LR.pen=l1.C=1.000000,1,0.883141762452,0.661890734722,0.585259373395,0.60427851762
