dataset,context_set,feature_set,model,test_round,accuracy,precision,recall,f1_score
dstc3,next,12-[7+1.3.4] w/ similarity,LR.pen=l1.C=1.000000,0,0.790540540541,0.759798132902,0.71291871215,0.732618788256
dstc3,next,12-[7+1.3.4] w/ similarity,LR.pen=l1.C=1.000000,1,0.771959459459,0.680101185152,0.649674790952,0.662397251596
