dataset,context_set,feature_set,model,test_round,accuracy,precision,recall,f1_score
family,next,12-[7+1.3.4] w/ similarity,LR.pen=l1.C=1.000000,0,0.880681818182,0.724908581677,0.679151678434,0.694203899683
family,next,12-[7+1.3.4] w/ similarity,LR.pen=l1.C=1.000000,1,0.877840909091,0.75902764367,0.678416202155,0.689778929175
