dataset,context_set,feature_set,model,test_round,accuracy,precision,recall,f1_score
ghome,next,12-[7+1.3.4] w/ similarity,LR.pen=l1.C=1.000000,0,0.883141762452,0.735227272727,0.591961992809,0.624401535729
ghome,next,12-[7+1.3.4] w/ similarity,LR.pen=l1.C=1.000000,1,0.883141762452,0.661890734722,0.585259373395,0.60427851762
