dataset,context_set,feature_set,model,accuracy,precision,recall,f1_score
dstc2,current,14-[1.3.4],LR.pen=l1.C=1.000000,0.765366012564,0.621525495239,0.585143024939,0.594003651338
dstc3,current,14-[1.3.4],LR.pen=l1.C=1.000000,0.737008518419,0.588528760363,0.558727051888,0.565995682105
family,current,14-[1.3.4],LR.pen=l1.C=1.000000,0.862470806128,0.714334631721,0.637302754067,0.653112314265
ghome,current,14-[1.3.4],LR.pen=l1.C=1.000000,0.856877712157,0.597676375295,0.530282262939,0.548338130374
