dataset,context_set,feature_set,model,test_round,accuracy,precision,recall,f1_score
dstc2,next,12-[7+1.3.4] w/ similarity,LR.pen=l1.C=1.000000,0,0.851138353765,0.803829886527,0.752477247907,0.773456333552
dstc2,next,12-[7+1.3.4] w/ similarity,LR.pen=l1.C=1.000000,1,0.821366024518,0.748552754435,0.662170991731,0.682455602475
dstc3,next,12-[7+1.3.4] w/ similarity,LR.pen=l1.C=1.000000,0,0.819256756757,0.740744838738,0.722309329443,0.729590081802
dstc3,next,12-[7+1.3.4] w/ similarity,LR.pen=l1.C=1.000000,1,0.810810810811,0.683765805575,0.669690258728,0.674344591403
family,next,12-[7+1.3.4] w/ similarity,LR.pen=l1.C=1.000000,0,0.869318181818,0.741076884883,0.680949027623,0.706219083378
family,next,12-[7+1.3.4] w/ similarity,LR.pen=l1.C=1.000000,1,0.877840909091,0.758764022436,0.706093273876,0.722666680046
ghome,next,12-[7+1.3.4] w/ similarity,LR.pen=l1.C=1.000000,0,0.867816091954,0.65900110637,0.574552730697,0.595843553497
ghome,next,12-[7+1.3.4] w/ similarity,LR.pen=l1.C=1.000000,1,0.858237547893,0.599464289191,0.554183787023,0.566259340272
