dataset,context_set,feature_set,model,test_round,accuracy,precision,recall,f1_score
dstc3,next,12-[7+1.3.4] w/ similarity,LR.pen=l1.C=1.000000,0,0.819256756757,0.740744838738,0.722309329443,0.729590081802
dstc3,next,12-[7+1.3.4] w/ similarity,LR.pen=l1.C=1.000000,1,0.810810810811,0.683765805575,0.669690258728,0.674344591403
