dataset,context_set,feature_set,model,accuracy,precision,recall,f1_score
dstc2,all,7-d2v,LR.pen=l1.C=1.000000,0.774843786423,0.67266583134,0.615538221294,0.630038598813
dstc3,all,7-d2v,LR.pen=l1.C=1.000000,0.748492886451,0.647112199453,0.60113278382,0.614821647502
family,all,7-d2v,LR.pen=l1.C=1.000000,0.783077285284,0.571754654454,0.548798321719,0.557261998924
ghome,all,7-d2v,LR.pen=l1.C=1.000000,0.84162020279,0.571916524089,0.530786228815,0.545831141657
