dataset,A-precision,A-recall,A-f1-score,A-support,C-precision,C-recall,C-f1-score,C-support,F-precision,F-recall,F-f1-score,F-support,R-precision,R-recall,R-f1-score,R-support
dstc2,0.581289,0.286786,0.373339,14.200000,0.703726,0.725848,0.714353,164.500000,0.900642,0.917634,0.908964,268.300000,0.627858,0.611649,0.619231,125.500000
dstc3,0.603187,0.370857,0.453416,20.800000,0.684446,0.691206,0.687495,169.300000,0.872183,0.907896,0.889555,281.200000,0.487328,0.465389,0.475597,122.100000
family,0.572753,0.254087,0.345962,23.200000,0.662330,0.738519,0.696256,27.000000,0.928245,0.992804,0.959396,250.100000,0.703527,0.600319,0.646971,52.700000
ghome,0.608898,0.582659,0.593838,59.500000,0.456000,0.113571,0.176630,12.200000,0.937719,0.984867,0.960679,396.600000,0.588030,0.505160,0.541464,55.800000
all,0.591532,0.373597,0.441639,29.425000,0.626626,0.567286,0.568683,93.250000,0.909697,0.950800,0.929649,299.050000,0.601686,0.545629,0.570816,89.025000
