dataset,context_set,feature_set,model,accuracy,precision,recall,f1_score
dstc2,next,12-[7+1.3.4],LR.pen=l1.C=1.000000,0.779794205723,0.703378607422,0.635479200281,0.653971763829
dstc3,next,12-[7+1.3.4],LR.pen=l1.C=1.000000,0.736169387209,0.661786129401,0.608836967958,0.626515879656
family,next,12-[7+1.3.4],LR.pen=l1.C=1.000000,0.866195693119,0.716713922893,0.646432101838,0.662146281678
ghome,next,12-[7+1.3.4],LR.pen=l1.C=1.000000,0.867870705531,0.647661853498,0.546564269062,0.568152776979
