dataset,context_set,feature_set,model,accuracy,precision,recall,f1_score
dstc2,next,16-[6+1.2.3.4],LR.pen=l1.C=1.000000,0.838058373131,0.755550568236,0.714022306084,0.728479427923
dstc3,next,16-[6+1.2.3.4],LR.pen=l1.C=1.000000,0.810529613772,0.730547997342,0.694332135204,0.707705384225
family,next,16-[6+1.2.3.4],LR.pen=l1.C=1.000000,0.856280763435,0.698544054786,0.665465835405,0.678355987242
ghome,next,16-[6+1.2.3.4],LR.pen=l1.C=1.000000,0.886782667598,0.677122143876,0.623955407906,0.642413510544
