dataset,context_set,feature_set,model,accuracy,precision,recall,f1_score
dstc2,all,18-[8+1.2.3.4],LR.pen=l1.C=1.000000,0.78862357519,0.735633550419,0.630341570819,0.652019209397
dstc3,all,18-[8+1.2.3.4],LR.pen=l1.C=1.000000,0.770645905807,0.720818768865,0.599507638578,0.62240361461
family,all,18-[8+1.2.3.4],LR.pen=l1.C=1.000000,0.863154193872,0.712746214615,0.63763354655,0.649124236827
ghome,all,18-[8+1.2.3.4],LR.pen=l1.C=1.000000,0.869026057873,0.629784454853,0.529312011412,0.548308397295
