dataset,A-precision,A-recall,A-f1-score,A-support,C-precision,C-recall,C-f1-score,C-support,F-precision,F-recall,F-f1-score,F-support,R-precision,R-recall,R-f1-score,R-support
dstc2,0.533154,0.320179,0.393266,14.200000,0.709070,0.714851,0.711363,164.500000,0.880361,0.907269,0.893527,268.300000,0.613840,0.592708,0.602322,125.500000
dstc3,0.532925,0.389714,0.445081,20.800000,0.670214,0.682610,0.676056,169.300000,0.875189,0.906191,0.890321,281.200000,0.482555,0.451918,0.466066,122.100000
family,0.434718,0.314087,0.361707,23.200000,0.634584,0.603704,0.615095,27.000000,0.896487,0.936347,0.915882,250.100000,0.521151,0.480372,0.498272,52.700000
ghome,0.572631,0.540943,0.555396,59.500000,0.326769,0.168095,0.215022,12.200000,0.943213,0.967663,0.955249,396.600000,0.512679,0.502476,0.506906,55.800000
all,0.518357,0.391231,0.438863,29.425000,0.585159,0.542315,0.554384,93.250000,0.898812,0.929368,0.913745,299.050000,0.532556,0.506868,0.518391,89.025000
