dataset,context_set,feature_set,model,accuracy,precision,recall,f1_score
dstc2,next,8-skipthought,LR.pen=l1.C=1.000000,0.768486996647,0.684106193957,0.633751497213,0.650119526181
dstc3,next,8-skipthought,LR.pen=l1.C=1.000000,0.730800107038,0.640220621331,0.607608508064,0.619380852434
family,next,8-skipthought,LR.pen=l1.C=1.000000,0.801993345053,0.621735233983,0.58362741204,0.597738786763
ghome,next,8-skipthought,LR.pen=l1.C=1.000000,0.851126140429,0.588822940818,0.544794356084,0.55814312901
