dataset,context_set,feature_set,model,test_round,accuracy,precision,recall,f1_score
dstc2,next,14-[1.3.4] w/ similarity,LR.pen=l1.C=1.000000,0,0.84588441331,0.788757062147,0.726467393,0.750047324106
dstc2,next,14-[1.3.4] w/ similarity,LR.pen=l1.C=1.000000,1,0.802101576182,0.708026198244,0.615103411514,0.621260336301
dstc3,next,14-[1.3.4] w/ similarity,LR.pen=l1.C=1.000000,0,0.824324324324,0.846605579682,0.706395730469,0.748782687095
dstc3,next,14-[1.3.4] w/ similarity,LR.pen=l1.C=1.000000,1,0.820945945946,0.822663669594,0.691256939916,0.730906576128
family,next,14-[1.3.4] w/ similarity,LR.pen=l1.C=1.000000,0,0.872159090909,0.723212954681,0.6815696767,0.698430339531
family,next,14-[1.3.4] w/ similarity,LR.pen=l1.C=1.000000,1,0.892045454545,0.876715876716,0.737481357612,0.773634356258
ghome,next,14-[1.3.4] w/ similarity,LR.pen=l1.C=1.000000,0,0.875478927203,0.665518606492,0.570482366033,0.603530546404
ghome,next,14-[1.3.4] w/ similarity,LR.pen=l1.C=1.000000,1,0.877394636015,0.65813253012,0.589143554186,0.615362004758
