dataset,context_set,feature_set,model,test_round,accuracy,precision,recall,f1_score
dstc2,next,14-[1.3.4] w/ similarity,LR.pen=l1.C=1.000000,0,0.84588441331,0.788757062147,0.726467393,0.750047324106
dstc2,next,14-[1.3.4] w/ similarity,LR.pen=l1.C=1.000000,1,0.802101576182,0.708026198244,0.615103411514,0.621260336301
