dataset,context_set,feature_set,model,test_round,accuracy,precision,recall,f1_score
dstc3,next,14-[1.3.4] w/ similarity,LR.pen=l1.C=1.000000,0,0.824324324324,0.846605579682,0.706395730469,0.748782687095
dstc3,next,14-[1.3.4] w/ similarity,LR.pen=l1.C=1.000000,1,0.820945945946,0.822663669594,0.691256939916,0.730906576128
