dataset,context_set,feature_set,model,test_round,accuracy,precision,recall,f1_score
family,next,14-[1.3.4] w/ similarity,LR.pen=l1.C=1.000000,0,0.872159090909,0.723212954681,0.6815696767,0.698430339531
family,next,14-[1.3.4] w/ similarity,LR.pen=l1.C=1.000000,1,0.892045454545,0.876715876716,0.737481357612,0.773634356258
