dataset,context_set,feature_set,model,test_round,accuracy,precision,recall,f1_score
ghome,next,14-[1.3.4] w/ similarity,LR.pen=l1.C=1.000000,0,0.875478927203,0.665518606492,0.570482366033,0.603530546404
ghome,next,14-[1.3.4] w/ similarity,LR.pen=l1.C=1.000000,1,0.877394636015,0.65813253012,0.589143554186,0.615362004758
