dataset,context_set,feature_set,model,accuracy,precision,recall,f1_score
dstc2,next,11-[6+1.3.4],LR.pen=l1.C=2.000000,0.821699252255,0.726933200572,0.701085872457,0.710165762572
dstc3,next,11-[6+1.3.4],LR.pen=l1.C=2.000000,0.791281999822,0.706242369333,0.67526607015,0.686541621724
family,next,11-[6+1.3.4],LR.pen=l1.C=2.000000,0.851557006529,0.697497232731,0.670199661082,0.680372900692
ghome,next,11-[6+1.3.4],LR.pen=l1.C=2.000000,0.867671725831,0.625024301068,0.589084420832,0.598487195181
