dataset,context_set,feature_set,model,accuracy,precision,recall,f1_score
dstc2,all,2-lexical,Random forest.#tree=256,0.838723932028,0.803108220423,0.651096162978,0.670469231662
dstc3,all,2-lexical,Random forest.#tree=256,0.796442333423,0.733814959363,0.583905552556,0.59539223847
family,all,2-lexical,Random forest.#tree=256,0.857874811652,0.721076523006,0.618070449832,0.641478391074
ghome,all,2-lexical,Random forest.#tree=256,0.872941300989,0.658669462182,0.538819063851,0.569268228973
