dataset,context_set,feature_set,model,accuracy,precision,recall,f1_score
dstc2,last,13-[8+1.3.4],LR.pen=l1.C=1.000000,0.619117230414,0.46959209997,0.456712074073,0.458070453382
dstc3,last,13-[8+1.3.4],LR.pen=l1.C=1.000000,0.586527071626,0.460196530748,0.44005644474,0.444603608157
family,last,13-[8+1.3.4],LR.pen=l1.C=1.000000,0.729356165244,0.478973661376,0.353684864087,0.371866723012
ghome,last,13-[8+1.3.4],LR.pen=l1.C=1.000000,0.754445714528,0.466919273381,0.336218636136,0.356109602907
