dataset,context_set,feature_set,model,accuracy,precision,recall,f1_score
dstc2,next,18-[8+1.2.3.4],LR.pen=l1.C=1.000000,0.828145042229,0.779357572437,0.68623249813,0.709980719074
dstc3,next,18-[8+1.2.3.4],LR.pen=l1.C=1.000000,0.799403376148,0.756618874731,0.664023898936,0.690402384864
family,next,18-[8+1.2.3.4],LR.pen=l1.C=1.000000,0.871754457559,0.738149620325,0.656775029014,0.675678233868
ghome,next,18-[8+1.2.3.4],LR.pen=l1.C=1.000000,0.898316504731,0.709647298932,0.59822475627,0.622643799195
