dataset,context_set,feature_set,model,accuracy,precision,recall,f1_score
dstc2,all,1-basic,LR.pen=l1.C=1.000000,0.711463870941,0.574125576896,0.50556432017,0.50105231672
dstc3,all,1-basic,LR.pen=l1.C=1.000000,0.681653398448,0.588063526807,0.48384754796,0.478680845914
family,all,1-basic,LR.pen=l1.C=1.000000,0.716572074335,0.474380289459,0.306460188142,0.309371659906
ghome,all,1-basic,LR.pen=l1.C=1.000000,0.758576236744,0.472252142513,0.292111291475,0.296114287348
