dataset,context_set,feature_set,model,accuracy,precision,recall,f1_score
dstc2,all,3-phrasal,LR.pen=l1.C=1.000000,0.789469585124,0.666907388435,0.619649087162,0.631739363663
dstc3,all,3-phrasal,LR.pen=l1.C=1.000000,0.768042993489,0.673779046641,0.624342061181,0.639026787413
family,all,3-phrasal,LR.pen=l1.C=1.000000,0.858951217981,0.715337104984,0.637733829836,0.647959305174
ghome,all,3-phrasal,LR.pen=l1.C=1.000000,0.833848563748,0.55922974446,0.477030606914,0.49723951375
