dataset,context_set,feature_set,model,accuracy,precision,recall,f1_score
dstc2,last,2-lexical,LR.pen=l1.C=1.000000,0.5865677842,0.422138702906,0.420576322661,0.418715660063
dstc3,last,2-lexical,LR.pen=l1.C=1.000000,0.567002720542,0.417297976826,0.408743823613,0.408579306902
family,last,2-lexical,LR.pen=l1.C=1.000000,0.696244977398,0.400719395621,0.332555951823,0.344199961462
ghome,last,2-lexical,LR.pen=l1.C=1.000000,0.74183908046,0.393315870876,0.331685858257,0.344745343582
