dataset,context_set,feature_set,model,accuracy,precision,recall,f1_score
dstc2,all,4-syntactic,LR.pen=l1.C=1.000000,0.748472472102,0.641197637948,0.600978028565,0.613318411287
dstc3,all,4-syntactic,LR.pen=l1.C=1.000000,0.732395972705,0.613924377183,0.581520759495,0.591383810865
family,all,4-syntactic,LR.pen=l1.C=1.000000,0.842636238071,0.655450789554,0.600213442147,0.616652314332
ghome,all,4-syntactic,LR.pen=l1.C=1.000000,0.846808704303,0.558852116064,0.51027754458,0.525611060698
