dataset,context_set,feature_set,model,accuracy,precision,recall,f1_score
dstc2,next,18-[8+1.2.3.4],LR.pen=l1.C=1.000000,0.808643419425,0.765406048494,0.67297410645,0.698477928835
dstc3,next,18-[8+1.2.3.4],LR.pen=l1.C=1.000000,0.771230599411,0.708966523569,0.636656225616,0.658389597915
family,next,18-[8+1.2.3.4],LR.pen=l1.C=1.000000,0.862322639377,0.718301782529,0.657291090892,0.679130574079
ghome,next,18-[8+1.2.3.4],LR.pen=l1.C=1.000000,0.867235452255,0.628304619415,0.562251615739,0.584513032928
