dataset,context_set,feature_set,model,accuracy,precision,recall,f1_score
dstc2,current,17-[7+1.2.3.4],LR.pen=l1.C=1.000000,0.64715540068,0.515857613912,0.473540677062,0.477349623511
dstc3,current,17-[7+1.2.3.4],LR.pen=l1.C=1.000000,0.62272734368,0.509019981967,0.465377686694,0.472947118274
family,current,17-[7+1.2.3.4],LR.pen=l1.C=1.000000,0.730994475138,0.480604727733,0.369729407849,0.390151392659
ghome,current,17-[7+1.2.3.4],LR.pen=l1.C=1.000000,0.765192523444,0.494193468595,0.35631095278,0.381894739694
