dataset,context_set,feature_set,model,accuracy,precision,recall,f1_score
dstc2,current,3-phrasal,LR.pen=l1.C=1.000000,0.590969438683,0.415225653551,0.41382627179,0.39505045786
dstc3,current,3-phrasal,LR.pen=l1.C=1.000000,0.588294197663,0.439365659458,0.413699426821,0.399777876007
family,current,3-phrasal,LR.pen=l1.C=1.000000,0.701751632346,0.395775974129,0.316492738721,0.322493396203
ghome,current,3-phrasal,LR.pen=l1.C=1.000000,0.758688215745,0.433365021665,0.336739274869,0.354447481862
