dataset,context_set,feature_set,model,test_round,accuracy,precision,recall,f1_score
dstc2,next,9-[2+1.3.4] w/ similarity,LR.pen=l1.C=1.000000,0,0.84938704028,0.872702048819,0.710457538094,0.752154373397
dstc2,next,9-[2+1.3.4] w/ similarity,LR.pen=l1.C=1.000000,1,0.824868651489,0.772965506328,0.676924203027,0.704995597623
dstc3,next,9-[2+1.3.4] w/ similarity,LR.pen=l1.C=1.000000,0,0.790540540541,0.76163859164,0.668246261688,0.69784411554
dstc3,next,9-[2+1.3.4] w/ similarity,LR.pen=l1.C=1.000000,1,0.797297297297,0.746098590399,0.664832662715,0.690418205484
family,next,9-[2+1.3.4] w/ similarity,LR.pen=l1.C=1.000000,0,0.869318181818,0.707713622584,0.642644927536,0.648132586368
family,next,9-[2+1.3.4] w/ similarity,LR.pen=l1.C=1.000000,1,0.880681818182,0.843929391504,0.693416016351,0.733156680619
ghome,next,9-[2+1.3.4] w/ similarity,LR.pen=l1.C=1.000000,0,0.877394636015,0.578381334306,0.5357644239,0.548390163963
ghome,next,9-[2+1.3.4] w/ similarity,LR.pen=l1.C=1.000000,1,0.885057471264,0.581818181818,0.551480910803,0.556247214795
