dataset,context_set,feature_set,model,test_round,accuracy,precision,recall,f1_score
dstc3,next,9-[2+1.3.4] w/ similarity,LR.pen=l1.C=1.000000,0,0.790540540541,0.76163859164,0.668246261688,0.69784411554
dstc3,next,9-[2+1.3.4] w/ similarity,LR.pen=l1.C=1.000000,1,0.797297297297,0.746098590399,0.664832662715,0.690418205484
