dataset,context_set,feature_set,model,accuracy,precision,recall,f1_score
dstc2,next,9-[2+1.3.4],LR.pen=l1.C=1.000000,0.837127845884,0.822833777573,0.69369087056,0.72857498551
dstc3,next,9-[2+1.3.4],LR.pen=l1.C=1.000000,0.793918918919,0.75386859102,0.666539462202,0.694131160512
family,next,9-[2+1.3.4],LR.pen=l1.C=1.000000,0.875,0.775821507044,0.668030471944,0.690644633493
ghome,next,9-[2+1.3.4],LR.pen=l1.C=1.000000,0.88122605364,0.580099758062,0.543622667351,0.552318689379
