dataset,context_set,feature_set,model,accuracy,precision,recall,f1_score
dstc2,next,12-[7+1.3.4],LR.pen=l1.C=1.000000,0.821874383603,0.736688112621,0.691505447074,0.70667986468
dstc3,next,12-[7+1.3.4],LR.pen=l1.C=1.000000,0.80397923914,0.717535799358,0.681292059919,0.694591290209
family,next,12-[7+1.3.4],LR.pen=l1.C=1.000000,0.855957119538,0.700538590637,0.673301558813,0.682698230914
ghome,next,12-[7+1.3.4],LR.pen=l1.C=1.000000,0.877083465634,0.666378777765,0.593182916038,0.610374421199
