dataset,context_set,feature_set,model,accuracy,precision,recall,f1_score
dstc2,next,4-syntactic,LR.pen=l1.C=1.000000,0.749322128115,0.768778948823,0.559583837492,0.587101593651
dstc3,next,4-syntactic,LR.pen=l1.C=1.000000,0.753722348586,0.790358927263,0.553423436441,0.573582781827
family,next,4-syntactic,LR.pen=l1.C=1.000000,0.799480474636,0.693931143634,0.485822072752,0.533364464463
ghome,next,4-syntactic,LR.pen=l1.C=1.000000,0.84130183527,0.591463474421,0.508006314917,0.522030327195
