dataset,context_set,feature_set,model,accuracy,precision,recall,f1_score
dstc2,current,15-[5+1.2.3.4],LR.pen=l1.C=1.000000,0.646074965781,0.499773633576,0.469217422122,0.471603578377
dstc3,current,15-[5+1.2.3.4],LR.pen=l1.C=1.000000,0.624829743109,0.514400635627,0.462472320701,0.469384155788
family,current,15-[5+1.2.3.4],LR.pen=l1.C=1.000000,0.730451720241,0.476394670335,0.36611934758,0.385697033049
ghome,current,15-[5+1.2.3.4],LR.pen=l1.C=1.000000,0.766971274952,0.492277035396,0.358837204025,0.385182482296
