dataset,context_set,feature_set,model,accuracy,precision,recall,f1_score
dstc2,next,16-[6+1.2.3.4],LR.pen=l1.C=1.000000,0.825279104379,0.729361927956,0.701879728309,0.711734647116
dstc3,next,16-[6+1.2.3.4],LR.pen=l1.C=1.000000,0.793439479083,0.708291508634,0.677483611016,0.689108020919
family,next,16-[6+1.2.3.4],LR.pen=l1.C=1.000000,0.844699271723,0.68148321563,0.657101442099,0.666421478771
ghome,next,16-[6+1.2.3.4],LR.pen=l1.C=1.000000,0.869495988654,0.638283335504,0.607079678648,0.617023560663
