dataset,context_set,feature_set,model,accuracy,precision,recall,f1_score
dstc2,next,18-[8+1.2.3.4],LR.pen=l1.C=1.000000,0.807112125903,0.787549160784,0.666193089441,0.694845463149
dstc3,next,18-[8+1.2.3.4],LR.pen=l1.C=1.000000,0.768940326465,0.721811317508,0.622350671159,0.64874312383
family,next,18-[8+1.2.3.4],LR.pen=l1.C=1.000000,0.868002887996,0.733174207745,0.658479250196,0.683917519952
ghome,next,18-[8+1.2.3.4],LR.pen=l1.C=1.000000,0.863643021951,0.640898734161,0.554200132001,0.583682764375
