dataset,context_set,feature_set,model,accuracy,precision,recall,f1_score
dstc2,current,11-[6+1.3.4],LR.pen=l1.C=1.000000,0.655180959098,0.538139656311,0.481584727263,0.487256509701
dstc3,current,11-[6+1.3.4],LR.pen=l1.C=1.000000,0.631754080813,0.52780605117,0.473383391643,0.482652171891
family,current,11-[6+1.3.4],LR.pen=l1.C=1.000000,0.738295768458,0.49612889969,0.380777325798,0.40177288763
ghome,current,11-[6+1.3.4],LR.pen=l1.C=1.000000,0.766847441841,0.514538674932,0.38449296684,0.412654358569
