dataset,context_set,feature_set,model,accuracy,precision,recall,f1_score
dstc2,current,16-[6+1.2.3.4],LR.pen=l1.C=1.000000,0.648655254239,0.515502150618,0.475765115054,0.480272312987
dstc3,current,16-[6+1.2.3.4],LR.pen=l1.C=1.000000,0.624341940951,0.516967167577,0.468354268884,0.476656513585
family,current,16-[6+1.2.3.4],LR.pen=l1.C=1.000000,0.737841223004,0.493726996133,0.375192153436,0.397606407139
ghome,current,16-[6+1.2.3.4],LR.pen=l1.C=1.000000,0.77238077094,0.525389157175,0.372836023835,0.402226698024
