dataset,context_set,feature_set,model,accuracy,precision,recall,f1_score
dstc2,current,3-phrasal,LR.pen=l1.C=1.000000,0.747990233289,0.564179322801,0.544479533467,0.547158249222
dstc3,current,3-phrasal,LR.pen=l1.C=1.000000,0.730563620551,0.553679672843,0.529347238328,0.530654967825
family,current,3-phrasal,LR.pen=l1.C=1.000000,0.840368219488,0.657746991338,0.595764193561,0.6153860176
ghome,current,3-phrasal,LR.pen=l1.C=1.000000,0.825431299083,0.554850588776,0.507060545515,0.515136386953
