dataset,context_set,feature_set,model,accuracy,precision,recall,f1_score
dstc2,last,16-[6+1.2.3.4],LR.pen=l1.C=1.000000,0.629747284866,0.475969291451,0.461774492491,0.462660051846
dstc3,last,16-[6+1.2.3.4],LR.pen=l1.C=1.000000,0.606850860762,0.48413147941,0.448634082474,0.453089747127
family,last,16-[6+1.2.3.4],LR.pen=l1.C=1.000000,0.73570567554,0.496520126015,0.361344701663,0.381863680955
ghome,last,16-[6+1.2.3.4],LR.pen=l1.C=1.000000,0.769026904596,0.506571400996,0.346363034556,0.370432354313
