dataset,context_set,feature_set,model,accuracy,precision,recall,f1_score
dstc2,current,15-[5+1.2.3.4],LR.pen=l1.C=1.000000,0.646077655511,0.499748258708,0.469154415851,0.471551126757
dstc3,current,15-[5+1.2.3.4],LR.pen=l1.C=1.000000,0.625034787263,0.515189324067,0.462673610206,0.469545816917
family,current,15-[5+1.2.3.4],LR.pen=l1.C=1.000000,0.731018332496,0.477990023643,0.366894463713,0.386780433319
ghome,current,15-[5+1.2.3.4],LR.pen=l1.C=1.000000,0.766704557482,0.4914548472,0.358393872352,0.38438076801
