dataset,context_set,feature_set,model,accuracy,precision,recall,f1_score
dstc2,current,1-basic,LR.pen=l1.C=1.000000,0.651996198514,0.45178553369,0.445087028681,0.43014162849
dstc3,current,1-basic,LR.pen=l1.C=1.000000,0.624307376684,0.564426734444,0.430854423222,0.425748432079
family,current,1-basic,LR.pen=l1.C=1.000000,0.716702975892,0.504800896611,0.289712879523,0.283916635388
ghome,current,1-basic,LR.pen=l1.C=1.000000,0.756320145636,0.408218299026,0.272437987938,0.261408984987
