dataset,context_set,feature_set,model,test_round,accuracy,precision,recall,f1_score
dstc2,next,12-[7+1.3.4] w/ similarity,LR.pen=l1.C=1.000000,0,0.83887915937,0.816112107648,0.687228717042,0.719947223927
dstc2,next,12-[7+1.3.4] w/ similarity,LR.pen=l1.C=1.000000,1,0.789842381786,0.767136405243,0.696605933746,0.723908123686
dstc3,next,12-[7+1.3.4] w/ similarity,LR.pen=l1.C=1.000000,0,0.773648648649,0.731105216505,0.655870962697,0.681035039234
dstc3,next,12-[7+1.3.4] w/ similarity,LR.pen=l1.C=1.000000,1,0.773648648649,0.6959877758,0.640762420737,0.660123614384
family,next,12-[7+1.3.4] w/ similarity,LR.pen=l1.C=1.000000,0,0.855113636364,0.691816830593,0.590722903506,0.616115152059
family,next,12-[7+1.3.4] w/ similarity,LR.pen=l1.C=1.000000,1,0.875,0.765063247905,0.64561135885,0.669400435613
ghome,next,12-[7+1.3.4] w/ similarity,LR.pen=l1.C=1.000000,0,0.862068965517,0.793159625861,0.552148604691,0.574601179503
ghome,next,12-[7+1.3.4] w/ similarity,LR.pen=l1.C=1.000000,1,0.867816091954,0.526449528467,0.5277692176,0.523619857708
