dataset,context_set,feature_set,model,test_round,accuracy,precision,recall,f1_score
dstc3,next,12-[7+1.3.4] w/ similarity,LR.pen=l1.C=1.000000,0,0.773648648649,0.731105216505,0.655870962697,0.681035039234
dstc3,next,12-[7+1.3.4] w/ similarity,LR.pen=l1.C=1.000000,1,0.773648648649,0.6959877758,0.640762420737,0.660123614384
