dataset,context_set,feature_set,model,test_round,accuracy,precision,recall,f1_score
dstc2,next,12-[7+1.3.4] w/ similarity,LR.pen=l1.C=1.000000,0,0.83887915937,0.816112107648,0.687228717042,0.719947223927
dstc2,next,12-[7+1.3.4] w/ similarity,LR.pen=l1.C=1.000000,1,0.789842381786,0.767136405243,0.696605933746,0.723908123686
