dataset,context_set,feature_set,model,test_round,accuracy,precision,recall,f1_score
family,next,12-[7+1.3.4] w/ similarity,LR.pen=l1.C=1.000000,0,0.855113636364,0.691816830593,0.590722903506,0.616115152059
family,next,12-[7+1.3.4] w/ similarity,LR.pen=l1.C=1.000000,1,0.875,0.765063247905,0.64561135885,0.669400435613
