dataset,A-precision,A-recall,A-f1-score,A-support,C-precision,C-recall,C-f1-score,C-support,F-precision,F-recall,F-f1-score,F-support,R-precision,R-recall,R-f1-score,R-support
dstc2,0.815135,0.313571,0.434298,14.200000,0.722509,0.766375,0.740477,164.500000,0.905887,0.921063,0.912887,268.300000,0.680387,0.634665,0.651511,125.500000
dstc3,0.739166,0.368857,0.478968,20.800000,0.715977,0.732880,0.717951,169.300000,0.879177,0.942177,0.909174,281.200000,0.567170,0.479796,0.507040,122.100000
family,0.618168,0.393878,0.463700,23.200000,0.719077,0.662963,0.673638,27.000000,0.941028,0.984567,0.962185,250.100000,0.684551,0.639231,0.652436,52.700000
ghome,0.633520,0.636155,0.627566,59.500000,0.500058,0.250714,0.305668,12.200000,0.954998,0.984864,0.969658,396.600000,0.624664,0.524398,0.561566,55.800000
all,0.701497,0.428115,0.501133,29.425000,0.664405,0.603233,0.609434,93.250000,0.920273,0.958168,0.938476,299.050000,0.639193,0.569522,0.593138,89.025000
