dataset,model,accuracy,precision,recall,f1_score,training_time,test_time
dstc2,LR.pen=l1.C=1,0.797463699289,0.725631355127,0.656848169618,0.677642355861,105.334005594,0.15324947834
dstc3,LR.pen=l1.C=1,0.777034215066,0.705027671713,0.645511635832,0.663959445202,142.309416842,0.271058416367
ghome,LR.pen=l1.C=1,0.870670181069,0.654601573646,0.559870140556,0.575521406205,150.82606411,0.287207651138
family,LR.pen=l1.C=1,0.872400115063,0.740649001296,0.623349612095,0.64054336072,85.2021941185,0.251911449432
