dataset,model,accuracy,precision,recall,f1_score,training_time,test_time
dstc2,LR.pen=l1.C=1,0.797463699289,0.725631355127,0.656848169618,0.677642355861,105.334005594,0.15324947834
