dataset,model,accuracy,precision,recall,f1_score,training_time,test_time
ghome,LR.pen=l1.C=1,0.870670181069,0.654601573646,0.559870140556,0.575521406205,150.82606411,0.287207651138
