dataset,context_set,feature_set,model,accuracy,precision,recall,f1_score
dstc2,next,10-[5+1.3.4],LR.pen=l1.C=1.000000,0.838250599212,0.771008675795,0.706074829213,0.725484494885
dstc3,next,10-[5+1.3.4],LR.pen=l1.C=1.000000,0.804384644546,0.730487853309,0.685927555735,0.702187080398
family,next,10-[5+1.3.4],LR.pen=l1.C=1.000000,0.866306190357,0.736661465976,0.686213398074,0.705442426811
ghome,next,10-[5+1.3.4],LR.pen=l1.C=1.000000,0.88512351559,0.676423386202,0.582063354552,0.599225897275
