dataset,context_set,feature_set,model,test_round,accuracy,precision,recall,f1_score
dstc2,next,0-all w/ similarity,LR.pen=l1.C=1.000000,0,0.854640980736,0.777068339115,0.758727520932,0.767062931814
dstc2,next,0-all w/ similarity,LR.pen=l1.C=1.000000,1,0.807355516637,0.740431859787,0.698022908108,0.715537883169
dstc3,next,0-all w/ similarity,LR.pen=l1.C=1.000000,0,0.788851351351,0.757729486423,0.713168813209,0.731798683461
dstc3,next,0-all w/ similarity,LR.pen=l1.C=1.000000,1,0.775337837838,0.689566712965,0.663103910345,0.674468519411
family,next,0-all w/ similarity,LR.pen=l1.C=1.000000,0,0.863636363636,0.697706109471,0.657012510839,0.674859606373
family,next,0-all w/ similarity,LR.pen=l1.C=1.000000,1,0.880681818182,0.817544906254,0.709991329122,0.738250297461
ghome,next,0-all w/ similarity,LR.pen=l1.C=1.000000,0,0.865900383142,0.653663274666,0.559189351139,0.585121353496
ghome,next,0-all w/ similarity,LR.pen=l1.C=1.000000,1,0.896551724138,0.710455999376,0.621623009759,0.644350077524
