dataset,context_set,feature_set,model,test_round,accuracy,precision,recall,f1_score
dstc3,next,0-all w/ similarity,LR.pen=l1.C=1.000000,0,0.788851351351,0.757729486423,0.713168813209,0.731798683461
dstc3,next,0-all w/ similarity,LR.pen=l1.C=1.000000,1,0.775337837838,0.689566712965,0.663103910345,0.674468519411
