dataset,context_set,feature_set,model,test_round,accuracy,precision,recall,f1_score
family,next,0-all w/ similarity,LR.pen=l1.C=1.000000,0,0.863636363636,0.697706109471,0.657012510839,0.674859606373
family,next,0-all w/ similarity,LR.pen=l1.C=1.000000,1,0.880681818182,0.817544906254,0.709991329122,0.738250297461
