dataset,context_set,feature_set,model,test_round,accuracy,precision,recall,f1_score
ghome,next,0-all w/ similarity,LR.pen=l1.C=1.000000,0,0.865900383142,0.653663274666,0.559189351139,0.585121353496
ghome,next,0-all w/ similarity,LR.pen=l1.C=1.000000,1,0.896551724138,0.710455999376,0.621623009759,0.644350077524
