dataset,context_set,feature_set,model,accuracy,precision,recall,f1_score
dstc2,current,1-basic,LR.pen=l1.C=1.000000,0.636400482956,0.439422537596,0.434258205498,0.418090854964
dstc3,current,1-basic,LR.pen=l1.C=1.000000,0.623029836767,0.5609318339,0.427734236677,0.420242622507
family,current,1-basic,LR.pen=l1.C=1.000000,0.714152435962,0.469827234568,0.281795486665,0.27060522079
ghome,current,1-basic,LR.pen=l1.C=1.000000,0.756390846934,0.410490816593,0.272250782422,0.261005941451
