dataset,context_set,feature_set,model,accuracy,precision,recall,f1_score
dstc2,next,11-[6+1.3.4],LR.pen=l1.C=1.000000,0.830243032103,0.747116056274,0.704604502185,0.718962900481
dstc3,next,11-[6+1.3.4],LR.pen=l1.C=1.000000,0.808557443582,0.735490835397,0.688010456099,0.705354087716
family,next,11-[6+1.3.4],LR.pen=l1.C=1.000000,0.843302360623,0.674157229869,0.639277340989,0.652580944209
ghome,next,11-[6+1.3.4],LR.pen=l1.C=1.000000,0.87064096865,0.642544182539,0.610469745092,0.620755390904
