dataset,A-precision,A-recall,A-f1-score,A-support,C-precision,C-recall,C-f1-score,C-support,F-precision,F-recall,F-f1-score,F-support,R-precision,R-recall,R-f1-score,R-support
dstc2,0.672453,0.364464,0.463593,14.200000,0.776231,0.820068,0.797230,164.500000,0.924927,0.932777,0.928700,268.300000,0.790782,0.757052,0.773066,125.500000
dstc3,0.639217,0.398857,0.486229,20.800000,0.776996,0.802740,0.789388,169.300000,0.886987,0.937629,0.911538,281.200000,0.689989,0.609320,0.646663,122.100000
family,0.656142,0.474226,0.545357,23.200000,0.708943,0.660741,0.680096,27.000000,0.936973,0.972890,0.954539,250.100000,0.696466,0.673142,0.683155,52.700000
ghome,0.719303,0.648104,0.680601,59.500000,0.476503,0.246905,0.315005,12.200000,0.940575,0.980480,0.960075,396.600000,0.708894,0.638586,0.669663,55.800000
all,0.671779,0.471413,0.543945,29.425000,0.684668,0.632613,0.645430,93.250000,0.922365,0.955944,0.938713,299.050000,0.721533,0.669525,0.693137,89.025000
