dataset,context_set,feature_set,model,accuracy,precision,recall,f1_score
dstc2,next,6-w2v,LR.pen=l1.C=1.000000,0.773164318631,0.679913214509,0.622599177411,0.639183870013
dstc3,next,6-w2v,LR.pen=l1.C=1.000000,0.761576019088,0.682650581592,0.629888662594,0.647786501225
family,next,6-w2v,LR.pen=l1.C=1.000000,0.819264816675,0.62999045995,0.592960138373,0.607295676064
ghome,next,6-w2v,LR.pen=l1.C=1.000000,0.847630871489,0.591090467964,0.562688973066,0.570587651564
