dataset,context_set,feature_set,model,accuracy,precision,recall,f1_score
dstc2,next,18-[8+1.2.3.4],LR.pen=l1.C=1.000000,0.794909475622,0.696167958222,0.66468088123,0.675689616514
dstc3,next,18-[8+1.2.3.4],LR.pen=l1.C=1.000000,0.767266746945,0.683616877928,0.655631252533,0.666248768286
family,next,18-[8+1.2.3.4],LR.pen=l1.C=1.000000,0.840931692617,0.682843224115,0.654516426339,0.665221538031
ghome,next,18-[8+1.2.3.4],LR.pen=l1.C=1.000000,0.874977667704,0.66562371097,0.609698980215,0.624886615855
