dataset,context_set,feature_set,model,test_round,accuracy,precision,recall,f1_score
dstc2,next,10-[5+1.3.4] w/ similarity,LR.pen=l1.C=1.000000,0,0.882661996497,0.839942239478,0.764906235374,0.791341486304
dstc2,next,10-[5+1.3.4] w/ similarity,LR.pen=l1.C=1.000000,1,0.851138353765,0.840262678305,0.754379686931,0.784485537997
dstc3,next,10-[5+1.3.4] w/ similarity,LR.pen=l1.C=1.000000,0,0.809121621622,0.792291220859,0.723393398437,0.749306879815
dstc3,next,10-[5+1.3.4] w/ similarity,LR.pen=l1.C=1.000000,1,0.804054054054,0.7076142825,0.678842201248,0.691087830536
family,next,10-[5+1.3.4] w/ similarity,LR.pen=l1.C=1.000000,0,0.875,0.741483247738,0.688044469218,0.710294013121
family,next,10-[5+1.3.4] w/ similarity,LR.pen=l1.C=1.000000,1,0.886363636364,0.762066946943,0.70619521863,0.7264283734
ghome,next,10-[5+1.3.4] w/ similarity,LR.pen=l1.C=1.000000,0,0.88122605364,0.697910871258,0.588032871084,0.61832174516
ghome,next,10-[5+1.3.4] w/ similarity,LR.pen=l1.C=1.000000,1,0.892720306513,0.589789756494,0.586860126691,0.588119444128
