dataset,A-precision,A-recall,A-f1-score,A-support,C-precision,C-recall,C-f1-score,C-support,F-precision,F-recall,F-f1-score,F-support,R-precision,R-recall,R-f1-score,R-support
dstc2,0.639440,0.338036,0.431455,14.200000,0.740131,0.757924,0.748547,164.500000,0.905255,0.923521,0.914197,268.300000,0.710638,0.693446,0.701581,125.500000
dstc3,0.638561,0.390000,0.477467,20.800000,0.738449,0.740861,0.739495,169.300000,0.885631,0.913878,0.899428,281.200000,0.603768,0.594766,0.598867,122.100000
family,0.670758,0.304174,0.411590,23.200000,0.669085,0.745926,0.703396,27.000000,0.930976,0.991764,0.960361,250.100000,0.734040,0.636877,0.681117,52.700000
ghome,0.698079,0.678422,0.686402,59.500000,0.421000,0.093333,0.147344,12.200000,0.940897,0.984414,0.962126,396.600000,0.709530,0.622771,0.661369,55.800000
all,0.661709,0.427658,0.501729,29.425000,0.642166,0.584511,0.584695,93.250000,0.915690,0.953394,0.934028,299.050000,0.689494,0.636965,0.660733,89.025000
