dataset,context_set,feature_set,model,accuracy,precision,recall,f1_score
dstc2,all,8-skipthought,LR.pen=l1.C=1.000000,0.766500361619,0.679347395511,0.625081596519,0.64157640667
dstc3,all,8-skipthought,LR.pen=l1.C=1.000000,0.728901190795,0.635801804577,0.598512536022,0.611325068537
family,all,8-skipthought,LR.pen=l1.C=1.000000,0.799857797589,0.61863548635,0.587450681662,0.599083910557
ghome,all,8-skipthought,LR.pen=l1.C=1.000000,0.850483690015,0.585792809088,0.536677807195,0.55115918388
