dataset,A-precision,A-recall,A-f1-score,A-support,C-precision,C-recall,C-f1-score,C-support,F-precision,F-recall,F-f1-score,F-support,R-precision,R-recall,R-f1-score,R-support
dstc2,0.608893,0.290893,0.385850,14.200000,0.703179,0.726422,0.714331,164.500000,0.898853,0.917410,0.907952,268.300000,0.629662,0.609902,0.619146,125.500000
dstc3,0.663293,0.318857,0.423512,20.800000,0.701540,0.725856,0.713221,169.300000,0.867044,0.934569,0.899452,281.200000,0.546832,0.469777,0.504925,122.100000
family,0.569101,0.232487,0.325975,23.200000,0.686396,0.756296,0.717509,27.000000,0.924784,0.994482,0.958319,250.100000,0.709348,0.600613,0.649436,52.700000
ghome,0.609636,0.646096,0.626289,59.500000,0.449000,0.096667,0.152976,12.200000,0.936888,0.992485,0.963862,396.600000,0.598031,0.408820,0.483261,55.800000
all,0.612731,0.372083,0.440406,29.425000,0.635029,0.576310,0.574509,93.250000,0.906892,0.959737,0.932396,299.050000,0.620968,0.522278,0.564192,89.025000
