dataset,context_set,feature_set,model,accuracy,precision,recall,f1_score
dstc2,next,13-[8+1.3.4],LR.pen=l1.C=1.000000,0.824712408026,0.736977449667,0.693371511714,0.708207140376
dstc3,next,13-[8+1.3.4],LR.pen=l1.C=1.000000,0.807241436982,0.731994317338,0.689619221424,0.704563106161
family,next,13-[8+1.3.4],LR.pen=l1.C=1.000000,0.865071885987,0.727641221786,0.690225633924,0.704913263803
ghome,next,13-[8+1.3.4],LR.pen=l1.C=1.000000,0.883962236193,0.687048789551,0.609604513015,0.628553999749
