dataset,context_set,feature_set,model,accuracy,precision,recall,f1_score
dstc2,current,17-[7+1.2.3.4],LR.pen=l1.C=1.000000,0.647085348141,0.515799637759,0.473411033815,0.477241918082
dstc3,current,17-[7+1.2.3.4],LR.pen=l1.C=1.000000,0.623164191419,0.510117208855,0.465956790868,0.473666408633
family,current,17-[7+1.2.3.4],LR.pen=l1.C=1.000000,0.730820881467,0.478879561423,0.37015843259,0.390516688058
ghome,current,17-[7+1.2.3.4],LR.pen=l1.C=1.000000,0.765273597087,0.492944790162,0.35612708283,0.381559700888
