dataset,context_set,feature_set,model,accuracy,precision,recall,f1_score
dstc2,current,4-syntactic,LR.pen=l1.C=1.000000,0.583353376807,0.414060258193,0.413472016019,0.397671080537
dstc3,current,4-syntactic,LR.pen=l1.C=1.000000,0.562865489252,0.452991396568,0.393196059935,0.379337641936
family,current,4-syntactic,LR.pen=l1.C=1.000000,0.719747614264,0.409721233806,0.306914654101,0.305686753216
ghome,current,4-syntactic,LR.pen=l1.C=1.000000,0.759065430452,0.430744323749,0.302960635661,0.31111406074
