dataset,context_set,feature_set,model,accuracy,precision,recall,f1_score
dstc2,next,18-[8+1.2.3.4],LR.pen=l1.C=1.000000,0.803229589428,0.719564811385,0.668457561255,0.684897018592
dstc3,next,18-[8+1.2.3.4],LR.pen=l1.C=1.000000,0.769589242708,0.688095105179,0.641036655589,0.656418138414
family,next,18-[8+1.2.3.4],LR.pen=l1.C=1.000000,0.849517830236,0.686019401601,0.645791088862,0.661436680845
ghome,next,18-[8+1.2.3.4],LR.pen=l1.C=1.000000,0.864161639254,0.618778838836,0.566697197984,0.584194710325
