dataset,A-precision,A-recall,A-f1-score,A-support,C-precision,C-recall,C-f1-score,C-support,F-precision,F-recall,F-f1-score,F-support,R-precision,R-recall,R-f1-score,R-support
dstc2,0.595814,0.295714,0.386906,14.200000,0.709347,0.723731,0.716116,164.500000,0.897651,0.921888,0.909498,268.300000,0.629183,0.610363,0.619226,125.500000
dstc3,0.721617,0.343429,0.455813,20.800000,0.697182,0.724542,0.710424,169.300000,0.868513,0.935136,0.900519,281.200000,0.541221,0.462084,0.497959,122.100000
family,0.581270,0.238852,0.334097,23.200000,0.686222,0.752593,0.715603,27.000000,0.928190,0.994722,0.960254,250.100000,0.706281,0.610678,0.654154,52.700000
ghome,0.621622,0.662993,0.640235,59.500000,0.463000,0.107619,0.170103,12.200000,0.937002,0.991021,0.963221,396.600000,0.622930,0.425177,0.501745,55.800000
all,0.630081,0.385247,0.454263,29.425000,0.638938,0.577121,0.578061,93.250000,0.907839,0.960691,0.933373,299.050000,0.624904,0.527076,0.568271,89.025000
