dataset,context_set,feature_set,model,accuracy,precision,recall,f1_score
dstc2,next,16-[6+1.2.3.4],LR.pen=l1.C=1.000000,0.78114319528,0.707998436666,0.637924120756,0.657936653534
dstc3,next,16-[6+1.2.3.4],LR.pen=l1.C=1.000000,0.756955445545,0.707133151483,0.616297645498,0.64117863628
family,next,16-[6+1.2.3.4],LR.pen=l1.C=1.000000,0.869191361125,0.725490900708,0.649211081558,0.666027070424
ghome,next,16-[6+1.2.3.4],LR.pen=l1.C=1.000000,0.873000359857,0.661138607615,0.546702443962,0.568825826397
