dataset,context_set,feature_set,model,accuracy,precision,recall,f1_score
dstc2,next,10-[5+1.3.4],LR.pen=l1.C=2.000000,0.840502142819,0.752662779725,0.717897850013,0.729929838708
dstc3,next,10-[5+1.3.4],LR.pen=l1.C=2.000000,0.80767828472,0.727774948272,0.691209779342,0.704482921553
family,next,10-[5+1.3.4],LR.pen=l1.C=2.000000,0.865296019588,0.730500273475,0.691851121977,0.706112876746
ghome,next,10-[5+1.3.4],LR.pen=l1.C=2.000000,0.884310027307,0.688577281395,0.606366920836,0.630661030912
