dataset,context_set,feature_set,model,accuracy,precision,recall,f1_score
dstc2,current,7-d2v,LR.pen=l1.C=1.000000,0.743341541993,0.570772997004,0.536190965222,0.537699819157
dstc3,current,7-d2v,LR.pen=l1.C=1.000000,0.73380140041,0.540345631828,0.517984344512,0.514700405894
family,current,7-d2v,LR.pen=l1.C=1.000000,0.803489766449,0.593095931265,0.549170286729,0.563638974792
ghome,current,7-d2v,LR.pen=l1.C=1.000000,0.842978980123,0.572170878456,0.516646480891,0.535654169384
