dataset,model,accuracy,precision,recall,f1_score,training_time,test_time
dstc2,LR.pen=l1.C=1,0.864579647856,0.796933783592,0.775367886615,0.784952631186,35.3408893585,0.159095215797
dstc3,LR.pen=l1.C=1,0.83163317329,0.749958129952,0.728221690469,0.737735525385,44.1345825672,0.193233704567
ghome,LR.pen=l1.C=1,0.918087979094,0.830223210575,0.696381693812,0.739936495383,131.401392579,0.387558460236
family,LR.pen=l1.C=1,0.902258588672,0.841997845101,0.755494087943,0.788062408143,40.7182796478,0.261749362946
