dataset,model,accuracy,precision,recall,f1_score,training_time,test_time
dstc2,LR.pen=l1.C=1,0.864579647856,0.796933783592,0.775367886615,0.784952631186,35.3408893585,0.159095215797
