dataset,model,accuracy,precision,recall,f1_score,training_time,test_time
dstc3,LR.pen=l1.C=1,0.83163317329,0.749958129952,0.728221690469,0.737735525385,44.1345825672,0.193233704567
