dataset,model,accuracy,precision,recall,f1_score,training_time,test_time
family,LR.pen=l1.C=1,0.902258588672,0.841997845101,0.755494087943,0.788062408143,40.7182796478,0.261749362946
