dataset,model,accuracy,precision,recall,f1_score,training_time,test_time
family.#percent=5.#feature=3315,LR.pen=l1.C=1,0.871853946193,0.736833046985,0.623183679798,0.641565665088,67.752280581,0.240383791924
