dataset,context_set,feature_set,model,accuracy,precision,recall,f1_score
dstc2,all,14-[1.3.4],LR.pen=l1.C=1.000000,0.807008840248,0.747693204413,0.659666432141,0.681611792667
dstc3,all,14-[1.3.4],LR.pen=l1.C=1.000000,0.791299950941,0.735150978533,0.648136112546,0.67111799949
family,all,14-[1.3.4],LR.pen=l1.C=1.000000,0.864442177298,0.734508711109,0.644023917069,0.655262741363
ghome,all,14-[1.3.4],LR.pen=l1.C=1.000000,0.881436464088,0.631017768944,0.568344396611,0.580799304417
