dataset,context_set,feature_set,model,accuracy,precision,recall,f1_score
dstc2,current,9-[2+1.3.4],LR.pen=l1.C=1.000000,0.651518442586,0.519555762456,0.4745399233,0.478128718723
dstc3,current,9-[2+1.3.4],LR.pen=l1.C=1.000000,0.6279905896,0.521165923288,0.465392704609,0.472577330304
family,current,9-[2+1.3.4],LR.pen=l1.C=1.000000,0.737332998493,0.502141897877,0.369388245147,0.392007261523
ghome,current,9-[2+1.3.4],LR.pen=l1.C=1.000000,0.766735462839,0.489577314058,0.357647517991,0.38330771063
