dataset,A-precision,A-recall,A-f1-score,A-support,C-precision,C-recall,C-f1-score,C-support,F-precision,F-recall,F-f1-score,F-support,R-precision,R-recall,R-f1-score,R-support
dstc2,0.494053,0.257321,0.329940,14.200000,0.727818,0.737874,0.732463,164.500000,0.867216,0.910106,0.888066,268.300000,0.630566,0.585095,0.606268,125.500000
dstc3,0.599861,0.391571,0.468639,20.800000,0.714694,0.734223,0.724039,169.300000,0.867338,0.938550,0.901468,281.200000,0.548709,0.455210,0.497001,122.100000
family,0.422919,0.308591,0.354241,23.200000,0.619848,0.571111,0.592278,27.000000,0.914598,0.952334,0.932991,250.100000,0.562597,0.539804,0.549672,52.700000
ghome,0.565244,0.525302,0.543109,59.500000,0.333011,0.225714,0.258013,12.200000,0.945194,0.958135,0.951569,396.600000,0.520913,0.541605,0.529660,55.800000
all,0.520519,0.370697,0.423982,29.425000,0.598843,0.567231,0.576698,93.250000,0.898586,0.939781,0.918524,299.050000,0.565696,0.530429,0.545650,89.025000
