dataset,context_set,feature_set,model,accuracy,precision,recall,f1_score
dstc2,next,11-[6+1.3.4],LR.pen=l1.C=1.000000,0.832039234204,0.744863114453,0.704612185494,0.718369769899
dstc3,next,11-[6+1.3.4],LR.pen=l1.C=1.000000,0.808004415306,0.725942532571,0.691980597973,0.704779895541
family,next,11-[6+1.3.4],LR.pen=l1.C=1.000000,0.856822262682,0.708200806747,0.669850548077,0.684502356844
ghome,next,11-[6+1.3.4],LR.pen=l1.C=1.000000,0.884416079253,0.670280703563,0.608920400269,0.627142691526
