dataset,context_set,feature_set,model,accuracy,precision,recall,f1_score
dstc2,next,12-[7+1.3.4],LR.pen=l1.C=1.000000,0.814744266391,0.755881805853,0.681664242993,0.702637677557
dstc3,next,12-[7+1.3.4],LR.pen=l1.C=1.000000,0.793598809205,0.730293744727,0.673332907398,0.692930711491
family,next,12-[7+1.3.4],LR.pen=l1.C=1.000000,0.862642830236,0.732608341618,0.652817896166,0.673251897531
ghome,next,12-[7+1.3.4],LR.pen=l1.C=1.000000,0.879019707458,0.663173374586,0.580299083718,0.588020907633
