dataset,context_set,feature_set,model,accuracy,precision,recall,f1_score
dstc2,current,2-lexical,LR.pen=l1.C=1.000000,0.586034261191,0.414413145176,0.404401179856,0.400050328599
dstc3,current,2-lexical,LR.pen=l1.C=1.000000,0.584291098029,0.438783213071,0.420272261779,0.415073329515
family,current,2-lexical,LR.pen=l1.C=1.000000,0.701229281768,0.417299822887,0.340271866249,0.354473952741
ghome,current,2-lexical,LR.pen=l1.C=1.000000,0.757747930823,0.423409107819,0.349018130375,0.365631901256
