dataset,context_set,feature_set,model,accuracy,precision,recall,f1_score
dstc2,all,2-lexical,Random forest.#tree=1024,0.838550593833,0.805408857307,0.650726243781,0.66958769301
dstc3,all,2-lexical,Random forest.#tree=1024,0.798069418428,0.741742304547,0.584251903864,0.59521542165
family,all,2-lexical,Random forest.#tree=1024,0.858277247614,0.721018320185,0.619606801015,0.642401620041
ghome,all,2-lexical,Random forest.#tree=1024,0.872177980991,0.644920033574,0.535166831836,0.563544653475
