dataset,context_set,feature_set,model,test_round,accuracy,precision,recall,f1_score
dstc2,next,5-lda w/ similarity,LR.pen=l1.C=1.000000,0,0.84588441331,0.629622319493,0.629422096833,0.627601772792
dstc3,next,5-lda w/ similarity,LR.pen=l1.C=1.000000,0,0.768581081081,0.561100982206,0.565036243078,0.559378539902
family,next,5-lda w/ similarity,LR.pen=l1.C=1.000000,0,0.8125,0.55149604555,0.51907977208,0.516662224687
ghome,next,5-lda w/ similarity,LR.pen=l1.C=1.000000,0,0.850574712644,0.56878907694,0.485503338469,0.512702560042
