dataset,context_set,feature_set,model,accuracy,precision,recall,f1_score
dstc2,next,18-[8+1.2.3.4],LR.pen=l1.C=1.000000,0.845313353616,0.813413121073,0.711504443512,0.739124480121
dstc3,next,18-[8+1.2.3.4],LR.pen=l1.C=1.000000,0.816437093034,0.769315257338,0.687043664241,0.7135467305
family,next,18-[8+1.2.3.4],LR.pen=l1.C=1.000000,0.878160786037,0.763130193347,0.696588704801,0.720594065367
ghome,next,18-[8+1.2.3.4],LR.pen=l1.C=1.000000,0.894638343812,0.72871339892,0.628618679003,0.66210320656
