dataset,context_set,feature_set,model,accuracy,precision,recall,f1_score
dstc2,next,18-[8+1.2.3.4],LR.pen=l1.C=1.000000,0.844547258567,0.81291862145,0.709440640614,0.736704664713
dstc3,next,18-[8+1.2.3.4],LR.pen=l1.C=1.000000,0.8164999777,0.767568826452,0.688076995033,0.713846416603
family,next,18-[8+1.2.3.4],LR.pen=l1.C=1.000000,0.879226205424,0.766044565642,0.698248134642,0.722688987044
ghome,next,18-[8+1.2.3.4],LR.pen=l1.C=1.000000,0.894866747105,0.732107671704,0.629792987488,0.663767042515
