dataset,context_set,feature_set,model,accuracy,precision,recall,f1_score
dstc2,last,9-[2+1.3.4],LR.pen=l1.C=1.000000,0.622095359916,0.475195771999,0.454221310753,0.455525997867
dstc3,last,9-[2+1.3.4],LR.pen=l1.C=1.000000,0.604278610293,0.478099919688,0.444174306278,0.448038996791
family,last,9-[2+1.3.4],LR.pen=l1.C=1.000000,0.734512493722,0.506012398485,0.35923929962,0.379907981362
ghome,last,9-[2+1.3.4],LR.pen=l1.C=1.000000,0.764062361085,0.474288169198,0.332238819288,0.352108764597
