dataset,context_set,feature_set,model,test_round,accuracy,precision,recall,f1_score
dstc2,next,12-[7+1.3.4] w/ similarity,LR.pen=l1.C=1.000000,0,0.835376532399,0.753074528754,0.70146390868,0.721344741948
dstc2,next,12-[7+1.3.4] w/ similarity,LR.pen=l1.C=1.000000,1,0.798598949212,0.764242369544,0.638908705601,0.664309658589
dstc3,next,12-[7+1.3.4] w/ similarity,LR.pen=l1.C=1.000000,0,0.820945945946,0.768534615094,0.705245420941,0.729122610767
dstc3,next,12-[7+1.3.4] w/ similarity,LR.pen=l1.C=1.000000,1,0.800675675676,0.679557655285,0.638222928416,0.652585933805
family,next,12-[7+1.3.4] w/ similarity,LR.pen=l1.C=1.000000,0,0.823863636364,0.653999718142,0.625527561006,0.637605820106
family,next,12-[7+1.3.4] w/ similarity,LR.pen=l1.C=1.000000,1,0.866477272727,0.745703313982,0.684021243652,0.708617131063
ghome,next,12-[7+1.3.4] w/ similarity,LR.pen=l1.C=1.000000,0,0.854406130268,0.601236631016,0.566835730183,0.581151062867
ghome,next,12-[7+1.3.4] w/ similarity,LR.pen=l1.C=1.000000,1,0.862068965517,0.624107192247,0.588946670091,0.604981609208
