dataset,context_set,feature_set,model,test_round,accuracy,precision,recall,f1_score
family,next,12-[7+1.3.4] w/ similarity,LR.pen=l1.C=1.000000,0,0.823863636364,0.653999718142,0.625527561006,0.637605820106
family,next,12-[7+1.3.4] w/ similarity,LR.pen=l1.C=1.000000,1,0.866477272727,0.745703313982,0.684021243652,0.708617131063
