dataset,context_set,feature_set,model,test_round,accuracy,precision,recall,f1_score
ghome,next,12-[7+1.3.4] w/ similarity,LR.pen=l1.C=1.000000,0,0.854406130268,0.601236631016,0.566835730183,0.581151062867
ghome,next,12-[7+1.3.4] w/ similarity,LR.pen=l1.C=1.000000,1,0.862068965517,0.624107192247,0.588946670091,0.604981609208
