dataset,context_set,feature_set,model,accuracy,precision,recall,f1_score
dstc2,current,11-[6+1.3.4],LR.pen=l1.C=1.000000,0.792780942362,0.681262759572,0.628982447884,0.643015042348
dstc3,current,11-[6+1.3.4],LR.pen=l1.C=1.000000,0.774601172955,0.659803310175,0.622036754357,0.63432427477
family,current,11-[6+1.3.4],LR.pen=l1.C=1.000000,0.87661727775,0.768012870786,0.677068672057,0.700441801151
ghome,current,11-[6+1.3.4],LR.pen=l1.C=1.000000,0.88912427764,0.681561617618,0.603999609219,0.626829481953
