dataset,context_set,feature_set,model,accuracy,precision,recall,f1_score
dstc2,next,13-[8+1.3.4],LR.pen=l1.C=1.000000,0.824816590258,0.737067520105,0.693471585318,0.708296183652
dstc3,next,13-[8+1.3.4],LR.pen=l1.C=1.000000,0.8073773526,0.732137684867,0.689783675997,0.704718774755
family,next,13-[8+1.3.4],LR.pen=l1.C=1.000000,0.865185522351,0.727885860138,0.69034178777,0.705085856519
ghome,next,13-[8+1.3.4],LR.pen=l1.C=1.000000,0.883923922017,0.686112540079,0.608855925444,0.627606483679
