dataset,context_set,feature_set,model,test_round,accuracy,precision,recall,f1_score
dstc2,next,11-[6+1.3.4] w/ similarity,LR.pen=l1.C=1.000000,0,0.868651488616,0.779738585654,0.750808674398,0.763461685123
dstc2,next,11-[6+1.3.4] w/ similarity,LR.pen=l1.C=1.000000,1,0.817863397548,0.796464145128,0.678540511727,0.706921782573
dstc3,next,11-[6+1.3.4] w/ similarity,LR.pen=l1.C=1.000000,0,0.797297297297,0.717480742297,0.684024630898,0.697644990568
dstc3,next,11-[6+1.3.4] w/ similarity,LR.pen=l1.C=1.000000,1,0.79222972973,0.686762222528,0.666207610114,0.675303791114
family,next,11-[6+1.3.4] w/ similarity,LR.pen=l1.C=1.000000,0,0.860795454545,0.694602599494,0.675372290351,0.683829832434
family,next,11-[6+1.3.4] w/ similarity,LR.pen=l1.C=1.000000,1,0.875,0.775009071118,0.711155146786,0.736768391567
ghome,next,11-[6+1.3.4] w/ similarity,LR.pen=l1.C=1.000000,0,0.875478927203,0.597376426324,0.571608029447,0.582214254161
ghome,next,11-[6+1.3.4] w/ similarity,LR.pen=l1.C=1.000000,1,0.877394636015,0.702352746042,0.631289590823,0.64853051075
