dataset,context_set,feature_set,model,test_round,accuracy,precision,recall,f1_score
dstc3,next,11-[6+1.3.4] w/ similarity,LR.pen=l1.C=1.000000,0,0.797297297297,0.717480742297,0.684024630898,0.697644990568
dstc3,next,11-[6+1.3.4] w/ similarity,LR.pen=l1.C=1.000000,1,0.79222972973,0.686762222528,0.666207610114,0.675303791114
