dataset,context_set,feature_set,model,test_round,accuracy,precision,recall,f1_score
dstc2,next,11-[6+1.3.4] w/ similarity,LR.pen=l1.C=1.000000,0,0.868651488616,0.779738585654,0.750808674398,0.763461685123
dstc2,next,11-[6+1.3.4] w/ similarity,LR.pen=l1.C=1.000000,1,0.817863397548,0.796464145128,0.678540511727,0.706921782573
