dataset,context_set,feature_set,model,test_round,accuracy,precision,recall,f1_score
ghome,next,11-[6+1.3.4] w/ similarity,LR.pen=l1.C=1.000000,0,0.875478927203,0.597376426324,0.571608029447,0.582214254161
ghome,next,11-[6+1.3.4] w/ similarity,LR.pen=l1.C=1.000000,1,0.877394636015,0.702352746042,0.631289590823,0.64853051075
