dataset,context_set,feature_set,model,accuracy,precision,recall,f1_score
dstc2,next,11-[6+1.3.4],LR.pen=l1.C=1.000000,0.843257443082,0.788101365391,0.714674593063,0.735191733848
dstc3,next,11-[6+1.3.4],LR.pen=l1.C=1.000000,0.794763513514,0.702121482412,0.675116120506,0.686474390841
family,next,11-[6+1.3.4],LR.pen=l1.C=1.000000,0.867897727273,0.734805835306,0.693263718568,0.710299112001
ghome,next,11-[6+1.3.4],LR.pen=l1.C=1.000000,0.876436781609,0.649864586183,0.601448810135,0.615372382456
