dataset,context_set,feature_set,model,accuracy,precision,recall,f1_score
dstc2,next,12-[7+1.3.4],LR.pen=l1.C=1.000000,0.819435993377,0.745107701107,0.680439587984,0.699495459121
dstc3,next,12-[7+1.3.4],LR.pen=l1.C=1.000000,0.803210016948,0.73399736176,0.670797235114,0.691319998461
family,next,12-[7+1.3.4],LR.pen=l1.C=1.000000,0.839399171271,0.676942968027,0.644785390773,0.656186190202
ghome,next,12-[7+1.3.4],LR.pen=l1.C=1.000000,0.877185072289,0.65229881029,0.606710137507,0.623140274919
