Dataset,session_count,user_utterance_count,system_utterance_count,utterance_avg_length,user_utterance_avg_length,system_utterance_avg_length,F,C,R,N,CC,A,Chitchat,G,O,Total
dstc2,1000,7331,7331,8.192265720911198,3.86495703178284,12.519574410039558,2683,1645,1255,484,0,142,0,1108,14,7331
dstc3,1000,8341,8341,10.705790672581225,4.001798345522119,17.40978299964033,2812,1693,1221,1326,0,208,0,1063,17,8340
family,1000,3783,3786,14.016118377592813,4.49167327517843,23.551678561987842,2501,270,527,104,0,232,0,78,70,3782
ghome,1000,9109,6996,7.337410742005589,4.174662421780656,8.79811175760237,3966,122,558,2329,0,595,0,60,1479,9109
