dataset,context_set,feature_set,model,accuracy,precision,recall,f1_score
dstc2,last,1-basic,LR.pen=l1.C=1.000000,0.646829345559,0.459067103907,0.447993341549,0.436834333168
dstc3,last,1-basic,LR.pen=l1.C=1.000000,0.626635335831,0.564844877698,0.43338557904,0.426724547909
family,last,1-basic,LR.pen=l1.C=1.000000,0.711309957308,0.432530911896,0.276616957517,0.261767740186
ghome,last,1-basic,LR.pen=l1.C=1.000000,0.756239071993,0.447568362641,0.280568042447,0.276780888774
