dataset,context_set,feature_set,model,accuracy,precision,recall,f1_score
dstc2,current,8-skipthought,LR.pen=l1.C=1.000000,0.737514629146,0.576987057755,0.557056163727,0.561819661665
dstc3,current,8-skipthought,LR.pen=l1.C=1.000000,0.709927749532,0.545235413503,0.529951188716,0.532999087466
family,current,8-skipthought,LR.pen=l1.C=1.000000,0.800482797589,0.606802255172,0.571955800844,0.583699465416
ghome,current,8-skipthought,LR.pen=l1.C=1.000000,0.841873584386,0.562995791674,0.526817551697,0.538254300412
