dataset,context_set,feature_set,model,accuracy,precision,recall,f1_score
dstc2,next,17-[7+1.2.3.4],LR.pen=l1.C=1.000000,0.808752084541,0.789362754147,0.67030817639,0.699441035814
dstc3,next,17-[7+1.2.3.4],LR.pen=l1.C=1.000000,0.769187182232,0.717032371074,0.62776280299,0.652935589008
family,next,17-[7+1.2.3.4],LR.pen=l1.C=1.000000,0.868556943747,0.733970506456,0.663603857089,0.686726379378
ghome,next,17-[7+1.2.3.4],LR.pen=l1.C=1.000000,0.86419995343,0.637520983576,0.557650477566,0.585154534784
