dataset,A-precision,A-recall,A-f1-score,A-support,C-precision,C-recall,C-f1-score,C-support,F-precision,F-recall,F-f1-score,F-support,R-precision,R-recall,R-f1-score,R-support
dstc2,0.412951,0.205357,0.267276,14.200000,0.718533,0.746859,0.732066,164.500000,0.900208,0.926364,0.912996,268.300000,0.697752,0.656634,0.676075,125.500000
dstc3,0.558937,0.351714,0.427454,20.800000,0.736101,0.759862,0.747564,169.300000,0.883799,0.918644,0.900757,281.200000,0.632182,0.584761,0.606903,122.100000
family,0.520364,0.310296,0.382981,23.200000,0.671751,0.663704,0.665288,27.000000,0.925566,0.981528,0.952681,250.100000,0.674786,0.597269,0.632131,52.700000
ghome,0.542849,0.624974,0.579747,59.500000,0.205000,0.037857,0.062598,12.200000,0.926622,0.937162,0.931796,396.600000,0.650066,0.611001,0.627713,55.800000
all,0.508775,0.373085,0.414365,29.425000,0.582846,0.552071,0.551879,93.250000,0.909049,0.940925,0.924558,299.050000,0.663696,0.612416,0.635706,89.025000
