dataset,context_set,feature_set,model,accuracy,precision,recall,f1_score
dstc2,next,3-phrasal,LR.pen=l1.C=1.000000,0.797790595506,0.682360839393,0.633803582657,0.647103280549
dstc3,next,3-phrasal,LR.pen=l1.C=1.000000,0.784799192757,0.702754543901,0.653745338512,0.670669641155
family,next,3-phrasal,LR.pen=l1.C=1.000000,0.855711012054,0.698116757205,0.638199055402,0.658270219108
ghome,next,3-phrasal,LR.pen=l1.C=1.000000,0.8460748079,0.581134338069,0.552748505123,0.550463726442
