dataset,context_set,feature_set,model,accuracy,precision,recall,f1_score
dstc2,current,10-[5+1.3.4],LR.pen=l1.C=1.000000,0.652500971292,0.515026259656,0.473270493156,0.475835006288
dstc3,current,10-[5+1.3.4],LR.pen=l1.C=1.000000,0.631116091339,0.530324747749,0.470840420185,0.479646697056
family,current,10-[5+1.3.4],LR.pen=l1.C=1.000000,0.732142139628,0.486802601329,0.388394002947,0.408950156525
ghome,current,10-[5+1.3.4],LR.pen=l1.C=1.000000,0.75958997481,0.469857036388,0.362806961711,0.386637846361
