dataset,context_set,feature_set,model,accuracy,precision,recall,f1_score
dstc2,next,18-[8+1.2.3.4],LR.pen=l1.C=1.000000,0.848323819657,0.821079294061,0.716212240466,0.742772827896
dstc3,next,18-[8+1.2.3.4],LR.pen=l1.C=1.000000,0.818184483989,0.770590797479,0.693417397051,0.71869145003
family,next,18-[8+1.2.3.4],LR.pen=l1.C=1.000000,0.87788297338,0.760028006366,0.69612293948,0.719000905345
ghome,next,18-[8+1.2.3.4],LR.pen=l1.C=1.000000,0.897620922504,0.722155694967,0.63532286786,0.663970383705
