dataset,context_set,feature_set,model,accuracy,precision,recall,f1_score
dstc2,current,14-[1.3.4],LR.pen=l1.C=1.000000,0.65720979301,0.512021542832,0.47412419209,0.474513811838
dstc3,current,14-[1.3.4],LR.pen=l1.C=1.000000,0.638512398537,0.546484711795,0.473984735978,0.483422049498
family,current,14-[1.3.4],LR.pen=l1.C=1.000000,0.73501443998,0.492623366611,0.377812100409,0.398491232961
ghome,current,14-[1.3.4],LR.pen=l1.C=1.000000,0.762264558329,0.46979822347,0.354603871099,0.378009596203
