dataset,A-precision,A-recall,A-f1-score,A-support,C-precision,C-recall,C-f1-score,C-support,F-precision,F-recall,F-f1-score,F-support,R-precision,R-recall,R-f1-score,R-support
dstc2,0.616037,0.298214,0.393760,14.200000,0.709869,0.728595,0.718816,164.500000,0.897697,0.919640,0.908440,268.300000,0.632604,0.613711,0.622617,125.500000
dstc3,0.702246,0.353000,0.463231,20.800000,0.699337,0.725860,0.712052,169.300000,0.871471,0.934709,0.901888,281.200000,0.548428,0.473220,0.507524,122.100000
family,0.580902,0.243722,0.339854,23.200000,0.676840,0.749630,0.708926,27.000000,0.928104,0.994642,0.960175,250.100000,0.703469,0.602490,0.648195,52.700000
ghome,0.614848,0.656499,0.633912,59.500000,0.465000,0.091905,0.149254,12.200000,0.939087,0.991978,0.964784,396.600000,0.608844,0.427042,0.499085,55.800000
all,0.628508,0.387859,0.457689,29.425000,0.637762,0.573997,0.572262,93.250000,0.909090,0.960242,0.933822,299.050000,0.623336,0.529116,0.569355,89.025000
