dataset,context_set,feature_set,model,accuracy,precision,recall,f1_score
dstc2,next,0-all,LR.pen=l1.C=1.000000,0.782254173565,0.71405155932,0.640039974661,0.66090825782
dstc3,next,0-all,LR.pen=l1.C=1.000000,0.759726496298,0.705370516569,0.621697199558,0.646173675598
family,next,0-all,LR.pen=l1.C=1.000000,0.867998179307,0.722328661212,0.647620875688,0.664287333056
ghome,next,0-all,LR.pen=l1.C=1.000000,0.872808788976,0.656944593472,0.541855884617,0.561758812707
