dataset,context_set,feature_set,model,accuracy,precision,recall,f1_score
dstc2,current,13-[8+1.3.4],LR.pen=l1.C=1.000000,0.64102938979,0.515749639234,0.475925387636,0.481834424146
dstc3,current,13-[8+1.3.4],LR.pen=l1.C=1.000000,0.615787619302,0.498770525233,0.461000261181,0.467362498318
family,current,13-[8+1.3.4],LR.pen=l1.C=1.000000,0.737883915118,0.506754465042,0.383110834556,0.406660793729
ghome,current,13-[8+1.3.4],LR.pen=l1.C=1.000000,0.760304608285,0.484762069476,0.370311839432,0.395401829309
