dataset,context_set,feature_set,model,accuracy,precision,recall,f1_score
dstc2,next,15-[5+1.2.3.4],LR.pen=l1.C=1.000000,0.807951859799,0.778026530371,0.669757602424,0.697224255
dstc3,next,15-[5+1.2.3.4],LR.pen=l1.C=1.000000,0.771033360093,0.721225263257,0.63010158399,0.655906116095
family,next,15-[5+1.2.3.4],LR.pen=l1.C=1.000000,0.864259166248,0.722416683195,0.660055902558,0.682352291636
ghome,next,15-[5+1.2.3.4],LR.pen=l1.C=1.000000,0.867688025232,0.651369524072,0.570804160431,0.599514882862
