dataset,context_set,feature_set,model,test_round,accuracy,precision,recall,f1_score
dstc2,next,9-[2+1.3.4] w/ similarity,LR.pen=l1.C=1.000000,0,0.865148861646,0.88782030612,0.709874512455,0.748473023603
dstc2,next,9-[2+1.3.4] w/ similarity,LR.pen=l1.C=1.000000,1,0.833625218914,0.769057186828,0.705391283998,0.727854314022
dstc3,next,9-[2+1.3.4] w/ similarity,LR.pen=l1.C=1.000000,0,0.77027027027,0.681805327833,0.636054730017,0.653207345191
dstc3,next,9-[2+1.3.4] w/ similarity,LR.pen=l1.C=1.000000,1,0.797297297297,0.716539604407,0.657915098717,0.678331568577
family,next,9-[2+1.3.4] w/ similarity,LR.pen=l1.C=1.000000,0,0.877840909091,0.739715116949,0.65873510467,0.686249037517
family,next,9-[2+1.3.4] w/ similarity,LR.pen=l1.C=1.000000,1,0.872159090909,0.815437526405,0.645634584417,0.688342665672
ghome,next,9-[2+1.3.4] w/ similarity,LR.pen=l1.C=1.000000,0,0.883141762452,0.581062502814,0.562684043828,0.570582009093
ghome,next,9-[2+1.3.4] w/ similarity,LR.pen=l1.C=1.000000,1,0.890804597701,0.582388919245,0.577167865092,0.578629019319
