dataset,context_set,feature_set,model,test_round,accuracy,precision,recall,f1_score
family,next,9-[2+1.3.4] w/ similarity,LR.pen=l1.C=1.000000,0,0.877840909091,0.739715116949,0.65873510467,0.686249037517
family,next,9-[2+1.3.4] w/ similarity,LR.pen=l1.C=1.000000,1,0.872159090909,0.815437526405,0.645634584417,0.688342665672
