dataset,context_set,feature_set,model,test_round,accuracy,precision,recall,f1_score
ghome,next,9-[2+1.3.4] w/ similarity,LR.pen=l1.C=1.000000,0,0.883141762452,0.581062502814,0.562684043828,0.570582009093
ghome,next,9-[2+1.3.4] w/ similarity,LR.pen=l1.C=1.000000,1,0.890804597701,0.582388919245,0.577167865092,0.578629019319
