dataset,context_set,feature_set,model,accuracy,precision,recall,f1_score
dstc2,next,9-[2+1.3.4],LR.pen=l1.C=1.000000,0.84938704028,0.828438746474,0.707632898227,0.738163668813
dstc3,next,9-[2+1.3.4],LR.pen=l1.C=1.000000,0.783783783784,0.69917246612,0.646984914367,0.665769456884
family,next,9-[2+1.3.4],LR.pen=l1.C=1.000000,0.875,0.777576321677,0.652184844544,0.687295851595
ghome,next,9-[2+1.3.4],LR.pen=l1.C=1.000000,0.886973180077,0.58172571103,0.56992595446,0.574605514206
