dataset,context_set,feature_set,model,accuracy,precision,recall,f1_score
dstc2,next,15-[5+1.2.3.4],LR.pen=l1.C=1.000000,0.84797355696,0.789808502767,0.719684628364,0.740977293889
dstc3,next,15-[5+1.2.3.4],LR.pen=l1.C=1.000000,0.812195165462,0.743934286145,0.687500109488,0.70702736033
family,next,15-[5+1.2.3.4],LR.pen=l1.C=1.000000,0.871006403817,0.747115044643,0.693022684616,0.713137010739
ghome,next,15-[5+1.2.3.4],LR.pen=l1.C=1.000000,0.888437585995,0.699970007822,0.625505341818,0.65082751004
