dataset,context_set,feature_set,model,accuracy,precision,recall,f1_score
dstc2,current,8-skipthought,LR.pen=l1.C=1.000000,0.576434373562,0.448954584201,0.412874719499,0.414865157005
dstc3,current,8-skipthought,LR.pen=l1.C=1.000000,0.554194764071,0.426403883599,0.401069451158,0.399529719186
family,current,8-skipthought,LR.pen=l1.C=1.000000,0.686999309392,0.36383645224,0.292659189193,0.291972187278
ghome,current,8-skipthought,LR.pen=l1.C=1.000000,0.718453038674,0.38784733031,0.341716201111,0.353409290434
