dataset,context_set,feature_set,model,accuracy,precision,recall,f1_score
dstc2,next,10-[5+1.3.4],LR.pen=l1.C=2.000000,0.840402503243,0.77415988298,0.712528498594,0.73162646695
dstc3,next,10-[5+1.3.4],LR.pen=l1.C=2.000000,0.806015854964,0.73680429042,0.65923403135,0.681628397178
family,next,10-[5+1.3.4],LR.pen=l1.C=2.000000,0.865583249623,0.732637842068,0.680977761377,0.699961474443
ghome,next,10-[5+1.3.4],LR.pen=l1.C=2.000000,0.884915645308,0.685678315943,0.620676098388,0.645168719309
