dataset,A-precision,A-recall,A-f1-score,A-support,C-precision,C-recall,C-f1-score,C-support,F-precision,F-recall,F-f1-score,F-support,R-precision,R-recall,R-f1-score,R-support
dstc2,0.575603,0.362143,0.435651,14.200000,0.758527,0.763441,0.760640,164.500000,0.903712,0.922107,0.912735,268.300000,0.745664,0.737114,0.740995,125.500000
dstc3,0.629334,0.451000,0.519311,20.800000,0.746112,0.743211,0.744395,169.300000,0.890854,0.919348,0.904792,281.200000,0.619135,0.605085,0.611667,122.100000
family,0.576699,0.451757,0.502639,23.200000,0.664608,0.632593,0.645002,27.000000,0.936985,0.967050,0.951712,250.100000,0.676774,0.649544,0.661362,52.700000
ghome,0.694041,0.671695,0.681192,59.500000,0.374217,0.183333,0.232680,12.200000,0.952959,0.976341,0.964468,396.600000,0.666672,0.640214,0.651433,55.800000
all,0.618919,0.484149,0.534699,29.425000,0.635866,0.580644,0.595680,93.250000,0.921127,0.946211,0.933427,299.050000,0.677061,0.657989,0.666364,89.025000
