dataset,A-precision,A-recall,A-f1-score,A-support,C-precision,C-recall,C-f1-score,C-support,F-precision,F-recall,F-f1-score,F-support,R-precision,R-recall,R-f1-score,R-support
dstc2,0.767318,0.361964,0.479024,14.200000,0.780335,0.827729,0.802998,164.500000,0.928311,0.933449,0.930741,268.300000,0.797526,0.770388,0.783319,125.500000
dstc3,0.690476,0.418429,0.512230,20.800000,0.783850,0.817280,0.799937,169.300000,0.887089,0.939050,0.912235,281.200000,0.711524,0.618330,0.660911,122.100000
family,0.650345,0.449078,0.526387,23.200000,0.718335,0.680000,0.695410,27.000000,0.938210,0.980967,0.959061,250.100000,0.723367,0.680404,0.699833,52.700000
ghome,0.747506,0.687860,0.715169,59.500000,0.453298,0.244524,0.301763,12.200000,0.947253,0.984104,0.965294,396.600000,0.722204,0.645218,0.679745,55.800000
all,0.713911,0.479333,0.558202,29.425000,0.683955,0.642383,0.650027,93.250000,0.925215,0.959393,0.941833,299.050000,0.738655,0.678585,0.705952,89.025000
