dataset,context_set,feature_set,model,accuracy,precision,recall,f1_score
dstc2,all,16-[6+1.2.3.4],LR.pen=l1.C=1.000000,0.83451534043,0.777157247246,0.677775811083,0.699562549268
dstc3,all,16-[6+1.2.3.4],LR.pen=l1.C=1.000000,0.815668651325,0.772308861959,0.656054278425,0.682102561152
family,all,16-[6+1.2.3.4],LR.pen=l1.C=1.000000,0.866991147664,0.727586730092,0.645265396818,0.656819442092
ghome,all,16-[6+1.2.3.4],LR.pen=l1.C=1.000000,0.894944857221,0.698731806443,0.586578678155,0.610432008494
