dataset,context_set,feature_set,model,test_round,accuracy,precision,recall,f1_score
dstc2,next,0-all w/ similarity,LR.pen=l1.C=1.000000,0,0.854640980736,0.779570521605,0.74132760414,0.756828105754
dstc2,next,0-all w/ similarity,LR.pen=l1.C=1.000000,1,0.817863397548,0.805610639802,0.693214545738,0.725554160689
dstc3,next,0-all w/ similarity,LR.pen=l1.C=1.000000,0,0.809121621622,0.791133262023,0.729131741984,0.753688369734
dstc3,next,0-all w/ similarity,LR.pen=l1.C=1.000000,1,0.793918918919,0.743217679974,0.694386042462,0.714008123936
family,next,0-all w/ similarity,LR.pen=l1.C=1.000000,0,0.866477272727,0.709302885773,0.65640220488,0.678336440036
family,next,0-all w/ similarity,LR.pen=l1.C=1.000000,1,0.900568181818,0.836754057096,0.743058094884,0.780892248937
ghome,next,0-all w/ similarity,LR.pen=l1.C=1.000000,0,0.875478927203,0.679630997651,0.572532528677,0.588706055614
ghome,next,0-all w/ similarity,LR.pen=l1.C=1.000000,1,0.896551724138,0.585310484017,0.592036894367,0.588601533807
