dataset,context_set,feature_set,model,test_round,accuracy,precision,recall,f1_score
dstc2,next,0-all w/ similarity,LR.pen=l1.C=1.000000,0,0.854640980736,0.779570521605,0.74132760414,0.756828105754
dstc2,next,0-all w/ similarity,LR.pen=l1.C=1.000000,1,0.817863397548,0.805610639802,0.693214545738,0.725554160689
