dataset,context_set,feature_set,model,test_round,accuracy,precision,recall,f1_score
family,next,0-all w/ similarity,LR.pen=l1.C=1.000000,0,0.866477272727,0.709302885773,0.65640220488,0.678336440036
family,next,0-all w/ similarity,LR.pen=l1.C=1.000000,1,0.900568181818,0.836754057096,0.743058094884,0.780892248937
