dataset,context_set,feature_set,model,test_round,accuracy,precision,recall,f1_score
ghome,next,0-all w/ similarity,LR.pen=l1.C=1.000000,0,0.875478927203,0.679630997651,0.572532528677,0.588706055614
ghome,next,0-all w/ similarity,LR.pen=l1.C=1.000000,1,0.896551724138,0.585310484017,0.592036894367,0.588601533807
