dataset,context_set,feature_set,model,accuracy,precision,recall,f1_score
dstc2,current,14-[1.3.4],LR.pen=l1.C=1.000000,0.657384924359,0.512218282641,0.474272688802,0.47468073866
dstc3,current,14-[1.3.4],LR.pen=l1.C=1.000000,0.639087503345,0.547402517661,0.474718656577,0.484223499779
family,current,14-[1.3.4],LR.pen=l1.C=1.000000,0.733942742341,0.490174419661,0.375888982155,0.39609916546
ghome,current,14-[1.3.4],LR.pen=l1.C=1.000000,0.762572553502,0.468529029975,0.354313893869,0.37749520485
