dataset,context_set,feature_set,model,accuracy,precision,recall,f1_score
dstc2,next,13-[8+1.3.4],LR.pen=l1.C=1.000000,0.804762676103,0.727712971141,0.679165351496,0.695436836367
dstc3,next,13-[8+1.3.4],LR.pen=l1.C=1.000000,0.782382369994,0.702675703568,0.670252377282,0.682671093945
family,next,13-[8+1.3.4],LR.pen=l1.C=1.000000,0.843654256655,0.689698857037,0.644636233741,0.661301278437
ghome,next,13-[8+1.3.4],LR.pen=l1.C=1.000000,0.879604792447,0.651338112629,0.605069633193,0.619866088273
