dataset,context_set,feature_set,model,accuracy,precision,recall,f1_score
dstc2,next,9-[2+1.3.4],LR.pen=l1.C=2.000000,0.840634178706,0.777492190648,0.71266691334,0.733357189674
dstc3,next,9-[2+1.3.4],LR.pen=l1.C=2.000000,0.80776792882,0.735931715011,0.68609434016,0.704314449136
family,next,9-[2+1.3.4],LR.pen=l1.C=2.000000,0.86959536665,0.734643959158,0.690937276374,0.706885454669
ghome,next,9-[2+1.3.4],LR.pen=l1.C=2.000000,0.893341588874,0.72713745881,0.601400498128,0.629383198799
